2026-07-02 10:13:19 | INFO     | main:3 | 🎬 [WORKER] Hệ thống Logger toàn cục theo phiên đã kích hoạt!
2026-07-02 10:13:25 | DEBUG    | __init__:347 | matplotlib data path: C:\Users\Admin\AppData\Local\Programs\Python\Python312\Lib\site-packages\matplotlib\mpl-data
2026-07-02 10:13:25 | DEBUG    | __init__:347 | CONFIGDIR=C:\Users\Admin\.matplotlib
2026-07-02 10:13:25 | DEBUG    | __init__:1564 | interactive is False
2026-07-02 10:13:25 | DEBUG    | __init__:1565 | platform is win32
2026-07-02 10:13:26 | DEBUG    | __init__:347 | CACHEDIR=C:\Users\Admin\.matplotlib
2026-07-02 10:13:26 | DEBUG    | font_manager:1843 | Using fontManager instance from C:\Users\Admin\.matplotlib\fontlist-v3.11.0.json
2026-07-02 10:13:26 | DEBUG    | loader:96 | Environment variable FAISS_OPT_LEVEL is not set, so let's pick the instruction set according to the current CPU
2026-07-02 10:13:26 | INFO     | loader:132 | Loading faiss with AVX2 support.
2026-07-02 10:13:26 | INFO     | loader:137 | Could not load library with AVX2 support due to:
ModuleNotFoundError("No module named 'faiss.swigfaiss_avx2'")
2026-07-02 10:13:26 | INFO     | loader:156 | Loading faiss.
2026-07-02 10:13:26 | INFO     | loader:158 | Successfully loaded faiss.
2026-07-02 10:13:26 | INFO     | main:3 | 🎬 [WORKER] Hệ thống Logger toàn cục theo phiên đã kích hoạt!
2026-07-02 10:13:32 | DEBUG    | __init__:347 | matplotlib data path: C:\Users\Admin\AppData\Local\Programs\Python\Python312\Lib\site-packages\matplotlib\mpl-data
2026-07-02 10:13:32 | DEBUG    | __init__:347 | CONFIGDIR=C:\Users\Admin\.matplotlib
2026-07-02 10:13:32 | DEBUG    | __init__:1564 | interactive is False
2026-07-02 10:13:32 | DEBUG    | __init__:1565 | platform is win32
2026-07-02 10:13:32 | DEBUG    | __init__:347 | CACHEDIR=C:\Users\Admin\.matplotlib
2026-07-02 10:13:32 | DEBUG    | font_manager:1843 | Using fontManager instance from C:\Users\Admin\.matplotlib\fontlist-v3.11.0.json
2026-07-02 10:13:32 | DEBUG    | loader:96 | Environment variable FAISS_OPT_LEVEL is not set, so let's pick the instruction set according to the current CPU
2026-07-02 10:13:32 | INFO     | loader:132 | Loading faiss with AVX2 support.
2026-07-02 10:13:32 | INFO     | loader:137 | Could not load library with AVX2 support due to:
ModuleNotFoundError("No module named 'faiss.swigfaiss_avx2'")
2026-07-02 10:13:32 | INFO     | loader:156 | Loading faiss.
2026-07-02 10:13:32 | INFO     | loader:158 | Successfully loaded faiss.
2026-07-02 10:13:34 | INFO     | main:63 | 
=======================================================
2026-07-02 10:13:34 | INFO     | main:64 | 🤖 WORKER YOLO AI ĐÃ SẴN SÀNG - ĐANG CHỜ MASTER GIAO VIỆC
2026-07-02 10:13:34 | INFO     | main:65 | =======================================================

2026-07-02 10:13:34 | DEBUG    | proactor_events:634 | Using proactor: IocpProactor
2026-07-02 10:13:34 | INFO     | heartbeat_service:68 | 💓 [Heartbeat Service] Đã kích hoạt máy đo nhịp tim chạy ngầm...
2026-07-02 10:13:35 | DEBUG    | heartbeat_service:58 | 💓 Nhịp tim gửi Master: {'server_id': 'SV_004', 'cpu_usage': 17.2, 'has_gpu': True, 'gpu_usage': 0, 'vram_free_gb': 3.87, 'max_cam': 2}
2026-07-02 10:13:35 | DEBUG    | connectionpool:241 | Starting new HTTP connection (1): 10.40.91.11:5000
2026-07-02 10:13:35 | DEBUG    | connectionpool:544 | http://10.40.91.11:5000 "POST /api/heartbeat HTTP/1.1" 200 68
2026-07-02 10:13:40 | DEBUG    | cameras_router:55 | 
🛑 Nhận lệnh Sync từ Master! Đang dọn dẹp 0 luồng YOLO cũ...
2026-07-02 10:13:42 | DEBUG    | heartbeat_service:58 | 💓 Nhịp tim gửi Master: {'server_id': 'SV_004', 'cpu_usage': 19.2, 'has_gpu': True, 'gpu_usage': 0, 'vram_free_gb': 3.87, 'max_cam': 2}
2026-07-02 10:13:42 | DEBUG    | connectionpool:241 | Starting new HTTP connection (1): 10.40.91.11:5000
2026-07-02 10:13:42 | DEBUG    | connectionpool:544 | http://10.40.91.11:5000 "POST /api/heartbeat HTTP/1.1" 200 68
2026-07-02 10:13:42 | DEBUG    | cameras_router:85 | ✅ [OK] Camera cam_001 - Luồng hình ảnh ổn định.
2026-07-02 10:13:43 | DEBUG    | cameras_router:85 | ✅ [OK] Camera cam_002 - Luồng hình ảnh ổn định.
2026-07-02 10:13:43 | INFO     | cameras_router:106 | 📊 [CHIA LÔ] Tổng: 2 Cam. Số YOLO gánh: 2 Process. Mỗi YOLO gánh: 1 Cam.
2026-07-02 10:13:43 | DEBUG    | cameras_router:30 | 🚀 BẮT ĐẦU CHIA LÔ CHO 2 CAMERA (Tối ưu: 1 Cam/1 YOLO) 🚀
2026-07-02 10:13:44 | INFO     | main:3 | 🎬 [WORKER] Hệ thống Logger toàn cục theo phiên đã kích hoạt!
2026-07-02 10:13:48 | DEBUG    | heartbeat_service:58 | 💓 Nhịp tim gửi Master: {'server_id': 'SV_004', 'cpu_usage': 54.2, 'has_gpu': True, 'gpu_usage': 0, 'vram_free_gb': 3.87, 'max_cam': 2}
2026-07-02 10:13:48 | DEBUG    | connectionpool:241 | Starting new HTTP connection (1): 10.40.91.11:5000
2026-07-02 10:13:48 | DEBUG    | connectionpool:544 | http://10.40.91.11:5000 "POST /api/heartbeat HTTP/1.1" 200 68
2026-07-02 10:13:55 | DEBUG    | heartbeat_service:58 | 💓 Nhịp tim gửi Master: {'server_id': 'SV_004', 'cpu_usage': 49.5, 'has_gpu': True, 'gpu_usage': 0, 'vram_free_gb': 3.87, 'max_cam': 2}
2026-07-02 10:13:55 | DEBUG    | connectionpool:241 | Starting new HTTP connection (1): 10.40.91.11:5000
2026-07-02 10:13:55 | DEBUG    | connectionpool:544 | http://10.40.91.11:5000 "POST /api/heartbeat HTTP/1.1" 200 68
2026-07-02 10:13:56 | DEBUG    | __init__:347 | matplotlib data path: C:\Users\Admin\AppData\Local\Programs\Python\Python312\Lib\site-packages\matplotlib\mpl-data
2026-07-02 10:13:56 | DEBUG    | __init__:347 | CONFIGDIR=C:\Users\Admin\.matplotlib
2026-07-02 10:13:56 | DEBUG    | __init__:1564 | interactive is False
2026-07-02 10:13:56 | DEBUG    | __init__:1565 | platform is win32
2026-07-02 10:13:57 | DEBUG    | __init__:347 | CACHEDIR=C:\Users\Admin\.matplotlib
2026-07-02 10:13:57 | DEBUG    | font_manager:1843 | Using fontManager instance from C:\Users\Admin\.matplotlib\fontlist-v3.11.0.json
2026-07-02 10:13:57 | DEBUG    | loader:96 | Environment variable FAISS_OPT_LEVEL is not set, so let's pick the instruction set according to the current CPU
2026-07-02 10:13:57 | INFO     | loader:132 | Loading faiss with AVX2 support.
2026-07-02 10:13:57 | INFO     | loader:137 | Could not load library with AVX2 support due to:
ModuleNotFoundError("No module named 'faiss.swigfaiss_avx2'")
2026-07-02 10:13:57 | INFO     | loader:156 | Loading faiss.
2026-07-02 10:13:58 | INFO     | loader:158 | Successfully loaded faiss.
2026-07-02 10:13:58 | INFO     | yolo_service:104 | ⚙️ [YOLO SỐ 1] TIẾP NHẬN LÔ...
2026-07-02 10:13:58 | INFO     | main:3 | 🎬 [WORKER] Hệ thống Logger toàn cục theo phiên đã kích hoạt!
2026-07-02 10:13:59 | INFO     | gallery:43 | Loading ONNX model from osnet_x1_0.onnx...
2026-07-02 10:13:59 | INFO     | yolo_service:122 | 🚀 Đang nạp model ReID vào CUDAExecutionProvider...
2026-07-02 10:13:59 | INFO     | yolo_service:131 | 🚀 [YOLO 1] Đang mở luồng cam_001...
2026-07-02 10:13:59 | INFO     | yolo_service:139 | 🚀 [ZMQ] Camera cam_001 đã cầm súng, nhắm thẳng Master tại tcp://10.40.91.11:5558
2026-07-02 10:14:00 | INFO     | yolo_service:163 | 🎥 [START] YOLO bắt đầu ăn VRAM và quét frame cho cam_001...
2026-07-02 10:14:01 | DEBUG    | heartbeat_service:58 | 💓 Nhịp tim gửi Master: {'server_id': 'SV_004', 'cpu_usage': 33.5, 'has_gpu': True, 'gpu_usage': 0, 'vram_free_gb': 3.76, 'max_cam': 2}
2026-07-02 10:14:01 | DEBUG    | connectionpool:241 | Starting new HTTP connection (1): 10.40.91.11:5000
2026-07-02 10:14:01 | DEBUG    | connectionpool:544 | http://10.40.91.11:5000 "POST /api/heartbeat HTTP/1.1" 200 68
2026-07-02 10:14:04 | DEBUG    | yolo_service:199 | [cam_001] Thời gian xử lý frame 3764.92ms
2026-07-02 10:14:04 | DEBUG    | yolo_service:199 | [cam_001] Thời gian xử lý frame 15.95ms
2026-07-02 10:14:04 | DEBUG    | yolo_service:199 | [cam_001] Thời gian xử lý frame 16.34ms
2026-07-02 10:14:04 | DEBUG    | yolo_service:199 | [cam_001] Thời gian xử lý frame 83.21ms
2026-07-02 10:14:04 | DEBUG    | yolo_service:199 | [cam_001] Thời gian xử lý frame 162.90ms
2026-07-02 10:14:04 | DEBUG    | yolo_service:199 | [cam_001] Thời gian xử lý frame 15.88ms
2026-07-02 10:14:04 | DEBUG    | yolo_service:199 | [cam_001] Thời gian xử lý frame 90.66ms
2026-07-02 10:14:04 | DEBUG    | yolo_service:199 | [cam_001] Thời gian xử lý frame 93.57ms
2026-07-02 10:14:04 | DEBUG    | yolo_service:199 | [cam_001] Thời gian xử lý frame 21.13ms
2026-07-02 10:14:05 | DEBUG    | yolo_service:199 | [cam_001] Thời gian xử lý frame 19.35ms
2026-07-02 10:14:05 | DEBUG    | yolo_service:199 | [cam_001] Thời gian xử lý frame 151.16ms
2026-07-02 10:14:05 | DEBUG    | yolo_service:199 | [cam_001] Thời gian xử lý frame 16.22ms
2026-07-02 10:14:05 | DEBUG    | yolo_service:199 | [cam_001] Thời gian xử lý frame 81.04ms
2026-07-02 10:14:05 | DEBUG    | yolo_service:199 | [cam_001] Thời gian xử lý frame 82.34ms
2026-07-02 10:14:05 | DEBUG    | yolo_service:199 | [cam_001] Thời gian xử lý frame 18.60ms
2026-07-02 10:14:05 | DEBUG    | yolo_service:199 | [cam_001] Thời gian xử lý frame 85.22ms
2026-07-02 10:14:05 | DEBUG    | yolo_service:199 | [cam_001] Thời gian xử lý frame 87.41ms
2026-07-02 10:14:05 | DEBUG    | yolo_service:199 | [cam_001] Thời gian xử lý frame 85.53ms
2026-07-02 10:14:05 | DEBUG    | yolo_service:199 | [cam_001] Thời gian xử lý frame 87.17ms
2026-07-02 10:14:05 | DEBUG    | yolo_service:199 | [cam_001] Thời gian xử lý frame 86.23ms
2026-07-02 10:14:05 | DEBUG    | yolo_service:199 | [cam_001] Thời gian xử lý frame 97.36ms
2026-07-02 10:14:05 | DEBUG    | yolo_service:199 | [cam_001] Thời gian xử lý frame 35.92ms
2026-07-02 10:14:06 | DEBUG    | yolo_service:199 | [cam_001] Thời gian xử lý frame 84.76ms
2026-07-02 10:14:06 | DEBUG    | yolo_service:199 | [cam_001] Thời gian xử lý frame 154.03ms
2026-07-02 10:14:06 | DEBUG    | yolo_service:199 | [cam_001] Thời gian xử lý frame 81.74ms
2026-07-02 10:14:06 | DEBUG    | yolo_service:199 | [cam_001] Thời gian xử lý frame 83.76ms
2026-07-02 10:14:06 | DEBUG    | yolo_service:199 | [cam_001] Thời gian xử lý frame 16.19ms
2026-07-02 10:14:06 | DEBUG    | yolo_service:199 | [cam_001] Thời gian xử lý frame 83.20ms
2026-07-02 10:14:06 | DEBUG    | yolo_service:199 | [cam_001] Thời gian xử lý frame 83.39ms
2026-07-02 10:14:06 | DEBUG    | yolo_service:199 | [cam_001] Thời gian xử lý frame 79.81ms
2026-07-02 10:14:06 | DEBUG    | yolo_service:199 | [cam_001] Thời gian xử lý frame 27.05ms
2026-07-02 10:14:06 | DEBUG    | yolo_service:199 | [cam_001] Thời gian xử lý frame 149.55ms
2026-07-02 10:14:06 | DEBUG    | yolo_service:199 | [cam_001] Thời gian xử lý frame 89.53ms
2026-07-02 10:14:06 | DEBUG    | yolo_service:199 | [cam_001] Thời gian xử lý frame 82.23ms
2026-07-02 10:14:06 | DEBUG    | yolo_service:199 | [cam_001] Thời gian xử lý frame 15.02ms
2026-07-02 10:14:07 | DEBUG    | yolo_service:199 | [cam_001] Thời gian xử lý frame 80.18ms
2026-07-02 10:14:07 | DEBUG    | yolo_service:199 | [cam_001] Thời gian xử lý frame 88.26ms
2026-07-02 10:14:07 | DEBUG    | yolo_service:199 | [cam_001] Thời gian xử lý frame 29.32ms
2026-07-02 10:14:07 | DEBUG    | yolo_service:199 | [cam_001] Thời gian xử lý frame 81.09ms
2026-07-02 10:14:07 | DEBUG    | yolo_service:199 | [cam_001] Thời gian xử lý frame 80.35ms
2026-07-02 10:14:07 | DEBUG    | yolo_service:199 | [cam_001] Thời gian xử lý frame 82.69ms
2026-07-02 10:14:07 | DEBUG    | yolo_service:199 | [cam_001] Thời gian xử lý frame 160.68ms
2026-07-02 10:14:07 | DEBUG    | yolo_service:199 | [cam_001] Thời gian xử lý frame 90.37ms
2026-07-02 10:14:07 | DEBUG    | yolo_service:199 | [cam_001] Thời gian xử lý frame 83.46ms
2026-07-02 10:14:07 | DEBUG    | yolo_service:199 | [cam_001] Thời gian xử lý frame 14.20ms
2026-07-02 10:14:07 | DEBUG    | yolo_service:199 | [cam_001] Thời gian xử lý frame 81.51ms
2026-07-02 10:14:07 | DEBUG    | yolo_service:199 | [cam_001] Thời gian xử lý frame 82.05ms
2026-07-02 10:14:07 | DEBUG    | heartbeat_service:58 | 💓 Nhịp tim gửi Master: {'server_id': 'SV_004', 'cpu_usage': 71.6, 'has_gpu': True, 'gpu_usage': 0, 'vram_free_gb': 3.69, 'max_cam': 2}
2026-07-02 10:14:07 | DEBUG    | connectionpool:241 | Starting new HTTP connection (1): 10.40.91.11:5000
2026-07-02 10:14:07 | DEBUG    | connectionpool:544 | http://10.40.91.11:5000 "POST /api/heartbeat HTTP/1.1" 200 68
2026-07-02 10:14:08 | DEBUG    | yolo_service:199 | [cam_001] Thời gian xử lý frame 83.27ms
2026-07-02 10:14:08 | DEBUG    | yolo_service:199 | [cam_001] Thời gian xử lý frame 157.69ms
2026-07-02 10:14:08 | DEBUG    | yolo_service:199 | [cam_001] Thời gian xử lý frame 86.22ms
2026-07-02 10:14:08 | DEBUG    | yolo_service:199 | [cam_001] Thời gian xử lý frame 90.56ms
2026-07-02 10:14:08 | DEBUG    | yolo_service:199 | [cam_001] Thời gian xử lý frame 24.19ms
2026-07-02 10:14:08 | DEBUG    | yolo_service:199 | [cam_001] Thời gian xử lý frame 169.31ms
2026-07-02 10:14:08 | DEBUG    | yolo_service:199 | [cam_001] Thời gian xử lý frame 48.30ms
2026-07-02 10:14:08 | DEBUG    | yolo_service:199 | [cam_001] Thời gian xử lý frame 14.40ms
2026-07-02 10:14:08 | DEBUG    | yolo_service:199 | [cam_001] Thời gian xử lý frame 271.03ms
2026-07-02 10:14:08 | DEBUG    | yolo_service:199 | [cam_001] Thời gian xử lý frame 64.25ms
2026-07-02 10:14:08 | DEBUG    | yolo_service:199 | [cam_001] Thời gian xử lý frame 35.15ms
2026-07-02 10:14:09 | DEBUG    | yolo_service:199 | [cam_001] Thời gian xử lý frame 83.74ms
2026-07-02 10:14:09 | DEBUG    | yolo_service:199 | [cam_001] Thời gian xử lý frame 85.52ms
2026-07-02 10:14:09 | DEBUG    | yolo_service:199 | [cam_001] Thời gian xử lý frame 83.61ms
2026-07-02 10:14:09 | DEBUG    | yolo_service:199 | [cam_001] Thời gian xử lý frame 81.48ms
2026-07-02 10:14:09 | DEBUG    | yolo_service:199 | [cam_001] Thời gian xử lý frame 78.52ms
2026-07-02 10:14:09 | DEBUG    | yolo_service:199 | [cam_001] Thời gian xử lý frame 146.63ms
2026-07-02 10:14:09 | DEBUG    | yolo_service:199 | [cam_001] Thời gian xử lý frame 80.09ms
2026-07-02 10:14:09 | DEBUG    | yolo_service:199 | [cam_001] Thời gian xử lý frame 78.97ms
2026-07-02 10:14:09 | DEBUG    | yolo_service:199 | [cam_001] Thời gian xử lý frame 79.19ms
2026-07-02 10:14:09 | DEBUG    | yolo_service:199 | [cam_001] Thời gian xử lý frame 13.65ms
2026-07-02 10:14:09 | DEBUG    | yolo_service:199 | [cam_001] Thời gian xử lý frame 153.99ms
2026-07-02 10:14:10 | DEBUG    | yolo_service:199 | [cam_001] Thời gian xử lý frame 87.91ms
2026-07-02 10:14:10 | DEBUG    | yolo_service:199 | [cam_001] Thời gian xử lý frame 86.88ms
2026-07-02 10:14:10 | DEBUG    | yolo_service:199 | [cam_001] Thời gian xử lý frame 22.53ms
2026-07-02 10:14:10 | DEBUG    | yolo_service:199 | [cam_001] Thời gian xử lý frame 89.93ms
2026-07-02 10:14:10 | DEBUG    | yolo_service:199 | [cam_001] Thời gian xử lý frame 85.46ms
2026-07-02 10:14:10 | DEBUG    | yolo_service:199 | [cam_001] Thời gian xử lý frame 20.57ms
2026-07-02 10:14:10 | DEBUG    | yolo_service:199 | [cam_001] Thời gian xử lý frame 87.34ms
2026-07-02 10:14:10 | DEBUG    | yolo_service:199 | [cam_001] Thời gian xử lý frame 88.42ms
2026-07-02 10:14:10 | DEBUG    | yolo_service:199 | [cam_001] Thời gian xử lý frame 20.22ms
2026-07-02 10:14:10 | DEBUG    | yolo_service:199 | [cam_001] Thời gian xử lý frame 92.59ms
2026-07-02 10:14:10 | DEBUG    | yolo_service:199 | [cam_001] Thời gian xử lý frame 86.24ms
2026-07-02 10:14:10 | DEBUG    | yolo_service:199 | [cam_001] Thời gian xử lý frame 22.85ms
2026-07-02 10:14:10 | DEBUG    | yolo_service:199 | [cam_001] Thời gian xử lý frame 93.69ms
2026-07-02 10:14:10 | DEBUG    | yolo_service:199 | [cam_001] Thời gian xử lý frame 88.86ms
2026-07-02 10:14:10 | DEBUG    | yolo_service:199 | [cam_001] Thời gian xử lý frame 24.65ms
2026-07-02 10:14:11 | DEBUG    | yolo_service:199 | [cam_001] Thời gian xử lý frame 92.46ms
2026-07-02 10:14:11 | DEBUG    | yolo_service:199 | [cam_001] Thời gian xử lý frame 87.88ms
2026-07-02 10:14:11 | DEBUG    | yolo_service:199 | [cam_001] Thời gian xử lý frame 95.74ms
2026-07-02 10:14:11 | DEBUG    | yolo_service:199 | [cam_001] Thời gian xử lý frame 89.22ms
2026-07-02 10:14:11 | DEBUG    | yolo_service:199 | [cam_001] Thời gian xử lý frame 24.32ms
2026-07-02 10:14:11 | DEBUG    | yolo_service:199 | [cam_001] Thời gian xử lý frame 91.09ms
2026-07-02 10:14:11 | DEBUG    | yolo_service:199 | [cam_001] Thời gian xử lý frame 93.29ms
2026-07-02 10:14:11 | DEBUG    | yolo_service:199 | [cam_001] Thời gian xử lý frame 25.16ms
2026-07-02 10:14:11 | DEBUG    | __init__:347 | matplotlib data path: C:\Users\Admin\AppData\Local\Programs\Python\Python312\Lib\site-packages\matplotlib\mpl-data
2026-07-02 10:14:11 | DEBUG    | __init__:347 | CONFIGDIR=C:\Users\Admin\.matplotlib
2026-07-02 10:14:11 | DEBUG    | __init__:1564 | interactive is False
2026-07-02 10:14:11 | DEBUG    | __init__:1565 | platform is win32
2026-07-02 10:14:11 | DEBUG    | yolo_service:199 | [cam_001] Thời gian xử lý frame 201.67ms
2026-07-02 10:14:11 | DEBUG    | yolo_service:199 | [cam_001] Thời gian xử lý frame 29.72ms
2026-07-02 10:14:11 | DEBUG    | __init__:347 | CACHEDIR=C:\Users\Admin\.matplotlib
2026-07-02 10:14:11 | DEBUG    | font_manager:1843 | Using fontManager instance from C:\Users\Admin\.matplotlib\fontlist-v3.11.0.json
2026-07-02 10:14:11 | DEBUG    | yolo_service:199 | [cam_001] Thời gian xử lý frame 103.90ms
2026-07-02 10:14:12 | DEBUG    | yolo_service:199 | [cam_001] Thời gian xử lý frame 96.93ms
2026-07-02 10:14:12 | DEBUG    | yolo_service:199 | [cam_001] Thời gian xử lý frame 104.42ms
2026-07-02 10:14:12 | DEBUG    | yolo_service:199 | [cam_001] Thời gian xử lý frame 107.11ms
2026-07-02 10:14:12 | DEBUG    | yolo_service:199 | [cam_001] Thời gian xử lý frame 97.38ms
2026-07-02 10:14:12 | DEBUG    | yolo_service:199 | [cam_001] Thời gian xử lý frame 98.09ms
2026-07-02 10:14:12 | DEBUG    | yolo_service:199 | [cam_001] Thời gian xử lý frame 100.40ms
2026-07-02 10:14:12 | DEBUG    | yolo_service:199 | [cam_001] Thời gian xử lý frame 99.03ms
2026-07-02 10:14:12 | DEBUG    | yolo_service:199 | [cam_001] Thời gian xử lý frame 113.55ms
2026-07-02 10:14:12 | DEBUG    | yolo_service:199 | [cam_001] Thời gian xử lý frame 97.87ms
2026-07-02 10:14:12 | DEBUG    | yolo_service:199 | [cam_001] Thời gian xử lý frame 102.54ms
2026-07-02 10:14:12 | DEBUG    | loader:96 | Environment variable FAISS_OPT_LEVEL is not set, so let's pick the instruction set according to the current CPU
2026-07-02 10:14:12 | INFO     | loader:132 | Loading faiss with AVX2 support.
2026-07-02 10:14:12 | INFO     | loader:137 | Could not load library with AVX2 support due to:
ModuleNotFoundError("No module named 'faiss.swigfaiss_avx2'")
2026-07-02 10:14:12 | INFO     | loader:156 | Loading faiss.
2026-07-02 10:14:13 | DEBUG    | yolo_service:199 | [cam_001] Thời gian xử lý frame 53.01ms
2026-07-02 10:14:13 | INFO     | loader:158 | Successfully loaded faiss.
2026-07-02 10:14:13 | DEBUG    | yolo_service:199 | [cam_001] Thời gian xử lý frame 33.02ms
2026-07-02 10:14:13 | DEBUG    | yolo_service:199 | [cam_001] Thời gian xử lý frame 106.89ms
2026-07-02 10:14:13 | DEBUG    | yolo_service:199 | [cam_001] Thời gian xử lý frame 39.01ms
2026-07-02 10:14:13 | DEBUG    | yolo_service:199 | [cam_001] Thời gian xử lý frame 102.82ms
2026-07-02 10:14:13 | DEBUG    | yolo_service:199 | [cam_001] Thời gian xử lý frame 39.95ms
2026-07-02 10:14:13 | DEBUG    | yolo_service:199 | [cam_001] Thời gian xử lý frame 100.43ms
2026-07-02 10:14:13 | INFO     | yolo_service:104 | ⚙️ [YOLO SỐ 2] TIẾP NHẬN LÔ...
2026-07-02 10:14:13 | INFO     | gallery:43 | Loading ONNX model from osnet_x1_0.onnx...
2026-07-02 10:14:13 | DEBUG    | yolo_service:199 | [cam_001] Thời gian xử lý frame 115.27ms
2026-07-02 10:14:13 | DEBUG    | yolo_service:199 | [cam_001] Thời gian xử lý frame 46.03ms
2026-07-02 10:14:13 | DEBUG    | yolo_service:199 | [cam_001] Thời gian xử lý frame 49.09ms
2026-07-02 10:14:13 | DEBUG    | yolo_service:199 | [cam_001] Thời gian xử lý frame 83.15ms
2026-07-02 10:14:13 | DEBUG    | yolo_service:199 | [cam_001] Thời gian xử lý frame 25.88ms
2026-07-02 10:14:13 | DEBUG    | yolo_service:199 | [cam_001] Thời gian xử lý frame 92.09ms
2026-07-02 10:14:13 | DEBUG    | yolo_service:199 | [cam_001] Thời gian xử lý frame 95.76ms
2026-07-02 10:14:13 | DEBUG    | yolo_service:199 | [cam_001] Thời gian xử lý frame 43.05ms
2026-07-02 10:14:14 | DEBUG    | yolo_service:199 | [cam_001] Thời gian xử lý frame 26.66ms
2026-07-02 10:14:14 | INFO     | yolo_service:122 | 🚀 Đang nạp model ReID vào CUDAExecutionProvider...
2026-07-02 10:14:14 | DEBUG    | heartbeat_service:58 | 💓 Nhịp tim gửi Master: {'server_id': 'SV_004', 'cpu_usage': 52.1, 'has_gpu': True, 'gpu_usage': 0, 'vram_free_gb': 3.69, 'max_cam': 2}
2026-07-02 10:14:14 | DEBUG    | connectionpool:241 | Starting new HTTP connection (1): 10.40.91.11:5000
2026-07-02 10:14:14 | DEBUG    | connectionpool:544 | http://10.40.91.11:5000 "POST /api/heartbeat HTTP/1.1" 200 68
2026-07-02 10:14:14 | INFO     | yolo_service:131 | 🚀 [YOLO 2] Đang mở luồng cam_002...
2026-07-02 10:14:14 | INFO     | yolo_service:139 | 🚀 [ZMQ] Camera cam_002 đã cầm súng, nhắm thẳng Master tại tcp://10.40.91.11:5558
2026-07-02 10:14:15 | INFO     | yolo_service:163 | 🎥 [START] YOLO bắt đầu ăn VRAM và quét frame cho cam_002...
2026-07-02 10:14:15 | DEBUG    | yolo_service:199 | [cam_001] Thời gian xử lý frame 1893.68ms
2026-07-02 10:14:15 | DEBUG    | yolo_service:199 | [cam_001] Thời gian xử lý frame 27.52ms
2026-07-02 10:14:15 | DEBUG    | yolo_service:199 | [cam_001] Thời gian xử lý frame 26.65ms
2026-07-02 10:14:16 | DEBUG    | yolo_service:199 | [cam_001] Thời gian xử lý frame 84.31ms
2026-07-02 10:14:16 | INFO     | gallery:233 | REID: thêm dáng vẻ mới cho global_id=0 (2/3 slot)
2026-07-02 10:14:16 | DEBUG    | yolo_service:199 | [cam_001] Thời gian xử lý frame 119.81ms
2026-07-02 10:14:16 | DEBUG    | yolo_service:199 | [cam_001] Thời gian xử lý frame 48.22ms
2026-07-02 10:14:16 | DEBUG    | yolo_service:199 | [cam_001] Thời gian xử lý frame 116.09ms
2026-07-02 10:14:16 | DEBUG    | yolo_service:199 | [cam_001] Thời gian xử lý frame 24.62ms
2026-07-02 10:14:16 | DEBUG    | yolo_service:199 | [cam_001] Thời gian xử lý frame 89.22ms
2026-07-02 10:14:16 | DEBUG    | yolo_service:199 | [cam_001] Thời gian xử lý frame 95.96ms
2026-07-02 10:14:16 | DEBUG    | yolo_service:199 | [cam_001] Thời gian xử lý frame 62.22ms
2026-07-02 10:14:16 | DEBUG    | yolo_service:199 | [cam_001] Thời gian xử lý frame 53.02ms
2026-07-02 10:14:16 | DEBUG    | yolo_service:199 | [cam_001] Thời gian xử lý frame 117.40ms
2026-07-02 10:14:16 | DEBUG    | yolo_service:199 | [cam_001] Thời gian xử lý frame 46.07ms
2026-07-02 10:14:16 | DEBUG    | yolo_service:199 | [cam_001] Thời gian xử lý frame 117.77ms
2026-07-02 10:14:16 | DEBUG    | yolo_service:199 | [cam_001] Thời gian xử lý frame 40.64ms
2026-07-02 10:14:17 | DEBUG    | yolo_service:199 | [cam_001] Thời gian xử lý frame 46.85ms
2026-07-02 10:14:17 | DEBUG    | yolo_service:199 | [cam_001] Thời gian xử lý frame 160.94ms
2026-07-02 10:14:17 | DEBUG    | yolo_service:199 | [cam_001] Thời gian xử lý frame 46.72ms
2026-07-02 10:14:17 | DEBUG    | yolo_service:199 | [cam_001] Thời gian xử lý frame 113.36ms
2026-07-02 10:14:17 | DEBUG    | yolo_service:199 | [cam_001] Thời gian xử lý frame 43.94ms
2026-07-02 10:14:17 | DEBUG    | yolo_service:199 | [cam_001] Thời gian xử lý frame 41.06ms
2026-07-02 10:14:17 | DEBUG    | yolo_service:199 | [cam_001] Thời gian xử lý frame 124.36ms
2026-07-02 10:14:17 | DEBUG    | yolo_service:199 | [cam_001] Thời gian xử lý frame 48.05ms
2026-07-02 10:14:17 | DEBUG    | yolo_service:199 | [cam_001] Thời gian xử lý frame 42.36ms
2026-07-02 10:14:17 | DEBUG    | yolo_service:199 | [cam_001] Thời gian xử lý frame 134.73ms
2026-07-02 10:14:17 | DEBUG    | yolo_service:199 | [cam_001] Thời gian xử lý frame 40.95ms
2026-07-02 10:14:17 | DEBUG    | yolo_service:199 | [cam_001] Thời gian xử lý frame 86.93ms
2026-07-02 10:14:17 | DEBUG    | yolo_service:199 | [cam_001] Thời gian xử lý frame 43.40ms
2026-07-02 10:14:18 | DEBUG    | yolo_service:199 | [cam_001] Thời gian xử lý frame 38.94ms
2026-07-02 10:14:18 | DEBUG    | yolo_service:199 | [cam_001] Thời gian xử lý frame 119.20ms
2026-07-02 10:14:18 | DEBUG    | yolo_service:199 | [cam_001] Thời gian xử lý frame 23.60ms
2026-07-02 10:14:18 | DEBUG    | yolo_service:199 | [cam_002] Thời gian xử lý frame 2967.07ms
2026-07-02 10:14:18 | DEBUG    | yolo_service:199 | [cam_001] Thời gian xử lý frame 88.82ms
2026-07-02 10:14:18 | DEBUG    | yolo_service:199 | [cam_002] Thời gian xử lý frame 87.56ms
2026-07-02 10:14:18 | DEBUG    | yolo_service:199 | [cam_002] Thời gian xử lý frame 19.35ms
2026-07-02 10:14:18 | DEBUG    | yolo_service:199 | [cam_002] Thời gian xử lý frame 17.08ms
2026-07-02 10:14:18 | DEBUG    | yolo_service:199 | [cam_002] Thời gian xử lý frame 25.04ms
2026-07-02 10:14:18 | DEBUG    | yolo_service:199 | [cam_001] Thời gian xử lý frame 88.51ms
2026-07-02 10:14:18 | DEBUG    | yolo_service:199 | [cam_002] Thời gian xử lý frame 19.12ms
2026-07-02 10:14:18 | DEBUG    | yolo_service:199 | [cam_001] Thời gian xử lý frame 21.29ms
2026-07-02 10:14:18 | DEBUG    | yolo_service:199 | [cam_002] Thời gian xử lý frame 18.39ms
2026-07-02 10:14:18 | DEBUG    | yolo_service:199 | [cam_002] Thời gian xử lý frame 57.08ms
2026-07-02 10:14:18 | DEBUG    | yolo_service:199 | [cam_002] Thời gian xử lý frame 15.66ms
2026-07-02 10:14:18 | DEBUG    | yolo_service:199 | [cam_002] Thời gian xử lý frame 20.05ms
2026-07-02 10:14:18 | DEBUG    | yolo_service:199 | [cam_001] Thời gian xử lý frame 112.61ms
2026-07-02 10:14:18 | DEBUG    | yolo_service:199 | [cam_001] Thời gian xử lý frame 40.52ms
2026-07-02 10:14:18 | DEBUG    | yolo_service:199 | [cam_002] Thời gian xử lý frame 58.37ms
2026-07-02 10:14:18 | DEBUG    | yolo_service:199 | [cam_002] Thời gian xử lý frame 63.01ms
2026-07-02 10:14:18 | DEBUG    | yolo_service:199 | [cam_001] Thời gian xử lý frame 85.99ms
2026-07-02 10:14:18 | DEBUG    | yolo_service:199 | [cam_002] Thời gian xử lý frame 20.53ms
2026-07-02 10:14:18 | DEBUG    | yolo_service:199 | [cam_002] Thời gian xử lý frame 58.45ms
2026-07-02 10:14:18 | DEBUG    | yolo_service:199 | [cam_002] Thời gian xử lý frame 18.08ms
2026-07-02 10:14:18 | DEBUG    | yolo_service:199 | [cam_001] Thời gian xử lý frame 108.95ms
2026-07-02 10:14:18 | DEBUG    | yolo_service:199 | [cam_002] Thời gian xử lý frame 57.70ms
2026-07-02 10:14:18 | DEBUG    | yolo_service:199 | [cam_002] Thời gian xử lý frame 23.78ms
2026-07-02 10:14:18 | DEBUG    | yolo_service:199 | [cam_001] Thời gian xử lý frame 110.10ms
2026-07-02 10:14:18 | DEBUG    | yolo_service:199 | [cam_002] Thời gian xử lý frame 59.51ms
2026-07-02 10:14:18 | DEBUG    | yolo_service:199 | [cam_001] Thời gian xử lý frame 110.50ms
2026-07-02 10:14:18 | DEBUG    | yolo_service:199 | [cam_002] Thời gian xử lý frame 104.05ms
2026-07-02 10:14:18 | DEBUG    | yolo_service:199 | [cam_002] Thời gian xử lý frame 20.11ms
2026-07-02 10:14:18 | DEBUG    | yolo_service:199 | [cam_001] Thời gian xử lý frame 52.21ms
2026-07-02 10:14:19 | DEBUG    | yolo_service:199 | [cam_002] Thời gian xử lý frame 62.29ms
2026-07-02 10:14:19 | DEBUG    | yolo_service:199 | [cam_001] Thời gian xử lý frame 45.06ms
2026-07-02 10:14:19 | DEBUG    | yolo_service:199 | [cam_002] Thời gian xử lý frame 18.38ms
2026-07-02 10:14:19 | DEBUG    | yolo_service:199 | [cam_002] Thời gian xử lý frame 63.92ms
2026-07-02 10:14:19 | DEBUG    | yolo_service:199 | [cam_001] Thời gian xử lý frame 116.12ms
2026-07-02 10:14:19 | DEBUG    | yolo_service:199 | [cam_002] Thời gian xử lý frame 57.70ms
2026-07-02 10:14:19 | DEBUG    | yolo_service:199 | [cam_001] Thời gian xử lý frame 48.00ms
2026-07-02 10:14:19 | DEBUG    | yolo_service:199 | [cam_002] Thời gian xử lý frame 61.19ms
2026-07-02 10:14:19 | DEBUG    | yolo_service:199 | [cam_001] Thời gian xử lý frame 51.22ms
2026-07-02 10:14:19 | DEBUG    | yolo_service:199 | [cam_002] Thời gian xử lý frame 22.90ms
2026-07-02 10:14:19 | DEBUG    | yolo_service:199 | [cam_002] Thời gian xử lý frame 58.78ms
2026-07-02 10:14:19 | DEBUG    | yolo_service:199 | [cam_001] Thời gian xử lý frame 115.24ms
2026-07-02 10:14:19 | DEBUG    | yolo_service:199 | [cam_002] Thời gian xử lý frame 63.68ms
2026-07-02 10:14:19 | DEBUG    | yolo_service:199 | [cam_001] Thời gian xử lý frame 50.22ms
2026-07-02 10:14:19 | DEBUG    | yolo_service:199 | [cam_002] Thời gian xử lý frame 58.65ms
2026-07-02 10:14:19 | DEBUG    | yolo_service:199 | [cam_002] Thời gian xử lý frame 19.64ms
2026-07-02 10:14:19 | DEBUG    | yolo_service:199 | [cam_001] Thời gian xử lý frame 47.02ms
2026-07-02 10:14:19 | DEBUG    | yolo_service:199 | [cam_002] Thời gian xử lý frame 56.48ms
2026-07-02 10:14:19 | DEBUG    | yolo_service:199 | [cam_002] Thời gian xử lý frame 16.92ms
2026-07-02 10:14:19 | DEBUG    | yolo_service:199 | [cam_001] Thời gian xử lý frame 108.19ms
2026-07-02 10:14:19 | DEBUG    | yolo_service:199 | [cam_002] Thời gian xử lý frame 56.33ms
2026-07-02 10:14:19 | DEBUG    | yolo_service:199 | [cam_002] Thời gian xử lý frame 58.39ms
2026-07-02 10:14:19 | DEBUG    | yolo_service:199 | [cam_002] Thời gian xử lý frame 17.72ms
2026-07-02 10:14:19 | DEBUG    | yolo_service:199 | [cam_001] Thời gian xử lý frame 112.05ms
2026-07-02 10:14:19 | DEBUG    | yolo_service:199 | [cam_002] Thời gian xử lý frame 20.30ms
2026-07-02 10:14:19 | DEBUG    | yolo_service:199 | [cam_002] Thời gian xử lý frame 58.25ms
2026-07-02 10:14:19 | DEBUG    | yolo_service:199 | [cam_002] Thời gian xử lý frame 20.18ms
2026-07-02 10:14:19 | DEBUG    | yolo_service:199 | [cam_001] Thời gian xử lý frame 112.35ms
2026-07-02 10:14:19 | DEBUG    | yolo_service:199 | [cam_002] Thời gian xử lý frame 57.46ms
2026-07-02 10:14:19 | DEBUG    | yolo_service:199 | [cam_001] Thời gian xử lý frame 43.58ms
2026-07-02 10:14:19 | DEBUG    | yolo_service:199 | [cam_002] Thời gian xử lý frame 18.27ms
2026-07-02 10:14:19 | DEBUG    | yolo_service:199 | [cam_002] Thời gian xử lý frame 57.79ms
2026-07-02 10:14:19 | DEBUG    | yolo_service:199 | [cam_001] Thời gian xử lý frame 115.63ms
2026-07-02 10:14:19 | DEBUG    | yolo_service:199 | [cam_002] Thời gian xử lý frame 57.75ms
2026-07-02 10:14:20 | DEBUG    | yolo_service:199 | [cam_002] Thời gian xử lý frame 21.97ms
2026-07-02 10:14:20 | DEBUG    | yolo_service:199 | [cam_001] Thời gian xử lý frame 54.68ms
2026-07-02 10:14:20 | DEBUG    | yolo_service:199 | [cam_002] Thời gian xử lý frame 63.96ms
2026-07-02 10:14:20 | DEBUG    | yolo_service:199 | [cam_001] Thời gian xử lý frame 43.96ms
2026-07-02 10:14:20 | DEBUG    | yolo_service:199 | [cam_002] Thời gian xử lý frame 56.89ms
2026-07-02 10:14:20 | DEBUG    | yolo_service:199 | [cam_002] Thời gian xử lý frame 22.96ms
2026-07-02 10:14:20 | DEBUG    | yolo_service:199 | [cam_001] Thời gian xử lý frame 124.49ms
2026-07-02 10:14:20 | DEBUG    | yolo_service:199 | [cam_002] Thời gian xử lý frame 67.60ms
2026-07-02 10:14:20 | DEBUG    | heartbeat_service:58 | 💓 Nhịp tim gửi Master: {'server_id': 'SV_004', 'cpu_usage': 70.2, 'has_gpu': True, 'gpu_usage': 0, 'vram_free_gb': 3.47, 'max_cam': 2}
2026-07-02 10:14:20 | DEBUG    | connectionpool:241 | Starting new HTTP connection (1): 10.40.91.11:5000
2026-07-02 10:14:20 | DEBUG    | connectionpool:544 | http://10.40.91.11:5000 "POST /api/heartbeat HTTP/1.1" 200 68
2026-07-02 10:14:20 | DEBUG    | yolo_service:199 | [cam_001] Thời gian xử lý frame 79.79ms
2026-07-02 10:14:20 | DEBUG    | yolo_service:199 | [cam_002] Thời gian xử lý frame 46.76ms
2026-07-02 10:14:20 | DEBUG    | yolo_service:199 | [cam_002] Thời gian xử lý frame 56.95ms
2026-07-02 10:14:20 | DEBUG    | yolo_service:199 | [cam_001] Thời gian xử lý frame 110.78ms
2026-07-02 10:14:20 | DEBUG    | yolo_service:199 | [cam_002] Thời gian xử lý frame 60.61ms
2026-07-02 10:14:20 | DEBUG    | yolo_service:199 | [cam_001] Thời gian xử lý frame 49.35ms
2026-07-02 10:14:20 | DEBUG    | yolo_service:199 | [cam_002] Thời gian xử lý frame 55.90ms
2026-07-02 10:14:20 | DEBUG    | yolo_service:199 | [cam_002] Thời gian xử lý frame 58.38ms
2026-07-02 10:14:20 | DEBUG    | yolo_service:199 | [cam_002] Thời gian xử lý frame 14.63ms
2026-07-02 10:14:20 | DEBUG    | yolo_service:199 | [cam_001] Thời gian xử lý frame 105.49ms
2026-07-02 10:14:20 | DEBUG    | yolo_service:199 | [cam_001] Thời gian xử lý frame 44.61ms
2026-07-02 10:14:20 | DEBUG    | yolo_service:199 | [cam_002] Thời gian xử lý frame 61.43ms
2026-07-02 10:14:20 | DEBUG    | yolo_service:199 | [cam_001] Thời gian xử lý frame 34.45ms
2026-07-02 10:14:20 | DEBUG    | yolo_service:199 | [cam_001] Thời gian xử lý frame 111.81ms
2026-07-02 10:14:20 | DEBUG    | yolo_service:199 | [cam_002] Thời gian xử lý frame 144.99ms
2026-07-02 10:14:20 | DEBUG    | yolo_service:199 | [cam_002] Thời gian xử lý frame 26.08ms
2026-07-02 10:14:20 | DEBUG    | yolo_service:199 | [cam_002] Thời gian xử lý frame 19.80ms
2026-07-02 10:14:20 | DEBUG    | yolo_service:199 | [cam_002] Thời gian xử lý frame 20.03ms
2026-07-02 10:14:20 | DEBUG    | yolo_service:199 | [cam_002] Thời gian xử lý frame 22.58ms
2026-07-02 10:14:20 | DEBUG    | yolo_service:199 | [cam_001] Thời gian xử lý frame 109.78ms
2026-07-02 10:14:20 | DEBUG    | yolo_service:199 | [cam_002] Thời gian xử lý frame 16.97ms
2026-07-02 10:14:20 | DEBUG    | yolo_service:199 | [cam_002] Thời gian xử lý frame 55.30ms
2026-07-02 10:14:20 | DEBUG    | yolo_service:199 | [cam_002] Thời gian xử lý frame 20.78ms
2026-07-02 10:14:20 | DEBUG    | yolo_service:199 | [cam_001] Thời gian xử lý frame 112.10ms
2026-07-02 10:14:21 | DEBUG    | yolo_service:199 | [cam_002] Thời gian xử lý frame 59.57ms
2026-07-02 10:14:21 | DEBUG    | yolo_service:199 | [cam_001] Thời gian xử lý frame 42.51ms
2026-07-02 10:14:21 | DEBUG    | yolo_service:199 | [cam_002] Thời gian xử lý frame 23.55ms
2026-07-02 10:14:21 | DEBUG    | yolo_service:199 | [cam_001] Thời gian xử lý frame 41.34ms
2026-07-02 10:14:21 | DEBUG    | yolo_service:199 | [cam_002] Thời gian xử lý frame 56.21ms
2026-07-02 10:14:21 | DEBUG    | yolo_service:199 | [cam_002] Thời gian xử lý frame 15.16ms
2026-07-02 10:14:21 | DEBUG    | yolo_service:199 | [cam_002] Thời gian xử lý frame 60.50ms

2026-07-02 10:14:21 | DEBUG    | yolo_service:199 | [cam_002] Thời gian xử lý frame 22.64ms
2026-07-02 10:14:21 | DEBUG    | yolo_service:199 | [cam_001] Thời gian xử lý frame 47.95ms
2026-07-02 10:14:21 | DEBUG    | yolo_service:199 | [cam_002] Thời gian xử lý frame 65.61ms
2026-07-02 10:14:21 | DEBUG    | yolo_service:199 | [cam_001] Thời gian xử lý frame 42.42ms
2026-07-02 10:14:21 | DEBUG    | yolo_service:199 | [cam_002] Thời gian xử lý frame 17.98ms
2026-07-02 10:14:21 | DEBUG    | yolo_service:199 | [cam_002] Thời gian xử lý frame 61.04ms
2026-07-02 10:14:21 | DEBUG    | yolo_service:199 | [cam_002] Thời gian xử lý frame 25.95ms
2026-07-02 10:14:21 | DEBUG    | yolo_service:199 | [cam_001] Thời gian xử lý frame 114.65ms
2026-07-02 10:14:21 | DEBUG    | yolo_service:199 | [cam_002] Thời gian xử lý frame 21.85ms
2026-07-02 10:14:21 | DEBUG    | yolo_service:199 | [cam_001] Thời gian xử lý frame 45.91ms
2026-07-02 10:14:21 | DEBUG    | yolo_service:199 | [cam_002] Thời gian xử lý frame 65.15ms
2026-07-02 10:14:21 | DEBUG    | yolo_service:199 | [cam_001] Thời gian xử lý frame 45.98ms
2026-07-02 10:14:21 | DEBUG    | yolo_service:199 | [cam_002] Thời gian xử lý frame 22.51ms
2026-07-02 10:14:21 | DEBUG    | yolo_service:199 | [cam_002] Thời gian xử lý frame 57.13ms
2026-07-02 10:14:21 | DEBUG    | yolo_service:199 | [cam_002] Thời gian xử lý frame 23.76ms
2026-07-02 10:14:21 | DEBUG    | yolo_service:199 | [cam_001] Thời gian xử lý frame 110.84ms
2026-07-02 10:14:21 | DEBUG    | yolo_service:199 | [cam_002] Thời gian xử lý frame 61.87ms
2026-07-02 10:14:21 | DEBUG    | yolo_service:199 | [cam_001] Thời gian xử lý frame 42.24ms
2026-07-02 10:14:21 | DEBUG    | yolo_service:199 | [cam_002] Thời gian xử lý frame 24.62ms
2026-07-02 10:14:21 | DEBUG    | yolo_service:199 | [cam_001] Thời gian xử lý frame 44.20ms
2026-07-02 10:14:21 | DEBUG    | yolo_service:199 | [cam_002] Thời gian xử lý frame 56.14ms
2026-07-02 10:14:21 | DEBUG    | yolo_service:199 | [cam_002] Thời gian xử lý frame 67.23ms
2026-07-02 10:14:21 | DEBUG    | yolo_service:199 | [cam_001] Thời gian xử lý frame 119.04ms
2026-07-02 10:14:21 | DEBUG    | yolo_service:199 | [cam_001] Thời gian xử lý frame 42.75ms
2026-07-02 10:14:21 | DEBUG    | yolo_service:199 | [cam_002] Thời gian xử lý frame 65.11ms
2026-07-02 10:14:21 | DEBUG    | yolo_service:199 | [cam_002] Thời gian xử lý frame 26.48ms
2026-07-02 10:14:21 | DEBUG    | yolo_service:199 | [cam_001] Thời gian xử lý frame 114.22ms
2026-07-02 10:14:21 | DEBUG    | yolo_service:199 | [cam_002] Thời gian xử lý frame 64.54ms
2026-07-02 10:14:22 | DEBUG    | yolo_service:199 | [cam_002] Thời gian xử lý frame 22.93ms
2026-07-02 10:14:22 | DEBUG    | yolo_service:199 | [cam_002] Thời gian xử lý frame 23.47ms
2026-07-02 10:14:22 | DEBUG    | yolo_service:199 | [cam_002] Thời gian xử lý frame 17.17ms
2026-07-02 10:14:22 | DEBUG    | yolo_service:199 | [cam_001] Thời gian xử lý frame 112.33ms
2026-07-02 10:14:22 | DEBUG    | yolo_service:199 | [cam_002] Thời gian xử lý frame 62.26ms
2026-07-02 10:14:22 | DEBUG    | yolo_service:199 | [cam_002] Thời gian xử lý frame 31.32ms
2026-07-02 10:14:22 | DEBUG    | yolo_service:199 | [cam_001] Thời gian xử lý frame 119.27ms
2026-07-02 10:14:22 | DEBUG    | yolo_service:199 | [cam_001] Thời gian xử lý frame 40.89ms
2026-07-02 10:14:22 | DEBUG    | yolo_service:199 | [cam_002] Thời gian xử lý frame 98.76ms
2026-07-02 10:14:22 | DEBUG    | yolo_service:199 | [cam_001] Thời gian xử lý frame 43.68ms
2026-07-02 10:14:22 | DEBUG    | yolo_service:199 | [cam_002] Thời gian xử lý frame 17.52ms
2026-07-02 10:14:22 | DEBUG    | yolo_service:199 | [cam_002] Thời gian xử lý frame 151.20ms
2026-07-02 10:14:22 | DEBUG    | yolo_service:199 | [cam_002] Thời gian xử lý frame 108.69ms
2026-07-02 10:14:22 | DEBUG    | yolo_service:199 | [cam_001] Thời gian xử lý frame 269.19ms
2026-07-02 10:14:22 | DEBUG    | yolo_service:199 | [cam_002] Thời gian xử lý frame 21.14ms
2026-07-02 10:14:22 | DEBUG    | yolo_service:199 | [cam_001] Thời gian xử lý frame 43.68ms
2026-07-02 10:14:22 | DEBUG    | yolo_service:199 | [cam_002] Thời gian xử lý frame 56.59ms
2026-07-02 10:14:22 | DEBUG    | yolo_service:199 | [cam_001] Thời gian xử lý frame 40.68ms
2026-07-02 10:14:22 | DEBUG    | yolo_service:199 | [cam_002] Thời gian xử lý frame 16.96ms
2026-07-02 10:14:22 | DEBUG    | yolo_service:199 | [cam_002] Thời gian xử lý frame 55.90ms
2026-07-02 10:14:22 | DEBUG    | yolo_service:199 | [cam_002] Thời gian xử lý frame 17.95ms
2026-07-02 10:14:22 | DEBUG    | yolo_service:199 | [cam_002] Thời gian xử lý frame 67.46ms
2026-07-02 10:14:22 | DEBUG    | yolo_service:199 | [cam_002] Thời gian xử lý frame 26.83ms
2026-07-02 10:14:22 | DEBUG    | yolo_service:199 | [cam_001] Thời gian xử lý frame 189.94ms
2026-07-02 10:14:22 | DEBUG    | yolo_service:199 | [cam_002] Thời gian xử lý frame 22.59ms
2026-07-02 10:14:22 | DEBUG    | yolo_service:199 | [cam_001] Thời gian xử lý frame 40.72ms
2026-07-02 10:14:22 | DEBUG    | yolo_service:199 | [cam_002] Thời gian xử lý frame 57.82ms
2026-07-02 10:14:22 | DEBUG    | yolo_service:199 | [cam_002] Thời gian xử lý frame 21.63ms
2026-07-02 10:14:22 | DEBUG    | yolo_service:199 | [cam_001] Thời gian xử lý frame 110.72ms
2026-07-02 10:14:22 | DEBUG    | yolo_service:199 | [cam_002] Thời gian xử lý frame 62.99ms
2026-07-02 10:14:22 | DEBUG    | yolo_service:199 | [cam_002] Thời gian xử lý frame 26.30ms
2026-07-02 10:14:23 | DEBUG    | yolo_service:199 | [cam_001] Thời gian xử lý frame 47.00ms
2026-07-02 10:14:23 | DEBUG    | yolo_service:199 | [cam_002] Thời gian xử lý frame 24.54ms
2026-07-02 10:14:23 | DEBUG    | yolo_service:199 | [cam_001] Thời gian xử lý frame 41.85ms
2026-07-02 10:14:23 | DEBUG    | yolo_service:199 | [cam_002] Thời gian xử lý frame 59.02ms
2026-07-02 10:14:23 | DEBUG    | yolo_service:199 | [cam_002] Thời gian xử lý frame 22.06ms
2026-07-02 10:14:23 | DEBUG    | yolo_service:199 | [cam_001] Thời gian xử lý frame 112.97ms
2026-07-02 10:14:23 | DEBUG    | yolo_service:199 | [cam_002] Thời gian xử lý frame 67.15ms
2026-07-02 10:14:23 | DEBUG    | yolo_service:199 | [cam_002] Thời gian xử lý frame 34.74ms
2026-07-02 10:14:23 | DEBUG    | yolo_service:199 | [cam_001] Thời gian xử lý frame 57.18ms
2026-07-02 10:14:23 | DEBUG    | yolo_service:199 | [cam_002] Thời gian xử lý frame 143.76ms
2026-07-02 10:14:23 | DEBUG    | yolo_service:199 | [cam_002] Thời gian xử lý frame 17.19ms
2026-07-02 10:14:23 | DEBUG    | yolo_service:199 | [cam_001] Thời gian xử lý frame 180.36ms
2026-07-02 10:14:23 | DEBUG    | yolo_service:199 | [cam_002] Thời gian xử lý frame 55.65ms
2026-07-02 10:14:23 | DEBUG    | yolo_service:199 | [cam_002] Thời gian xử lý frame 19.69ms
2026-07-02 10:14:23 | DEBUG    | yolo_service:199 | [cam_001] Thời gian xử lý frame 40.90ms
2026-07-02 10:14:23 | DEBUG    | yolo_service:199 | [cam_001] Thời gian xử lý frame 53.59ms
2026-07-02 10:14:23 | DEBUG    | yolo_service:199 | [cam_002] Thời gian xử lý frame 62.21ms
2026-07-02 10:14:23 | DEBUG    | yolo_service:199 | [cam_002] Thời gian xử lý frame 24.57ms
2026-07-02 10:14:23 | DEBUG    | yolo_service:199 | [cam_001] Thời gian xử lý frame 52.61ms
2026-07-02 10:14:23 | DEBUG    | yolo_service:199 | [cam_002] Thời gian xử lý frame 21.34ms
2026-07-02 10:14:23 | DEBUG    | yolo_service:199 | [cam_002] Thời gian xử lý frame 21.62ms
2026-07-02 10:14:23 | DEBUG    | yolo_service:199 | [cam_002] Thời gian xử lý frame 22.01ms
2026-07-02 10:14:23 | DEBUG    | yolo_service:199 | [cam_001] Thời gian xử lý frame 50.16ms
2026-07-02 10:14:23 | DEBUG    | yolo_service:199 | [cam_002] Thời gian xử lý frame 18.45ms
2026-07-02 10:14:23 | DEBUG    | yolo_service:199 | [cam_001] Thời gian xử lý frame 40.73ms
2026-07-02 10:14:23 | DEBUG    | yolo_service:199 | [cam_002] Thời gian xử lý frame 60.33ms
2026-07-02 10:14:23 | DEBUG    | yolo_service:199 | [cam_002] Thời gian xử lý frame 22.50ms
2026-07-02 10:14:23 | DEBUG    | yolo_service:199 | [cam_002] Thời gian xử lý frame 72.71ms
2026-07-02 10:14:23 | DEBUG    | yolo_service:199 | [cam_001] Thời gian xử lý frame 141.45ms
2026-07-02 10:14:23 | DEBUG    | yolo_service:199 | [cam_002] Thời gian xử lý frame 26.03ms
2026-07-02 10:14:23 | DEBUG    | yolo_service:199 | [cam_002] Thời gian xử lý frame 18.46ms
2026-07-02 10:14:23 | DEBUG    | yolo_service:199 | [cam_001] Thời gian xử lý frame 43.50ms
2026-07-02 10:14:23 | DEBUG    | yolo_service:199 | [cam_002] Thời gian xử lý frame 59.17ms
2026-07-02 10:14:23 | DEBUG    | yolo_service:199 | [cam_002] Thời gian xử lý frame 42.11ms
2026-07-02 10:14:23 | DEBUG    | yolo_service:199 | [cam_001] Thời gian xử lý frame 134.43ms
2026-07-02 10:14:24 | DEBUG    | yolo_service:199 | [cam_002] Thời gian xử lý frame 70.36ms
2026-07-02 10:14:24 | DEBUG    | yolo_service:199 | [cam_001] Thời gian xử lý frame 50.11ms
2026-07-02 10:14:24 | DEBUG    | yolo_service:199 | [cam_002] Thời gian xử lý frame 21.59ms
2026-07-02 10:14:24 | DEBUG    | yolo_service:199 | [cam_001] Thời gian xử lý frame 38.69ms
2026-07-02 10:14:24 | DEBUG    | yolo_service:199 | [cam_002] Thời gian xử lý frame 61.24ms
2026-07-02 10:14:24 | DEBUG    | yolo_service:199 | [cam_002] Thời gian xử lý frame 25.12ms
2026-07-02 10:14:24 | DEBUG    | yolo_service:199 | [cam_001] Thời gian xử lý frame 118.79ms
2026-07-02 10:14:24 | DEBUG    | yolo_service:199 | [cam_002] Thời gian xử lý frame 69.57ms
2026-07-02 10:14:24 | DEBUG    | yolo_service:199 | [cam_002] Thời gian xử lý frame 24.97ms
2026-07-02 10:14:24 | DEBUG    | yolo_service:199 | [cam_001] Thời gian xử lý frame 47.06ms
2026-07-02 10:14:24 | DEBUG    | yolo_service:199 | [cam_002] Thời gian xử lý frame 22.58ms
2026-07-02 10:14:24 | DEBUG    | yolo_service:199 | [cam_002] Thời gian xử lý frame 61.31ms
2026-07-02 10:14:24 | DEBUG    | yolo_service:199 | [cam_002] Thời gian xử lý frame 75.87ms
2026-07-02 10:14:24 | DEBUG    | yolo_service:199 | [cam_001] Thời gian xử lý frame 139.44ms
2026-07-02 10:14:24 | DEBUG    | yolo_service:199 | [cam_002] Thời gian xử lý frame 36.24ms
2026-07-02 10:14:24 | DEBUG    | yolo_service:199 | [cam_001] Thời gian xử lý frame 62.12ms
2026-07-02 10:14:24 | DEBUG    | yolo_service:199 | [cam_002] Thời gian xử lý frame 27.06ms
2026-07-02 10:14:24 | DEBUG    | yolo_service:199 | [cam_002] Thời gian xử lý frame 20.64ms
2026-07-02 10:14:24 | DEBUG    | yolo_service:199 | [cam_002] Thời gian xử lý frame 18.83ms
2026-07-02 10:14:24 | DEBUG    | yolo_service:199 | [cam_002] Thời gian xử lý frame 21.32ms
2026-07-02 10:14:24 | DEBUG    | yolo_service:199 | [cam_001] Thời gian xử lý frame 120.73ms
2026-07-02 10:14:24 | DEBUG    | yolo_service:199 | [cam_002] Thời gian xử lý frame 68.11ms
2026-07-02 10:14:24 | DEBUG    | yolo_service:199 | [cam_002] Thời gian xử lý frame 32.05ms
2026-07-02 10:14:24 | DEBUG    | yolo_service:199 | [cam_001] Thời gian xử lý frame 55.76ms
2026-07-02 10:14:24 | DEBUG    | yolo_service:199 | [cam_002] Thời gian xử lý frame 24.24ms
2026-07-02 10:14:24 | DEBUG    | yolo_service:199 | [cam_001] Thời gian xử lý frame 47.05ms
2026-07-02 10:14:24 | DEBUG    | yolo_service:199 | [cam_002] Thời gian xử lý frame 62.50ms
2026-07-02 10:14:24 | DEBUG    | yolo_service:199 | [cam_002] Thời gian xử lý frame 21.94ms
2026-07-02 10:14:24 | DEBUG    | yolo_service:199 | [cam_002] Thời gian xử lý frame 77.66ms
2026-07-02 10:14:24 | DEBUG    | yolo_service:199 | [cam_001] Thời gian xử lý frame 129.95ms
2026-07-02 10:14:24 | DEBUG    | yolo_service:199 | [cam_001] Thời gian xử lý frame 47.04ms
2026-07-02 10:14:24 | DEBUG    | yolo_service:199 | [cam_002] Thời gian xử lý frame 63.51ms
2026-07-02 10:14:24 | DEBUG    | yolo_service:199 | [cam_002] Thời gian xử lý frame 19.42ms
2026-07-02 10:14:24 | DEBUG    | yolo_service:199 | [cam_002] Thời gian xử lý frame 25.00ms
2026-07-02 10:14:24 | DEBUG    | yolo_service:199 | [cam_001] Thời gian xử lý frame 121.34ms
2026-07-02 10:14:24 | DEBUG    | yolo_service:199 | [cam_002] Thời gian xử lý frame 69.17ms
2026-07-02 10:14:25 | DEBUG    | yolo_service:199 | [cam_002] Thời gian xử lý frame 26.09ms
2026-07-02 10:14:25 | DEBUG    | yolo_service:199 | [cam_001] Thời gian xử lý frame 50.79ms
2026-07-02 10:14:25 | DEBUG    | yolo_service:199 | [cam_002] Thời gian xử lý frame 26.74ms
2026-07-02 10:14:25 | DEBUG    | yolo_service:199 | [cam_001] Thời gian xử lý frame 44.61ms
2026-07-02 10:14:25 | DEBUG    | yolo_service:199 | [cam_002] Thời gian xử lý frame 58.93ms
2026-07-02 10:14:25 | DEBUG    | yolo_service:199 | [cam_002] Thời gian xử lý frame 28.66ms
2026-07-02 10:14:25 | DEBUG    | yolo_service:199 | [cam_002] Thời gian xử lý frame 26.95ms
2026-07-02 10:14:25 | DEBUG    | yolo_service:199 | [cam_001] Thời gian xử lý frame 132.01ms
2026-07-02 10:14:25 | DEBUG    | yolo_service:199 | [cam_002] Thời gian xử lý frame 66.12ms
2026-07-02 10:14:25 | DEBUG    | yolo_service:199 | [cam_001] Thời gian xử lý frame 45.20ms
2026-07-02 10:14:25 | DEBUG    | yolo_service:199 | [cam_002] Thời gian xử lý frame 26.86ms
2026-07-02 10:14:25 | DEBUG    | yolo_service:199 | [cam_002] Thời gian xử lý frame 23.87ms
2026-07-02 10:14:25 | DEBUG    | yolo_service:199 | [cam_002] Thời gian xử lý frame 68.20ms
2026-07-02 10:14:25 | DEBUG    | yolo_service:199 | [cam_001] Thời gian xử lý frame 137.30ms
2026-07-02 10:14:25 | DEBUG    | yolo_service:199 | [cam_002] Thời gian xử lý frame 67.77ms
2026-07-02 10:14:25 | DEBUG    | yolo_service:199 | [cam_002] Thời gian xử lý frame 27.00ms
2026-07-02 10:14:25 | DEBUG    | yolo_service:199 | [cam_001] Thời gian xử lý frame 54.02ms
2026-07-02 10:14:25 | DEBUG    | yolo_service:199 | [cam_002] Thời gian xử lý frame 68.31ms
2026-07-02 10:14:25 | DEBUG    | yolo_service:199 | [cam_002] Thời gian xử lý frame 29.83ms
2026-07-02 10:14:25 | DEBUG    | yolo_service:199 | [cam_001] Thời gian xử lý frame 120.54ms
2026-07-02 10:14:25 | DEBUG    | yolo_service:199 | [cam_002] Thời gian xử lý frame 26.83ms
2026-07-02 10:14:25 | DEBUG    | yolo_service:199 | [cam_002] Thời gian xử lý frame 24.03ms
2026-07-02 10:14:25 | DEBUG    | yolo_service:199 | [cam_001] Thời gian xử lý frame 42.57ms
2026-07-02 10:14:25 | DEBUG    | yolo_service:199 | [cam_001] Thời gian xử lý frame 39.39ms
2026-07-02 10:14:25 | DEBUG    | yolo_service:199 | [cam_002] Thời gian xử lý frame 60.32ms
2026-07-02 10:14:25 | DEBUG    | yolo_service:199 | [cam_002] Thời gian xử lý frame 20.54ms
2026-07-02 10:14:25 | DEBUG    | yolo_service:199 | [cam_002] Thời gian xử lý frame 19.41ms
2026-07-02 10:14:25 | DEBUG    | yolo_service:199 | [cam_002] Thời gian xử lý frame 74.43ms

2026-07-02 10:14:25 | DEBUG    | yolo_service:199 | [cam_001] Thời gian xử lý frame 46.21ms
2026-07-02 10:14:25 | DEBUG    | yolo_service:199 | [cam_002] Thời gian xử lý frame 61.48ms
2026-07-02 10:14:25 | DEBUG    | yolo_service:199 | [cam_001] Thời gian xử lý frame 42.48ms
2026-07-02 10:14:25 | DEBUG    | yolo_service:199 | [cam_002] Thời gian xử lý frame 59.39ms
2026-07-02 10:14:25 | DEBUG    | yolo_service:199 | [cam_002] Thời gian xử lý frame 33.03ms
2026-07-02 10:14:26 | DEBUG    | yolo_service:199 | [cam_001] Thời gian xử lý frame 279.61ms
2026-07-02 10:14:26 | DEBUG    | yolo_service:199 | [cam_002] Thời gian xử lý frame 217.75ms
2026-07-02 10:14:26 | DEBUG    | yolo_service:199 | [cam_001] Thời gian xử lý frame 20.20ms
2026-07-02 10:14:26 | DEBUG    | yolo_service:199 | [cam_002] Thời gian xử lý frame 16.22ms
2026-07-02 10:14:26 | DEBUG    | yolo_service:199 | [cam_002] Thời gian xử lý frame 29.64ms
2026-07-02 10:14:26 | DEBUG    | yolo_service:199 | [cam_001] Thời gian xử lý frame 32.18ms
2026-07-02 10:14:26 | DEBUG    | yolo_service:199 | [cam_001] Thời gian xử lý frame 23.90ms
2026-07-02 10:14:26 | DEBUG    | yolo_service:199 | [cam_002] Thời gian xử lý frame 60.64ms
2026-07-02 10:14:26 | DEBUG    | yolo_service:199 | [cam_002] Thời gian xử lý frame 16.30ms
2026-07-02 10:14:26 | DEBUG    | heartbeat_service:58 | 💓 Nhịp tim gửi Master: {'server_id': 'SV_004', 'cpu_usage': 46.3, 'has_gpu': True, 'gpu_usage': 0, 'vram_free_gb': 3.47, 'max_cam': 2}
2026-07-02 10:14:26 | DEBUG    | connectionpool:241 | Starting new HTTP connection (1): 10.40.91.11:5000
2026-07-02 10:14:26 | DEBUG    | yolo_service:199 | [cam_002] Thời gian xử lý frame 78.28ms
2026-07-02 10:14:26 | DEBUG    | connectionpool:544 | http://10.40.91.11:5000 "POST /api/heartbeat HTTP/1.1" 200 68
2026-07-02 10:14:26 | DEBUG    | yolo_service:199 | [cam_001] Thời gian xử lý frame 145.25ms
2026-07-02 10:14:26 | DEBUG    | yolo_service:199 | [cam_002] Thời gian xử lý frame 58.39ms
2026-07-02 10:14:26 | DEBUG    | yolo_service:199 | [cam_001] Thời gian xử lý frame 55.26ms
2026-07-02 10:14:26 | DEBUG    | yolo_service:199 | [cam_002] Thời gian xử lý frame 22.30ms
2026-07-02 10:14:26 | DEBUG    | yolo_service:199 | [cam_001] Thời gian xử lý frame 39.27ms
2026-07-02 10:14:26 | DEBUG    | yolo_service:199 | [cam_002] Thời gian xử lý frame 58.60ms
2026-07-02 10:14:26 | DEBUG    | yolo_service:199 | [cam_002] Thời gian xử lý frame 65.28ms
2026-07-02 10:14:26 | DEBUG    | yolo_service:199 | [cam_002] Thời gian xử lý frame 24.10ms
2026-07-02 10:14:26 | DEBUG    | yolo_service:199 | [cam_001] Thời gian xử lý frame 127.97ms
2026-07-02 10:14:26 | DEBUG    | yolo_service:199 | [cam_001] Thời gian xử lý frame 48.72ms
2026-07-02 10:14:26 | DEBUG    | yolo_service:199 | [cam_002] Thời gian xử lý frame 62.87ms
2026-07-02 10:14:26 | DEBUG    | yolo_service:199 | [cam_002] Thời gian xử lý frame 58.74ms
2026-07-02 10:14:26 | DEBUG    | yolo_service:199 | [cam_002] Thời gian xử lý frame 27.28ms
2026-07-02 10:14:26 | DEBUG    | yolo_service:199 | [cam_002] Thời gian xử lý frame 23.41ms
2026-07-02 10:14:26 | DEBUG    | yolo_service:199 | [cam_001] Thời gian xử lý frame 126.68ms
2026-07-02 10:14:26 | DEBUG    | yolo_service:199 | [cam_002] Thời gian xử lý frame 21.72ms
2026-07-02 10:14:26 | DEBUG    | yolo_service:199 | [cam_001] Thời gian xử lý frame 39.58ms
2026-07-02 10:14:26 | DEBUG    | yolo_service:199 | [cam_002] Thời gian xử lý frame 57.94ms
2026-07-02 10:14:26 | DEBUG    | yolo_service:199 | [cam_001] Thời gian xử lý frame 40.97ms
2026-07-02 10:14:26 | DEBUG    | yolo_service:199 | [cam_002] Thời gian xử lý frame 17.44ms
2026-07-02 10:14:26 | DEBUG    | yolo_service:199 | [cam_002] Thời gian xử lý frame 60.85ms
2026-07-02 10:14:26 | DEBUG    | yolo_service:199 | [cam_002] Thời gian xử lý frame 26.25ms
2026-07-02 10:14:26 | DEBUG    | yolo_service:199 | [cam_001] Thời gian xử lý frame 119.20ms
2026-07-02 10:14:27 | DEBUG    | yolo_service:199 | [cam_002] Thời gian xử lý frame 65.56ms
2026-07-02 10:14:27 | DEBUG    | yolo_service:199 | [cam_001] Thời gian xử lý frame 53.16ms
2026-07-02 10:14:27 | DEBUG    | yolo_service:199 | [cam_002] Thời gian xử lý frame 23.55ms
2026-07-02 10:14:27 | DEBUG    | yolo_service:199 | [cam_002] Thời gian xử lý frame 23.51ms
2026-07-02 10:14:27 | DEBUG    | yolo_service:199 | [cam_001] Thời gian xử lý frame 45.17ms
2026-07-02 10:14:27 | DEBUG    | yolo_service:199 | [cam_002] Thời gian xử lý frame 62.86ms
2026-07-02 10:14:27 | DEBUG    | yolo_service:199 | [cam_002] Thời gian xử lý frame 29.29ms
2026-07-02 10:14:27 | DEBUG    | yolo_service:199 | [cam_001] Thời gian xử lý frame 97.61ms
2026-07-02 10:14:27 | DEBUG    | yolo_service:199 | [cam_002] Thời gian xử lý frame 68.70ms
2026-07-02 10:14:27 | DEBUG    | yolo_service:199 | [cam_001] Thời gian xử lý frame 92.61ms
2026-07-02 10:14:27 | DEBUG    | yolo_service:199 | [cam_002] Thời gian xử lý frame 67.91ms
2026-07-02 10:14:27 | DEBUG    | yolo_service:199 | [cam_002] Thời gian xử lý frame 25.68ms
2026-07-02 10:14:27 | DEBUG    | yolo_service:199 | [cam_001] Thời gian xử lý frame 99.40ms
2026-07-02 10:14:27 | DEBUG    | yolo_service:199 | [cam_002] Thời gian xử lý frame 77.75ms
2026-07-02 10:14:27 | DEBUG    | yolo_service:199 | [cam_002] Thời gian xử lý frame 21.73ms
2026-07-02 10:14:27 | DEBUG    | yolo_service:199 | [cam_002] Thời gian xử lý frame 21.21ms
2026-07-02 10:14:27 | DEBUG    | yolo_service:199 | [cam_002] Thời gian xử lý frame 30.81ms
2026-07-02 10:14:27 | DEBUG    | yolo_service:199 | [cam_001] Thời gian xử lý frame 116.85ms
2026-07-02 10:14:27 | DEBUG    | yolo_service:199 | [cam_002] Thời gian xử lý frame 19.04ms
2026-07-02 10:14:27 | DEBUG    | yolo_service:199 | [cam_001] Thời gian xử lý frame 41.18ms
2026-07-02 10:14:27 | DEBUG    | yolo_service:199 | [cam_002] Thời gian xử lý frame 71.28ms
2026-07-02 10:14:27 | DEBUG    | yolo_service:199 | [cam_002] Thời gian xử lý frame 44.91ms
2026-07-02 10:14:27 | DEBUG    | yolo_service:199 | [cam_002] Thời gian xử lý frame 29.98ms
2026-07-02 10:14:27 | DEBUG    | yolo_service:199 | [cam_001] Thời gian xử lý frame 129.40ms
2026-07-02 10:14:27 | DEBUG    | yolo_service:199 | [cam_002] Thời gian xử lý frame 20.28ms
2026-07-02 10:14:27 | DEBUG    | yolo_service:199 | [cam_002] Thời gian xử lý frame 117.22ms
2026-07-02 10:14:27 | DEBUG    | yolo_service:199 | [cam_002] Thời gian xử lý frame 50.91ms
2026-07-02 10:14:27 | DEBUG    | yolo_service:199 | [cam_001] Thời gian xử lý frame 218.18ms
2026-07-02 10:14:27 | DEBUG    | yolo_service:199 | [cam_002] Thời gian xử lý frame 57.55ms
2026-07-02 10:14:27 | DEBUG    | yolo_service:199 | [cam_002] Thời gian xử lý frame 42.05ms
2026-07-02 10:14:27 | DEBUG    | yolo_service:199 | [cam_001] Thời gian xử lý frame 88.58ms
2026-07-02 10:14:27 | DEBUG    | yolo_service:199 | [cam_002] Thời gian xử lý frame 42.02ms
2026-07-02 10:14:28 | DEBUG    | yolo_service:199 | [cam_002] Thời gian xử lý frame 27.11ms
2026-07-02 10:14:28 | DEBUG    | yolo_service:199 | [cam_001] Thời gian xử lý frame 71.71ms
2026-07-02 10:14:28 | DEBUG    | yolo_service:199 | [cam_002] Thời gian xử lý frame 43.62ms
2026-07-02 10:14:28 | DEBUG    | yolo_service:199 | [cam_001] Thời gian xử lý frame 46.28ms
2026-07-02 10:14:28 | DEBUG    | yolo_service:199 | [cam_002] Thời gian xử lý frame 22.67ms
2026-07-02 10:14:28 | DEBUG    | yolo_service:199 | [cam_002] Thời gian xử lý frame 17.16ms
2026-07-02 10:14:28 | DEBUG    | yolo_service:199 | [cam_002] Thời gian xử lý frame 66.86ms
2026-07-02 10:14:28 | DEBUG    | yolo_service:199 | [cam_002] Thời gian xử lý frame 27.47ms
2026-07-02 10:14:28 | DEBUG    | yolo_service:199 | [cam_001] Thời gian xử lý frame 121.92ms
2026-07-02 10:14:28 | DEBUG    | yolo_service:199 | [cam_001] Thời gian xử lý frame 46.96ms
2026-07-02 10:14:28 | DEBUG    | yolo_service:199 | [cam_002] Thời gian xử lý frame 67.28ms
2026-07-02 10:14:28 | DEBUG    | yolo_service:199 | [cam_002] Thời gian xử lý frame 22.41ms
2026-07-02 10:14:28 | DEBUG    | yolo_service:199 | [cam_002] Thời gian xử lý frame 77.85ms
2026-07-02 10:14:28 | DEBUG    | yolo_service:199 | [cam_002] Thời gian xử lý frame 33.98ms

2026-07-02 10:14:28 | DEBUG    | yolo_service:199 | [cam_002] Thời gian xử lý frame 26.45ms
2026-07-02 10:14:28 | DEBUG    | yolo_service:199 | [cam_001] Thời gian xử lý frame 47.36ms
2026-07-02 10:14:28 | DEBUG    | yolo_service:199 | [cam_002] Thời gian xử lý frame 22.34ms
2026-07-02 10:14:28 | DEBUG    | yolo_service:199 | [cam_002] Thời gian xử lý frame 23.05ms
2026-07-02 10:14:28 | DEBUG    | yolo_service:199 | [cam_002] Thời gian xử lý frame 80.39ms
2026-07-02 10:14:28 | DEBUG    | yolo_service:199 | [cam_001] Thời gian xử lý frame 151.00ms
2026-07-02 10:14:28 | DEBUG    | yolo_service:199 | [cam_001] Thời gian xử lý frame 18.48ms
2026-07-02 10:14:28 | DEBUG    | yolo_service:199 | [cam_002] Thời gian xử lý frame 71.53ms
2026-07-02 10:14:28 | DEBUG    | yolo_service:199 | [cam_002] Thời gian xử lý frame 27.65ms
2026-07-02 10:14:28 | DEBUG    | yolo_service:199 | [cam_002] Thời gian xử lý frame 19.93ms
2026-07-02 10:14:28 | DEBUG    | yolo_service:199 | [cam_002] Thời gian xử lý frame 29.65ms
2026-07-02 10:14:28 | DEBUG    | yolo_service:199 | [cam_001] Thời gian xử lý frame 91.06ms
2026-07-02 10:14:28 | DEBUG    | yolo_service:199 | [cam_002] Thời gian xử lý frame 89.56ms
2026-07-02 10:14:28 | DEBUG    | yolo_service:199 | [cam_001] Thời gian xử lý frame 112.61ms
2026-07-02 10:14:28 | DEBUG    | yolo_service:199 | [cam_002] Thời gian xử lý frame 50.76ms
2026-07-02 10:14:28 | DEBUG    | yolo_service:199 | [cam_002] Thời gian xử lý frame 34.30ms
2026-07-02 10:14:28 | DEBUG    | yolo_service:199 | [cam_002] Thời gian xử lý frame 28.45ms
2026-07-02 10:14:28 | DEBUG    | yolo_service:199 | [cam_001] Thời gian xử lý frame 94.78ms
2026-07-02 10:14:28 | DEBUG    | yolo_service:199 | [cam_002] Thời gian xử lý frame 38.60ms
2026-07-02 10:14:28 | DEBUG    | yolo_service:199 | [cam_002] Thời gian xử lý frame 30.40ms
2026-07-02 10:14:29 | DEBUG    | yolo_service:199 | [cam_001] Thời gian xử lý frame 85.19ms
2026-07-02 10:14:29 | DEBUG    | yolo_service:199 | [cam_002] Thời gian xử lý frame 26.77ms
2026-07-02 10:14:29 | DEBUG    | yolo_service:199 | [cam_002] Thời gian xử lý frame 28.41ms
2026-07-02 10:14:29 | DEBUG    | yolo_service:199 | [cam_002] Thời gian xử lý frame 35.99ms
2026-07-02 10:14:29 | DEBUG    | yolo_service:199 | [cam_001] Thời gian xử lý frame 92.31ms
2026-07-02 10:14:29 | DEBUG    | yolo_service:199 | [cam_002] Thời gian xử lý frame 33.21ms
2026-07-02 10:14:29 | DEBUG    | yolo_service:199 | [cam_002] Thời gian xử lý frame 61.87ms
2026-07-02 10:14:29 | DEBUG    | yolo_service:199 | [cam_001] Thời gian xử lý frame 91.41ms
2026-07-02 10:14:29 | DEBUG    | yolo_service:199 | [cam_002] Thời gian xử lý frame 37.21ms
2026-07-02 10:14:29 | DEBUG    | yolo_service:199 | [cam_001] Thời gian xử lý frame 27.53ms
2026-07-02 10:14:29 | DEBUG    | yolo_service:199 | [cam_002] Thời gian xử lý frame 30.77ms
2026-07-02 10:14:29 | DEBUG    | yolo_service:199 | [cam_002] Thời gian xử lý frame 69.49ms
2026-07-02 10:14:29 | DEBUG    | yolo_service:199 | [cam_001] Thời gian xử lý frame 90.66ms
2026-07-02 10:14:29 | DEBUG    | yolo_service:199 | [cam_002] Thời gian xử lý frame 79.12ms
2026-07-02 10:14:29 | DEBUG    | yolo_service:199 | [cam_001] Thời gian xử lý frame 96.23ms
2026-07-02 10:14:29 | DEBUG    | yolo_service:199 | [cam_002] Thời gian xử lý frame 30.60ms
2026-07-02 10:14:29 | DEBUG    | yolo_service:199 | [cam_002] Thời gian xử lý frame 24.01ms
2026-07-02 10:14:29 | DEBUG    | yolo_service:199 | [cam_002] Thời gian xử lý frame 17.66ms
2026-07-02 10:14:29 | DEBUG    | yolo_service:199 | [cam_002] Thời gian xử lý frame 21.26ms
2026-07-02 10:14:29 | DEBUG    | yolo_service:199 | [cam_001] Thời gian xử lý frame 83.20ms
2026-07-02 10:14:29 | DEBUG    | yolo_service:199 | [cam_002] Thời gian xử lý frame 65.13ms
2026-07-02 10:14:29 | DEBUG    | yolo_service:199 | [cam_001] Thời gian xử lý frame 101.56ms
2026-07-02 10:14:29 | DEBUG    | yolo_service:199 | [cam_002] Thời gian xử lý frame 40.48ms
2026-07-02 10:14:29 | DEBUG    | yolo_service:199 | [cam_001] Thời gian xử lý frame 18.22ms
2026-07-02 10:14:29 | DEBUG    | yolo_service:199 | [cam_002] Thời gian xử lý frame 73.92ms
2026-07-02 10:14:29 | DEBUG    | yolo_service:199 | [cam_002] Thời gian xử lý frame 25.27ms
2026-07-02 10:14:29 | DEBUG    | yolo_service:199 | [cam_001] Thời gian xử lý frame 85.25ms
2026-07-02 10:14:29 | DEBUG    | yolo_service:199 | [cam_002] Thời gian xử lý frame 74.15ms
2026-07-02 10:14:29 | DEBUG    | yolo_service:199 | [cam_001] Thời gian xử lý frame 95.22ms
2026-07-02 10:14:29 | DEBUG    | yolo_service:199 | [cam_002] Thời gian xử lý frame 34.90ms
2026-07-02 10:14:29 | DEBUG    | yolo_service:199 | [cam_002] Thời gian xử lý frame 26.57ms
2026-07-02 10:14:29 | DEBUG    | yolo_service:199 | [cam_002] Thời gian xử lý frame 32.90ms
2026-07-02 10:14:29 | DEBUG    | yolo_service:199 | [cam_002] Thời gian xử lý frame 19.58ms
2026-07-02 10:14:29 | DEBUG    | yolo_service:199 | [cam_001] Thời gian xử lý frame 159.20ms
2026-07-02 10:14:29 | DEBUG    | yolo_service:199 | [cam_002] Thời gian xử lý frame 64.84ms
2026-07-02 10:14:30 | DEBUG    | yolo_service:199 | [cam_002] Thời gian xử lý frame 32.47ms
2026-07-02 10:14:30 | DEBUG    | yolo_service:199 | [cam_002] Thời gian xử lý frame 16.23ms
2026-07-02 10:14:30 | DEBUG    | yolo_service:199 | [cam_001] Thời gian xử lý frame 84.56ms
2026-07-02 10:14:30 | DEBUG    | yolo_service:199 | [cam_002] Thời gian xử lý frame 66.05ms
2026-07-02 10:14:30 | DEBUG    | yolo_service:199 | [cam_002] Thời gian xử lý frame 29.34ms
2026-07-02 10:14:30 | DEBUG    | yolo_service:199 | [cam_001] Thời gian xử lý frame 90.32ms
2026-07-02 10:14:30 | DEBUG    | yolo_service:199 | [cam_001] Thời gian xử lý frame 19.05ms
2026-07-02 10:14:30 | DEBUG    | yolo_service:199 | [cam_002] Thời gian xử lý frame 64.43ms
2026-07-02 10:14:30 | DEBUG    | yolo_service:199 | [cam_002] Thời gian xử lý frame 67.33ms
2026-07-02 10:14:30 | DEBUG    | yolo_service:199 | [cam_001] Thời gian xử lý frame 93.12ms
2026-07-02 10:14:30 | DEBUG    | yolo_service:199 | [cam_002] Thời gian xử lý frame 21.96ms
2026-07-02 10:14:30 | DEBUG    | yolo_service:199 | [cam_002] Thời gian xử lý frame 71.01ms
2026-07-02 10:14:30 | DEBUG    | yolo_service:199 | [cam_001] Thời gian xử lý frame 93.01ms
2026-07-02 10:14:30 | DEBUG    | yolo_service:199 | [cam_001] Thời gian xử lý frame 19.04ms
2026-07-02 10:14:30 | DEBUG    | yolo_service:199 | [cam_002] Thời gian xử lý frame 60.29ms
2026-07-02 10:14:30 | DEBUG    | yolo_service:199 | [cam_002] Thời gian xử lý frame 22.33ms
2026-07-02 10:14:30 | DEBUG    | yolo_service:199 | [cam_001] Thời gian xử lý frame 99.48ms
2026-07-02 10:14:30 | DEBUG    | yolo_service:199 | [cam_002] Thời gian xử lý frame 73.13ms
2026-07-02 10:14:30 | DEBUG    | yolo_service:199 | [cam_002] Thời gian xử lý frame 24.64ms
2026-07-02 10:14:30 | DEBUG    | yolo_service:199 | [cam_002] Thời gian xử lý frame 26.01ms
2026-07-02 10:14:30 | DEBUG    | yolo_service:199 | [cam_001] Thời gian xử lý frame 92.14ms
2026-07-02 10:14:30 | DEBUG    | yolo_service:199 | [cam_002] Thời gian xử lý frame 63.12ms
2026-07-02 10:14:30 | DEBUG    | yolo_service:199 | [cam_002] Thời gian xử lý frame 32.82ms
2026-07-02 10:14:30 | DEBUG    | yolo_service:199 | [cam_001] Thời gian xử lý frame 97.59ms
2026-07-02 10:14:30 | DEBUG    | yolo_service:199 | [cam_002] Thời gian xử lý frame 35.09ms
2026-07-02 10:14:30 | DEBUG    | yolo_service:199 | [cam_002] Thời gian xử lý frame 29.57ms
2026-07-02 10:14:30 | DEBUG    | yolo_service:199 | [cam_001] Thời gian xử lý frame 88.48ms
2026-07-02 10:14:30 | DEBUG    | yolo_service:199 | [cam_002] Thời gian xử lý frame 69.20ms
2026-07-02 10:14:30 | DEBUG    | yolo_service:199 | [cam_002] Thời gian xử lý frame 36.34ms
2026-07-02 10:14:30 | DEBUG    | yolo_service:199 | [cam_001] Thời gian xử lý frame 101.25ms
2026-07-02 10:14:30 | DEBUG    | yolo_service:199 | [cam_002] Thời gian xử lý frame 33.21ms
2026-07-02 10:14:30 | DEBUG    | yolo_service:199 | [cam_002] Thời gian xử lý frame 23.13ms
2026-07-02 10:14:30 | DEBUG    | yolo_service:199 | [cam_002] Thời gian xử lý frame 29.55ms
2026-07-02 10:14:30 | DEBUG    | yolo_service:199 | [cam_002] Thời gian xử lý frame 33.84ms
2026-07-02 10:14:30 | DEBUG    | yolo_service:199 | [cam_001] Thời gian xử lý frame 106.54ms
2026-07-02 10:14:30 | DEBUG    | yolo_service:199 | [cam_001] Thời gian xử lý frame 28.77ms
2026-07-02 10:14:31 | DEBUG    | yolo_service:199 | [cam_001] Thời gian xử lý frame 92.99ms
2026-07-02 10:14:31 | DEBUG    | yolo_service:199 | [cam_002] Thời gian xử lý frame 151.88ms
2026-07-02 10:14:31 | DEBUG    | yolo_service:199 | [cam_001] Thời gian xử lý frame 31.62ms
2026-07-02 10:14:31 | DEBUG    | yolo_service:199 | [cam_002] Thời gian xử lý frame 24.23ms
2026-07-02 10:14:31 | DEBUG    | yolo_service:199 | [cam_002] Thời gian xử lý frame 34.29ms
2026-07-02 10:14:31 | DEBUG    | yolo_service:199 | [cam_002] Thời gian xử lý frame 28.50ms
2026-07-02 10:14:31 | DEBUG    | yolo_service:199 | [cam_001] Thời gian xử lý frame 91.64ms
2026-07-02 10:14:31 | DEBUG    | yolo_service:199 | [cam_002] Thời gian xử lý frame 59.43ms
2026-07-02 10:14:31 | DEBUG    | yolo_service:199 | [cam_001] Thời gian xử lý frame 90.47ms
2026-07-02 10:14:31 | DEBUG    | yolo_service:199 | [cam_002] Thời gian xử lý frame 54.87ms
2026-07-02 10:14:31 | DEBUG    | yolo_service:199 | [cam_002] Thời gian xử lý frame 85.07ms
2026-07-02 10:14:31 | DEBUG    | yolo_service:199 | [cam_001] Thời gian xử lý frame 99.18ms
2026-07-02 10:14:31 | DEBUG    | yolo_service:199 | [cam_001] Thời gian xử lý frame 20.75ms
2026-07-02 10:14:31 | DEBUG    | yolo_service:199 | [cam_002] Thời gian xử lý frame 27.99ms
2026-07-02 10:14:31 | DEBUG    | yolo_service:199 | [cam_002] Thời gian xử lý frame 19.46ms
2026-07-02 10:14:31 | DEBUG    | yolo_service:199 | [cam_002] Thời gian xử lý frame 60.79ms
2026-07-02 10:14:31 | DEBUG    | yolo_service:199 | [cam_001] Thời gian xử lý frame 84.27ms
2026-07-02 10:14:31 | DEBUG    | yolo_service:199 | [cam_002] Thời gian xử lý frame 56.98ms
2026-07-02 10:14:31 | DEBUG    | yolo_service:199 | [cam_002] Thời gian xử lý frame 19.28ms
2026-07-02 10:14:31 | DEBUG    | yolo_service:199 | [cam_001] Thời gian xử lý frame 94.16ms
2026-07-02 10:14:31 | DEBUG    | yolo_service:199 | [cam_002] Thời gian xử lý frame 75.60ms
2026-07-02 10:14:31 | DEBUG    | yolo_service:199 | [cam_002] Thời gian xử lý frame 20.45ms
2026-07-02 10:14:31 | DEBUG    | yolo_service:199 | [cam_002] Thời gian xử lý frame 21.53ms
2026-07-02 10:14:31 | DEBUG    | yolo_service:199 | [cam_002] Thời gian xử lý frame 13.83ms
2026-07-02 10:14:31 | DEBUG    | yolo_service:199 | [cam_001] Thời gian xử lý frame 155.62ms
2026-07-02 10:14:31 | DEBUG    | yolo_service:199 | [cam_002] Thời gian xử lý frame 67.07ms
2026-07-02 10:14:31 | DEBUG    | yolo_service:199 | [cam_001] Thời gian xử lý frame 87.61ms
2026-07-02 10:14:31 | DEBUG    | yolo_service:199 | [cam_002] Thời gian xử lý frame 63.67ms
2026-07-02 10:14:31 | DEBUG    | yolo_service:199 | [cam_002] Thời gian xử lý frame 27.65ms
2026-07-02 10:14:31 | DEBUG    | yolo_service:199 | [cam_002] Thời gian xử lý frame 25.88ms
2026-07-02 10:14:31 | DEBUG    | yolo_service:199 | [cam_001] Thời gian xử lý frame 105.34ms
2026-07-02 10:14:31 | DEBUG    | yolo_service:199 | [cam_002] Thời gian xử lý frame 61.62ms
2026-07-02 10:14:31 | DEBUG    | yolo_service:199 | [cam_001] Thời gian xử lý frame 17.80ms
2026-07-02 10:14:31 | DEBUG    | yolo_service:199 | [cam_002] Thời gian xử lý frame 19.73ms
2026-07-02 10:14:32 | DEBUG    | yolo_service:199 | [cam_002] Thời gian xử lý frame 17.18ms
2026-07-02 10:14:32 | DEBUG    | yolo_service:199 | [cam_001] Thời gian xử lý frame 87.08ms
2026-07-02 10:14:32 | DEBUG    | yolo_service:199 | [cam_002] Thời gian xử lý frame 56.87ms
2026-07-02 10:14:32 | DEBUG    | yolo_service:199 | [cam_002] Thời gian xử lý frame 24.76ms
2026-07-02 10:14:32 | DEBUG    | yolo_service:199 | [cam_001] Thời gian xử lý frame 95.25ms
2026-07-02 10:14:32 | DEBUG    | yolo_service:199 | [cam_002] Thời gian xử lý frame 69.47ms
2026-07-02 10:14:32 | DEBUG    | yolo_service:199 | [cam_001] Thời gian xử lý frame 39.30ms
2026-07-02 10:14:32 | DEBUG    | yolo_service:199 | [cam_002] Thời gian xử lý frame 37.89ms
2026-07-02 10:14:32 | DEBUG    | yolo_service:199 | [cam_001] Thời gian xử lý frame 30.73ms
2026-07-02 10:14:32 | DEBUG    | yolo_service:199 | [cam_002] Thời gian xử lý frame 24.00ms
2026-07-02 10:14:32 | DEBUG    | yolo_service:199 | [cam_002] Thời gian xử lý frame 16.13ms
2026-07-02 10:14:32 | DEBUG    | yolo_service:199 | [cam_001] Thời gian xử lý frame 82.51ms
2026-07-02 10:14:32 | DEBUG    | yolo_service:199 | [cam_002] Thời gian xử lý frame 113.25ms
2026-07-02 10:14:32 | DEBUG    | yolo_service:199 | [cam_002] Thời gian xử lý frame 37.28ms
2026-07-02 10:14:32 | DEBUG    | yolo_service:199 | [cam_001] Thời gian xử lý frame 97.54ms
2026-07-02 10:14:32 | DEBUG    | yolo_service:199 | [cam_002] Thời gian xử lý frame 19.10ms
2026-07-02 10:14:32 | DEBUG    | yolo_service:199 | [cam_001] Thời gian xử lý frame 15.34ms
2026-07-02 10:14:32 | DEBUG    | heartbeat_service:58 | 💓 Nhịp tim gửi Master: {'server_id': 'SV_004', 'cpu_usage': 50.8, 'has_gpu': True, 'gpu_usage': 0, 'vram_free_gb': 3.47, 'max_cam': 2}
2026-07-02 10:14:32 | DEBUG    | connectionpool:241 | Starting new HTTP connection (1): 10.40.91.11:5000
2026-07-02 10:14:32 | DEBUG    | yolo_service:199 | [cam_002] Thời gian xử lý frame 57.01ms
2026-07-02 10:14:32 | DEBUG    | connectionpool:544 | http://10.40.91.11:5000 "POST /api/heartbeat HTTP/1.1" 200 68
2026-07-02 10:14:32 | DEBUG    | yolo_service:199 | [cam_001] Thời gian xử lý frame 86.60ms
2026-07-02 10:14:32 | DEBUG    | yolo_service:199 | [cam_002] Thời gian xử lý frame 68.55ms
2026-07-02 10:14:32 | DEBUG    | yolo_service:199 | [cam_002] Thời gian xử lý frame 16.26ms
2026-07-02 10:14:32 | DEBUG    | yolo_service:199 | [cam_001] Thời gian xử lý frame 89.29ms
2026-07-02 10:14:32 | DEBUG    | yolo_service:199 | [cam_002] Thời gian xử lý frame 65.88ms
2026-07-02 10:14:32 | DEBUG    | yolo_service:199 | [cam_002] Thời gian xử lý frame 28.80ms
2026-07-02 10:14:32 | DEBUG    | yolo_service:199 | [cam_002] Thời gian xử lý frame 30.92ms
2026-07-02 10:14:32 | DEBUG    | yolo_service:199 | [cam_001] Thời gian xử lý frame 152.61ms
2026-07-02 10:14:32 | DEBUG    | yolo_service:199 | [cam_002] Thời gian xử lý frame 59.01ms
2026-07-02 10:14:32 | DEBUG    | yolo_service:199 | [cam_002] Thời gian xử lý frame 17.92ms
2026-07-02 10:14:32 | DEBUG    | yolo_service:199 | [cam_002] Thời gian xử lý frame 65.91ms
2026-07-02 10:14:32 | DEBUG    | yolo_service:199 | [cam_001] Thời gian xử lý frame 91.06ms
2026-07-02 10:14:32 | DEBUG    | yolo_service:199 | [cam_002] Thời gian xử lý frame 35.12ms
2026-07-02 10:14:32 | DEBUG    | yolo_service:199 | [cam_002] Thời gian xử lý frame 26.16ms
2026-07-02 10:14:32 | DEBUG    | yolo_service:199 | [cam_001] Thời gian xử lý frame 94.10ms
2026-07-02 10:14:32 | DEBUG    | yolo_service:199 | [cam_001] Thời gian xử lý frame 28.22ms
2026-07-02 10:14:32 | DEBUG    | yolo_service:199 | [cam_002] Thời gian xử lý frame 76.56ms
2026-07-02 10:14:33 | DEBUG    | yolo_service:199 | [cam_001] Thời gian xử lý frame 25.56ms
2026-07-02 10:14:33 | DEBUG    | yolo_service:199 | [cam_002] Thời gian xử lý frame 23.40ms
2026-07-02 10:14:33 | DEBUG    | yolo_service:199 | [cam_002] Thời gian xử lý frame 68.43ms
2026-07-02 10:14:33 | DEBUG    | yolo_service:199 | [cam_002] Thời gian xử lý frame 39.20ms
2026-07-02 10:14:33 | DEBUG    | yolo_service:199 | [cam_001] Thời gian xử lý frame 332.70ms
2026-07-02 10:14:33 | DEBUG    | yolo_service:199 | [cam_002] Thời gian xử lý frame 213.46ms
2026-07-02 10:14:33 | DEBUG    | yolo_service:199 | [cam_001] Thời gian xử lý frame 29.58ms
2026-07-02 10:14:33 | DEBUG    | yolo_service:199 | [cam_002] Thời gian xử lý frame 25.55ms
2026-07-02 10:14:33 | DEBUG    | yolo_service:199 | [cam_002] Thời gian xử lý frame 24.78ms
2026-07-02 10:14:33 | DEBUG    | yolo_service:199 | [cam_002] Thời gian xử lý frame 20.54ms
2026-07-02 10:14:33 | DEBUG    | yolo_service:199 | [cam_001] Thời gian xử lý frame 97.59ms
2026-07-02 10:14:33 | DEBUG    | yolo_service:199 | [cam_002] Thời gian xử lý frame 67.28ms
2026-07-02 10:14:33 | DEBUG    | yolo_service:199 | [cam_002] Thời gian xử lý frame 31.54ms
2026-07-02 10:14:33 | DEBUG    | yolo_service:199 | [cam_002] Thời gian xử lý frame 24.26ms
2026-07-02 10:14:33 | DEBUG    | yolo_service:199 | [cam_001] Thời gian xử lý frame 88.66ms
2026-07-02 10:14:33 | DEBUG    | yolo_service:199 | [cam_002] Thời gian xử lý frame 58.71ms
2026-07-02 10:14:33 | DEBUG    | yolo_service:199 | [cam_001] Thời gian xử lý frame 85.99ms
2026-07-02 10:14:33 | DEBUG    | yolo_service:199 | [cam_002] Thời gian xử lý frame 74.37ms
2026-07-02 10:14:33 | DEBUG    | yolo_service:199 | [cam_002] Thời gian xử lý frame 30.46ms
2026-07-02 10:14:33 | DEBUG    | yolo_service:199 | [cam_001] Thời gian xử lý frame 84.57ms
2026-07-02 10:14:33 | DEBUG    | yolo_service:199 | [cam_002] Thời gian xử lý frame 19.22ms
2026-07-02 10:14:33 | DEBUG    | yolo_service:199 | [cam_001] Thời gian xử lý frame 22.19ms
2026-07-02 10:14:33 | DEBUG    | yolo_service:199 | [cam_002] Thời gian xử lý frame 70.39ms
2026-07-02 10:14:33 | DEBUG    | yolo_service:199 | [cam_002] Thời gian xử lý frame 33.95ms
2026-07-02 10:14:33 | DEBUG    | yolo_service:199 | [cam_001] Thời gian xử lý frame 94.76ms
2026-07-02 10:14:33 | DEBUG    | yolo_service:199 | [cam_002] Thời gian xử lý frame 25.37ms
2026-07-02 10:14:33 | DEBUG    | yolo_service:199 | [cam_002] Thời gian xử lý frame 24.75ms
2026-07-02 10:14:33 | DEBUG    | yolo_service:199 | [cam_001] Thời gian xử lý frame 106.11ms
2026-07-02 10:14:33 | DEBUG    | yolo_service:199 | [cam_002] Thời gian xử lý frame 70.66ms
2026-07-02 10:14:33 | DEBUG    | yolo_service:199 | [cam_001] Thời gian xử lý frame 22.68ms
2026-07-02 10:14:33 | DEBUG    | yolo_service:199 | [cam_002] Thời gian xử lý frame 20.17ms
2026-07-02 10:14:34 | DEBUG    | yolo_service:199 | [cam_001] Thời gian xử lý frame 20.81ms
2026-07-02 10:14:34 | DEBUG    | yolo_service:199 | [cam_002] Thời gian xử lý frame 76.19ms
2026-07-02 10:14:34 | DEBUG    | yolo_service:199 | [cam_002] Thời gian xử lý frame 26.35ms
2026-07-02 10:14:34 | DEBUG    | yolo_service:199 | [cam_002] Thời gian xử lý frame 29.79ms
2026-07-02 10:14:34 | DEBUG    | yolo_service:199 | [cam_002] Thời gian xử lý frame 18.10ms
2026-07-02 10:14:34 | DEBUG    | yolo_service:199 | [cam_001] Thời gian xử lý frame 160.84ms
2026-07-02 10:14:34 | DEBUG    | yolo_service:199 | [cam_002] Thời gian xử lý frame 56.54ms
2026-07-02 10:14:34 | DEBUG    | yolo_service:199 | [cam_002] Thời gian xử lý frame 18.50ms
2026-07-02 10:14:34 | DEBUG    | yolo_service:199 | [cam_001] Thời gian xử lý frame 93.27ms
2026-07-02 10:14:34 | DEBUG    | yolo_service:199 | [cam_002] Thời gian xử lý frame 56.24ms
2026-07-02 10:14:34 | DEBUG    | yolo_service:199 | [cam_001] Thời gian xử lý frame 88.25ms
2026-07-02 10:14:34 | DEBUG    | yolo_service:199 | [cam_002] Thời gian xử lý frame 96.46ms
2026-07-02 10:14:34 | DEBUG    | yolo_service:199 | [cam_002] Thời gian xử lý frame 14.74ms
2026-07-02 10:14:34 | DEBUG    | yolo_service:199 | [cam_002] Thời gian xử lý frame 29.33ms
2026-07-02 10:14:34 | DEBUG    | yolo_service:199 | [cam_001] Thời gian xử lý frame 95.14ms
2026-07-02 10:14:34 | DEBUG    | yolo_service:199 | [cam_001] Thời gian xử lý frame 28.53ms
2026-07-02 10:14:34 | DEBUG    | yolo_service:199 | [cam_002] Thời gian xử lý frame 62.02ms
2026-07-02 10:14:34 | DEBUG    | yolo_service:199 | [cam_002] Thời gian xử lý frame 20.64ms
2026-07-02 10:14:34 | DEBUG    | yolo_service:199 | [cam_002] Thời gian xử lý frame 14.96ms
2026-07-02 10:14:34 | DEBUG    | yolo_service:199 | [cam_001] Thời gian xử lý frame 87.32ms
2026-07-02 10:14:34 | DEBUG    | yolo_service:199 | [cam_002] Thời gian xử lý frame 70.24ms
2026-07-02 10:14:34 | DEBUG    | yolo_service:199 | [cam_002] Thời gian xử lý frame 19.76ms
2026-07-02 10:14:34 | DEBUG    | yolo_service:199 | [cam_002] Thời gian xử lý frame 78.23ms
2026-07-02 10:14:34 | DEBUG    | yolo_service:199 | [cam_001] Thời gian xử lý frame 167.98ms
2026-07-02 10:14:34 | DEBUG    | yolo_service:199 | [cam_002] Thời gian xử lý frame 36.30ms
2026-07-02 10:14:34 | DEBUG    | yolo_service:199 | [cam_002] Thời gian xử lý frame 21.84ms
2026-07-02 10:14:34 | DEBUG    | yolo_service:199 | [cam_002] Thời gian xử lý frame 20.87ms
2026-07-02 10:14:34 | DEBUG    | yolo_service:199 | [cam_001] Thời gian xử lý frame 85.15ms
2026-07-02 10:14:34 | DEBUG    | yolo_service:199 | [cam_002] Thời gian xử lý frame 62.01ms
2026-07-02 10:14:34 | DEBUG    | yolo_service:199 | [cam_002] Thời gian xử lý frame 22.16ms
2026-07-02 10:14:34 | DEBUG    | yolo_service:199 | [cam_001] Thời gian xử lý frame 90.65ms
2026-07-02 10:14:34 | DEBUG    | yolo_service:199 | [cam_002] Thời gian xử lý frame 59.92ms
2026-07-02 10:14:34 | DEBUG    | yolo_service:199 | [cam_002] Thời gian xử lý frame 19.58ms
2026-07-02 10:14:34 | DEBUG    | yolo_service:199 | [cam_002] Thời gian xử lý frame 16.65ms
2026-07-02 10:14:34 | DEBUG    | yolo_service:199 | [cam_001] Thời gian xử lý frame 86.06ms
2026-07-02 10:14:35 | DEBUG    | yolo_service:199 | [cam_002] Thời gian xử lý frame 63.68ms
2026-07-02 10:14:35 | DEBUG    | yolo_service:199 | [cam_002] Thời gian xử lý frame 15.34ms
2026-07-02 10:14:35 | DEBUG    | yolo_service:199 | [cam_001] Thời gian xử lý frame 82.91ms
2026-07-02 10:14:35 | DEBUG    | yolo_service:199 | [cam_001] Thời gian xử lý frame 16.43ms
2026-07-02 10:14:35 | DEBUG    | yolo_service:199 | [cam_002] Thời gian xử lý frame 64.35ms
2026-07-02 10:14:35 | DEBUG    | yolo_service:199 | [cam_001] Thời gian xử lý frame 135.52ms
2026-07-02 10:14:35 | DEBUG    | yolo_service:199 | [cam_002] Thời gian xử lý frame 57.47ms
2026-07-02 10:14:35 | DEBUG    | yolo_service:199 | [cam_001] Thời gian xử lý frame 83.05ms
2026-07-02 10:14:35 | DEBUG    | yolo_service:199 | [cam_002] Thời gian xử lý frame 95.03ms
2026-07-02 10:14:35 | DEBUG    | yolo_service:199 | [cam_001] Thời gian xử lý frame 79.08ms
2026-07-02 10:14:35 | DEBUG    | yolo_service:199 | [cam_001] Thời gian xử lý frame 86.93ms
2026-07-02 10:14:35 | DEBUG    | yolo_service:199 | [cam_002] Thời gian xử lý frame 101.68ms
2026-07-02 10:14:35 | DEBUG    | yolo_service:199 | [cam_001] Thời gian xử lý frame 19.95ms
2026-07-02 10:14:35 | DEBUG    | yolo_service:199 | [cam_002] Thời gian xử lý frame 20.71ms
2026-07-02 10:14:35 | DEBUG    | yolo_service:199 | [cam_002] Thời gian xử lý frame 16.80ms
2026-07-02 10:14:35 | DEBUG    | yolo_service:199 | [cam_002] Thời gian xử lý frame 58.54ms
2026-07-02 10:14:35 | DEBUG    | yolo_service:199 | [cam_001] Thời gian xử lý frame 84.10ms
2026-07-02 10:14:35 | DEBUG    | yolo_service:199 | [cam_002] Thời gian xử lý frame 16.24ms
2026-07-02 10:14:35 | DEBUG    | yolo_service:199 | [cam_002] Thời gian xử lý frame 60.99ms
2026-07-02 10:14:35 | DEBUG    | yolo_service:199 | [cam_001] Thời gian xử lý frame 80.75ms
2026-07-02 10:14:35 | DEBUG    | yolo_service:199 | [cam_002] Thời gian xử lý frame 58.31ms
2026-07-02 10:14:35 | DEBUG    | yolo_service:199 | [cam_002] Thời gian xử lý frame 33.48ms
2026-07-02 10:14:35 | DEBUG    | yolo_service:199 | [cam_001] Thời gian xử lý frame 102.55ms
2026-07-02 10:14:35 | DEBUG    | yolo_service:199 | [cam_002] Thời gian xử lý frame 28.55ms
2026-07-02 10:14:35 | DEBUG    | yolo_service:199 | [cam_002] Thời gian xử lý frame 62.41ms
2026-07-02 10:14:35 | DEBUG    | yolo_service:199 | [cam_001] Thời gian xử lý frame 95.35ms
2026-07-02 10:14:35 | DEBUG    | yolo_service:199 | [cam_002] Thời gian xử lý frame 70.36ms
2026-07-02 10:14:35 | DEBUG    | yolo_service:199 | [cam_002] Thời gian xử lý frame 24.07ms
2026-07-02 10:14:35 | DEBUG    | yolo_service:199 | [cam_001] Thời gian xử lý frame 88.42ms
2026-07-02 10:14:36 | DEBUG    | yolo_service:199 | [cam_002] Thời gian xử lý frame 63.57ms
2026-07-02 10:14:36 | DEBUG    | yolo_service:199 | [cam_001] Thời gian xử lý frame 82.77ms
2026-07-02 10:14:36 | DEBUG    | yolo_service:199 | [cam_002] Thời gian xử lý frame 61.27ms
2026-07-02 10:14:36 | DEBUG    | yolo_service:199 | [cam_002] Thời gian xử lý frame 17.96ms
2026-07-02 10:14:36 | DEBUG    | yolo_service:199 | [cam_001] Thời gian xử lý frame 85.58ms
2026-07-02 10:14:36 | DEBUG    | yolo_service:199 | [cam_001] Thời gian xử lý frame 22.00ms
2026-07-02 10:14:36 | DEBUG    | yolo_service:199 | [cam_002] Thời gian xử lý frame 62.80ms
2026-07-02 10:14:36 | DEBUG    | yolo_service:199 | [cam_002] Thời gian xử lý frame 24.41ms
2026-07-02 10:14:36 | DEBUG    | yolo_service:199 | [cam_001] Thời gian xử lý frame 93.08ms
2026-07-02 10:14:36 | DEBUG    | yolo_service:199 | [cam_002] Thời gian xử lý frame 66.78ms
2026-07-02 10:14:36 | DEBUG    | yolo_service:199 | [cam_002] Thời gian xử lý frame 17.43ms
2026-07-02 10:14:36 | DEBUG    | yolo_service:199 | [cam_002] Thời gian xử lý frame 68.30ms
2026-07-02 10:14:36 | DEBUG    | yolo_service:199 | [cam_001] Thời gian xử lý frame 94.45ms
2026-07-02 10:14:36 | DEBUG    | yolo_service:199 | [cam_001] Thời gian xử lý frame 25.92ms
2026-07-02 10:14:36 | DEBUG    | yolo_service:199 | [cam_002] Thời gian xử lý frame 33.43ms
2026-07-02 10:14:36 | DEBUG    | yolo_service:199 | [cam_002] Thời gian xử lý frame 26.21ms
2026-07-02 10:14:36 | DEBUG    | yolo_service:199 | [cam_002] Thời gian xử lý frame 22.70ms
2026-07-02 10:14:36 | DEBUG    | yolo_service:199 | [cam_002] Thời gian xử lý frame 18.27ms
2026-07-02 10:14:36 | DEBUG    | yolo_service:199 | [cam_001] Thời gian xử lý frame 86.95ms
2026-07-02 10:14:36 | DEBUG    | yolo_service:199 | [cam_002] Thời gian xử lý frame 74.96ms
2026-07-02 10:14:36 | DEBUG    | yolo_service:199 | [cam_002] Thời gian xử lý frame 27.65ms
2026-07-02 10:14:36 | DEBUG    | yolo_service:199 | [cam_001] Thời gian xử lý frame 87.54ms
2026-07-02 10:14:36 | DEBUG    | yolo_service:199 | [cam_001] Thời gian xử lý frame 23.00ms
2026-07-02 10:14:36 | DEBUG    | yolo_service:199 | [cam_002] Thời gian xử lý frame 26.57ms
2026-07-02 10:14:36 | DEBUG    | yolo_service:199 | [cam_002] Thời gian xử lý frame 65.21ms
2026-07-02 10:14:36 | DEBUG    | yolo_service:199 | [cam_001] Thời gian xử lý frame 92.03ms
2026-07-02 10:14:36 | DEBUG    | yolo_service:199 | [cam_002] Thời gian xử lý frame 60.06ms
2026-07-02 10:14:36 | DEBUG    | yolo_service:199 | [cam_002] Thời gian xử lý frame 17.45ms
2026-07-02 10:14:36 | DEBUG    | yolo_service:199 | [cam_001] Thời gian xử lý frame 87.91ms
2026-07-02 10:14:36 | DEBUG    | yolo_service:199 | [cam_002] Thời gian xử lý frame 64.11ms
2026-07-02 10:14:37 | DEBUG    | yolo_service:199 | [cam_001] Thời gian xử lý frame 374.79ms
2026-07-02 10:14:37 | DEBUG    | yolo_service:199 | [cam_002] Thời gian xử lý frame 347.52ms
2026-07-02 10:14:37 | DEBUG    | yolo_service:199 | [cam_001] Thời gian xử lý frame 25.84ms
2026-07-02 10:14:37 | DEBUG    | yolo_service:199 | [cam_002] Thời gian xử lý frame 30.60ms
2026-07-02 10:14:37 | DEBUG    | yolo_service:199 | [cam_002] Thời gian xử lý frame 24.45ms
2026-07-02 10:14:37 | DEBUG    | yolo_service:199 | [cam_001] Thời gian xử lý frame 84.73ms
2026-07-02 10:14:37 | DEBUG    | yolo_service:199 | [cam_002] Thời gian xử lý frame 58.91ms
2026-07-02 10:14:37 | DEBUG    | yolo_service:199 | [cam_001] Thời gian xử lý frame 98.68ms
2026-07-02 10:14:37 | DEBUG    | yolo_service:199 | [cam_001] Thời gian xử lý frame 36.33ms
2026-07-02 10:14:37 | DEBUG    | yolo_service:199 | [cam_002] Thời gian xử lý frame 127.96ms
2026-07-02 10:14:37 | DEBUG    | yolo_service:199 | [cam_002] Thời gian xử lý frame 32.62ms
2026-07-02 10:14:37 | DEBUG    | yolo_service:199 | [cam_002] Thời gian xử lý frame 18.51ms
2026-07-02 10:14:37 | DEBUG    | yolo_service:199 | [cam_002] Thời gian xử lý frame 14.20ms
2026-07-02 10:14:37 | DEBUG    | yolo_service:199 | [cam_001] Thời gian xử lý frame 83.48ms
2026-07-02 10:14:37 | DEBUG    | yolo_service:199 | [cam_002] Thời gian xử lý frame 75.67ms
2026-07-02 10:14:37 | DEBUG    | yolo_service:199 | [cam_001] Thời gian xử lý frame 93.34ms
2026-07-02 10:14:37 | DEBUG    | yolo_service:199 | [cam_002] Thời gian xử lý frame 33.48ms
2026-07-02 10:14:37 | DEBUG    | yolo_service:199 | [cam_002] Thời gian xử lý frame 24.65ms
2026-07-02 10:14:37 | DEBUG    | yolo_service:199 | [cam_002] Thời gian xử lý frame 15.07ms
2026-07-02 10:14:37 | DEBUG    | yolo_service:199 | [cam_001] Thời gian xử lý frame 82.80ms
2026-07-02 10:14:37 | DEBUG    | yolo_service:199 | [cam_002] Thời gian xử lý frame 68.59ms
2026-07-02 10:14:37 | DEBUG    | yolo_service:199 | [cam_002] Thời gian xử lý frame 39.22ms
2026-07-02 10:14:37 | DEBUG    | yolo_service:199 | [cam_001] Thời gian xử lý frame 91.50ms
2026-07-02 10:14:37 | DEBUG    | yolo_service:199 | [cam_002] Thời gian xử lý frame 22.32ms
2026-07-02 10:14:37 | DEBUG    | yolo_service:199 | [cam_001] Thời gian xử lý frame 24.30ms
2026-07-02 10:14:37 | DEBUG    | yolo_service:199 | [cam_002] Thời gian xử lý frame 59.00ms
2026-07-02 10:14:37 | DEBUG    | yolo_service:199 | [cam_002] Thời gian xử lý frame 28.54ms
2026-07-02 10:14:37 | DEBUG    | yolo_service:199 | [cam_002] Thời gian xử lý frame 25.74ms
2026-07-02 10:14:37 | DEBUG    | yolo_service:199 | [cam_001] Thời gian xử lý frame 91.69ms
2026-07-02 10:14:37 | DEBUG    | yolo_service:199 | [cam_002] Thời gian xử lý frame 69.52ms
2026-07-02 10:14:37 | DEBUG    | yolo_service:199 | [cam_001] Thời gian xử lý frame 94.34ms
2026-07-02 10:14:37 | DEBUG    | yolo_service:199 | [cam_002] Thời gian xử lý frame 35.05ms
2026-07-02 10:14:37 | DEBUG    | yolo_service:199 | [cam_001] Thời gian xử lý frame 24.21ms
2026-07-02 10:14:38 | DEBUG    | yolo_service:199 | [cam_002] Thời gian xử lý frame 29.27ms
2026-07-02 10:14:38 | DEBUG    | yolo_service:199 | [cam_002] Thời gian xử lý frame 20.42ms
2026-07-02 10:14:38 | DEBUG    | yolo_service:199 | [cam_001] Thời gian xử lý frame 94.85ms
2026-07-02 10:14:38 | DEBUG    | yolo_service:199 | [cam_002] Thời gian xử lý frame 65.03ms
2026-07-02 10:14:38 | DEBUG    | yolo_service:199 | [cam_002] Thời gian xử lý frame 22.54ms
2026-07-02 10:14:38 | DEBUG    | yolo_service:199 | [cam_002] Thời gian xử lý frame 17.18ms
2026-07-02 10:14:38 | DEBUG    | yolo_service:199 | [cam_001] Thời gian xử lý frame 83.35ms
2026-07-02 10:14:38 | DEBUG    | yolo_service:199 | [cam_002] Thời gian xử lý frame 76.82ms
2026-07-02 10:14:38 | DEBUG    | yolo_service:199 | [cam_002] Thời gian xử lý frame 34.38ms
2026-07-02 10:14:38 | DEBUG    | yolo_service:199 | [cam_001] Thời gian xử lý frame 94.82ms
2026-07-02 10:14:38 | DEBUG    | yolo_service:199 | [cam_002] Thời gian xử lý frame 46.38ms
2026-07-02 10:14:38 | DEBUG    | yolo_service:199 | [cam_001] Thời gian xử lý frame 83.82ms
2026-07-02 10:14:38 | DEBUG    | yolo_service:199 | [cam_002] Thời gian xử lý frame 62.38ms
2026-07-02 10:14:38 | DEBUG    | yolo_service:199 | [cam_001] Thời gian xử lý frame 16.71ms
2026-07-02 10:14:38 | DEBUG    | yolo_service:199 | [cam_002] Thời gian xử lý frame 21.59ms
2026-07-02 10:14:38 | DEBUG    | yolo_service:199 | [cam_002] Thời gian xử lý frame 71.70ms
2026-07-02 10:14:38 | DEBUG    | yolo_service:199 | [cam_002] Thời gian xử lý frame 31.17ms
2026-07-02 10:14:38 | DEBUG    | yolo_service:199 | [cam_002] Thời gian xử lý frame 34.99ms
2026-07-02 10:14:38 | DEBUG    | yolo_service:199 | [cam_001] Thời gian xử lý frame 160.32ms
2026-07-02 10:14:38 | DEBUG    | yolo_service:199 | [cam_002] Thời gian xử lý frame 25.28ms
2026-07-02 10:14:38 | DEBUG    | yolo_service:199 | [cam_001] Thời gian xử lý frame 83.30ms
2026-07-02 10:14:38 | DEBUG    | yolo_service:199 | [cam_002] Thời gian xử lý frame 61.25ms
2026-07-02 10:14:38 | DEBUG    | heartbeat_service:58 | 💓 Nhịp tim gửi Master: {'server_id': 'SV_004', 'cpu_usage': 50.7, 'has_gpu': True, 'gpu_usage': 0, 'vram_free_gb': 3.47, 'max_cam': 2}
2026-07-02 10:14:38 | DEBUG    | connectionpool:241 | Starting new HTTP connection (1): 10.40.91.11:5000
2026-07-02 10:14:38 | DEBUG    | yolo_service:199 | [cam_002] Thời gian xử lý frame 25.09ms
2026-07-02 10:14:38 | DEBUG    | connectionpool:544 | http://10.40.91.11:5000 "POST /api/heartbeat HTTP/1.1" 200 68
2026-07-02 10:14:38 | DEBUG    | yolo_service:199 | [cam_002] Thời gian xử lý frame 18.67ms
2026-07-02 10:14:38 | DEBUG    | yolo_service:199 | [cam_001] Thời gian xử lý frame 84.94ms
2026-07-02 10:14:38 | DEBUG    | yolo_service:199 | [cam_001] Thời gian xử lý frame 17.40ms
2026-07-02 10:14:38 | DEBUG    | yolo_service:199 | [cam_002] Thời gian xử lý frame 64.26ms
2026-07-02 10:14:38 | DEBUG    | yolo_service:199 | [cam_002] Thời gian xử lý frame 28.61ms
2026-07-02 10:14:38 | DEBUG    | yolo_service:199 | [cam_001] Thời gian xử lý frame 88.09ms
2026-07-02 10:14:38 | DEBUG    | yolo_service:199 | [cam_002] Thời gian xử lý frame 63.53ms
2026-07-02 10:14:38 | DEBUG    | yolo_service:199 | [cam_002] Thời gian xử lý frame 71.51ms
2026-07-02 10:14:38 | DEBUG    | yolo_service:199 | [cam_001] Thời gian xử lý frame 85.70ms
2026-07-02 10:14:38 | DEBUG    | yolo_service:199 | [cam_002] Thời gian xử lý frame 23.38ms
2026-07-02 10:14:38 | DEBUG    | yolo_service:199 | [cam_001] Thời gian xử lý frame 27.71ms
2026-07-02 10:14:38 | DEBUG    | yolo_service:199 | [cam_002] Thời gian xử lý frame 22.30ms
2026-07-02 10:14:39 | DEBUG    | yolo_service:199 | [cam_002] Thời gian xử lý frame 67.78ms
2026-07-02 10:14:39 | DEBUG    | yolo_service:199 | [cam_001] Thời gian xử lý frame 88.75ms
2026-07-02 10:14:39 | DEBUG    | yolo_service:199 | [cam_002] Thời gian xử lý frame 27.04ms
2026-07-02 10:14:39 | DEBUG    | yolo_service:199 | [cam_002] Thời gian xử lý frame 25.96ms
2026-07-02 10:14:39 | DEBUG    | yolo_service:199 | [cam_001] Thời gian xử lý frame 86.17ms
2026-07-02 10:14:39 | DEBUG    | yolo_service:199 | [cam_002] Thời gian xử lý frame 71.50ms
2026-07-02 10:14:39 | DEBUG    | yolo_service:199 | [cam_002] Thời gian xử lý frame 30.24ms
2026-07-02 10:14:39 | DEBUG    | yolo_service:199 | [cam_001] Thời gian xử lý frame 93.21ms
2026-07-02 10:14:39 | DEBUG    | yolo_service:199 | [cam_002] Thời gian xử lý frame 65.20ms
2026-07-02 10:14:39 | DEBUG    | yolo_service:199 | [cam_001] Thời gian xử lý frame 88.04ms
2026-07-02 10:14:39 | DEBUG    | yolo_service:199 | [cam_002] Thời gian xử lý frame 71.27ms
2026-07-02 10:14:39 | DEBUG    | yolo_service:199 | [cam_002] Thời gian xử lý frame 20.71ms
2026-07-02 10:14:39 | DEBUG    | yolo_service:199 | [cam_001] Thời gian xử lý frame 106.46ms
2026-07-02 10:14:39 | DEBUG    | yolo_service:199 | [cam_002] Thời gian xử lý frame 72.81ms
2026-07-02 10:14:39 | DEBUG    | yolo_service:199 | [cam_001] Thời gian xử lý frame 32.24ms
2026-07-02 10:14:39 | DEBUG    | yolo_service:199 | [cam_002] Thời gian xử lý frame 26.12ms
2026-07-02 10:14:39 | DEBUG    | yolo_service:199 | [cam_002] Thời gian xử lý frame 56.39ms
2026-07-02 10:14:39 | DEBUG    | yolo_service:199 | [cam_001] Thời gian xử lý frame 92.31ms
2026-07-02 10:14:39 | DEBUG    | yolo_service:199 | [cam_002] Thời gian xử lý frame 26.19ms
2026-07-02 10:14:39 | DEBUG    | yolo_service:199 | [cam_001] Thời gian xử lý frame 28.58ms
2026-07-02 10:14:39 | DEBUG    | yolo_service:199 | [cam_002] Thời gian xử lý frame 30.11ms
2026-07-02 10:14:39 | DEBUG    | yolo_service:199 | [cam_001] Thời gian xử lý frame 19.44ms
2026-07-02 10:14:39 | DEBUG    | yolo_service:199 | [cam_002] Thời gian xử lý frame 60.00ms
2026-07-02 10:14:39 | DEBUG    | yolo_service:199 | [cam_002] Thời gian xử lý frame 23.39ms
2026-07-02 10:14:39 | DEBUG    | yolo_service:199 | [cam_002] Thời gian xử lý frame 22.79ms
2026-07-02 10:14:39 | DEBUG    | yolo_service:199 | [cam_002] Thời gian xử lý frame 65.31ms

2026-07-02 10:14:39 | DEBUG    | yolo_service:199 | [cam_002] Thời gian xử lý frame 22.24ms
2026-07-02 10:14:39 | DEBUG    | yolo_service:199 | [cam_002] Thời gian xử lý frame 66.17ms
2026-07-02 10:14:39 | DEBUG    | yolo_service:199 | [cam_001] Thời gian xử lý frame 89.85ms
2026-07-02 10:14:39 | DEBUG    | yolo_service:199 | [cam_002] Thời gian xử lý frame 25.65ms
2026-07-02 10:14:39 | DEBUG    | yolo_service:199 | [cam_001] Thời gian xử lý frame 95.09ms
2026-07-02 10:14:39 | DEBUG    | yolo_service:199 | [cam_002] Thời gian xử lý frame 69.45ms
2026-07-02 10:14:39 | DEBUG    | yolo_service:199 | [cam_001] Thời gian xử lý frame 19.13ms
2026-07-02 10:14:39 | DEBUG    | yolo_service:199 | [cam_002] Thời gian xử lý frame 58.99ms
2026-07-02 10:14:40 | DEBUG    | yolo_service:199 | [cam_001] Thời gian xử lý frame 86.73ms
2026-07-02 10:14:40 | DEBUG    | yolo_service:199 | [cam_002] Thời gian xử lý frame 57.73ms
2026-07-02 10:14:40 | DEBUG    | yolo_service:199 | [cam_002] Thời gian xử lý frame 62.20ms
2026-07-02 10:14:40 | DEBUG    | yolo_service:199 | [cam_001] Thời gian xử lý frame 89.79ms
2026-07-02 10:14:40 | DEBUG    | yolo_service:199 | [cam_002] Thời gian xử lý frame 23.75ms
2026-07-02 10:14:40 | DEBUG    | yolo_service:199 | [cam_002] Thời gian xử lý frame 24.68ms
2026-07-02 10:14:40 | DEBUG    | yolo_service:199 | [cam_001] Thời gian xử lý frame 84.73ms
2026-07-02 10:14:40 | DEBUG    | yolo_service:199 | [cam_002] Thời gian xử lý frame 60.84ms
2026-07-02 10:14:40 | DEBUG    | yolo_service:199 | [cam_002] Thời gian xử lý frame 22.41ms
2026-07-02 10:14:40 | DEBUG    | yolo_service:199 | [cam_001] Thời gian xử lý frame 85.54ms
2026-07-02 10:14:40 | DEBUG    | yolo_service:199 | [cam_002] Thời gian xử lý frame 62.55ms
2026-07-02 10:14:40 | DEBUG    | yolo_service:199 | [cam_002] Thời gian xử lý frame 63.39ms
2026-07-02 10:14:40 | DEBUG    | yolo_service:199 | [cam_001] Thời gian xử lý frame 98.88ms
2026-07-02 10:14:40 | DEBUG    | yolo_service:199 | [cam_002] Thời gian xử lý frame 48.66ms
2026-07-02 10:14:40 | DEBUG    | yolo_service:199 | [cam_002] Thời gian xử lý frame 22.78ms
2026-07-02 10:14:40 | DEBUG    | yolo_service:199 | [cam_001] Thời gian xử lý frame 89.54ms
2026-07-02 10:14:40 | DEBUG    | yolo_service:199 | [cam_002] Thời gian xử lý frame 59.27ms
2026-07-02 10:14:40 | DEBUG    | yolo_service:199 | [cam_002] Thời gian xử lý frame 248.89ms
2026-07-02 10:14:40 | DEBUG    | yolo_service:199 | [cam_001] Thời gian xử lý frame 269.12ms
2026-07-02 10:14:40 | DEBUG    | yolo_service:199 | [cam_002] Thời gian xử lý frame 18.26ms
2026-07-02 10:14:40 | DEBUG    | yolo_service:199 | [cam_001] Thời gian xử lý frame 23.31ms
2026-07-02 10:14:40 | DEBUG    | yolo_service:199 | [cam_002] Thời gian xử lý frame 21.59ms
2026-07-02 10:14:40 | DEBUG    | yolo_service:199 | [cam_002] Thời gian xử lý frame 57.97ms
2026-07-02 10:14:40 | DEBUG    | yolo_service:199 | [cam_001] Thời gian xử lý frame 85.51ms
2026-07-02 10:14:40 | DEBUG    | yolo_service:199 | [cam_002] Thời gian xử lý frame 17.86ms
2026-07-02 10:14:40 | DEBUG    | yolo_service:199 | [cam_002] Thời gian xử lý frame 57.82ms
2026-07-02 10:14:40 | DEBUG    | yolo_service:199 | [cam_002] Thời gian xử lý frame 20.47ms
2026-07-02 10:14:40 | DEBUG    | yolo_service:199 | [cam_001] Thời gian xử lý frame 93.39ms
2026-07-02 10:14:40 | DEBUG    | yolo_service:199 | [cam_001] Thời gian xử lý frame 18.85ms
2026-07-02 10:14:41 | DEBUG    | yolo_service:199 | [cam_002] Thời gian xử lý frame 60.40ms
2026-07-02 10:14:41 | DEBUG    | yolo_service:199 | [cam_002] Thời gian xử lý frame 19.06ms
2026-07-02 10:14:41 | DEBUG    | yolo_service:199 | [cam_001] Thời gian xử lý frame 85.09ms
2026-07-02 10:14:41 | DEBUG    | yolo_service:199 | [cam_002] Thời gian xử lý frame 57.66ms
2026-07-02 10:14:41 | DEBUG    | yolo_service:199 | [cam_002] Thời gian xử lý frame 22.54ms
2026-07-02 10:14:41 | DEBUG    | yolo_service:199 | [cam_001] Thời gian xử lý frame 86.40ms
2026-07-02 10:14:41 | DEBUG    | yolo_service:199 | [cam_001] Thời gian xử lý frame 21.01ms
2026-07-02 10:14:41 | DEBUG    | yolo_service:199 | [cam_002] Thời gian xử lý frame 59.04ms
2026-07-02 10:14:41 | DEBUG    | yolo_service:199 | [cam_002] Thời gian xử lý frame 16.69ms
2026-07-02 10:14:41 | DEBUG    | yolo_service:199 | [cam_002] Thời gian xử lý frame 66.30ms
2026-07-02 10:14:41 | DEBUG    | yolo_service:199 | [cam_002] Thời gian xử lý frame 16.50ms
2026-07-02 10:14:41 | DEBUG    | yolo_service:199 | [cam_001] Thời gian xử lý frame 154.44ms
2026-07-02 10:14:41 | DEBUG    | yolo_service:199 | [cam_002] Thời gian xử lý frame 61.13ms
2026-07-02 10:14:41 | DEBUG    | yolo_service:199 | [cam_002] Thời gian xử lý frame 69.22ms
2026-07-02 10:14:41 | DEBUG    | yolo_service:199 | [cam_001] Thời gian xử lý frame 92.95ms
2026-07-02 10:14:41 | DEBUG    | yolo_service:199 | [cam_002] Thời gian xử lý frame 22.70ms
2026-07-02 10:14:41 | DEBUG    | yolo_service:199 | [cam_002] Thời gian xử lý frame 60.12ms
2026-07-02 10:14:41 | DEBUG    | yolo_service:199 | [cam_001] Thời gian xử lý frame 87.60ms
2026-07-02 10:14:41 | DEBUG    | yolo_service:199 | [cam_001] Thời gian xử lý frame 17.54ms
2026-07-02 10:14:41 | DEBUG    | yolo_service:199 | [cam_002] Thời gian xử lý frame 60.15ms
2026-07-02 10:14:41 | DEBUG    | yolo_service:199 | [cam_002] Thời gian xử lý frame 60.73ms
2026-07-02 10:14:41 | DEBUG    | yolo_service:199 | [cam_002] Thời gian xử lý frame 67.37ms
2026-07-02 10:14:41 | DEBUG    | yolo_service:199 | [cam_002] Thời gian xử lý frame 21.78ms
2026-07-02 10:14:41 | DEBUG    | yolo_service:199 | [cam_001] Thời gian xử lý frame 94.69ms
2026-07-02 10:14:41 | DEBUG    | yolo_service:199 | [cam_001] Thời gian xử lý frame 24.17ms
2026-07-02 10:14:41 | DEBUG    | yolo_service:199 | [cam_002] Thời gian xử lý frame 58.41ms
2026-07-02 10:14:41 | DEBUG    | yolo_service:199 | [cam_002] Thời gian xử lý frame 15.27ms
2026-07-02 10:14:41 | DEBUG    | yolo_service:199 | [cam_001] Thời gian xử lý frame 88.95ms
2026-07-02 10:14:41 | DEBUG    | yolo_service:199 | [cam_002] Thời gian xử lý frame 67.64ms
2026-07-02 10:14:41 | DEBUG    | yolo_service:199 | [cam_002] Thời gian xử lý frame 31.70ms
2026-07-02 10:14:41 | DEBUG    | yolo_service:199 | [cam_002] Thời gian xử lý frame 18.34ms
2026-07-02 10:14:41 | DEBUG    | yolo_service:199 | [cam_001] Thời gian xử lý frame 86.36ms
2026-07-02 10:14:41 | DEBUG    | yolo_service:199 | [cam_002] Thời gian xử lý frame 64.17ms
2026-07-02 10:14:41 | DEBUG    | yolo_service:199 | [cam_002] Thời gian xử lý frame 16.60ms
2026-07-02 10:14:41 | DEBUG    | yolo_service:199 | [cam_001] Thời gian xử lý frame 85.64ms
2026-07-02 10:14:42 | DEBUG    | yolo_service:199 | [cam_002] Thời gian xử lý frame 63.10ms
2026-07-02 10:14:42 | DEBUG    | yolo_service:199 | [cam_002] Thời gian xử lý frame 25.08ms
2026-07-02 10:14:42 | DEBUG    | yolo_service:199 | [cam_001] Thời gian xử lý frame 102.57ms
2026-07-02 10:14:42 | DEBUG    | yolo_service:199 | [cam_001] Thời gian xử lý frame 26.28ms
2026-07-02 10:14:42 | DEBUG    | yolo_service:199 | [cam_002] Thời gian xử lý frame 59.23ms
2026-07-02 10:14:42 | DEBUG    | yolo_service:199 | [cam_002] Thời gian xử lý frame 73.15ms
2026-07-02 10:14:42 | DEBUG    | yolo_service:199 | [cam_001] Thời gian xử lý frame 106.42ms
2026-07-02 10:14:42 | DEBUG    | yolo_service:199 | [cam_002] Thời gian xử lý frame 32.91ms
2026-07-02 10:14:42 | DEBUG    | yolo_service:199 | [cam_001] Thời gian xử lý frame 21.23ms
2026-07-02 10:14:42 | DEBUG    | yolo_service:199 | [cam_002] Thời gian xử lý frame 20.62ms
2026-07-02 10:14:42 | DEBUG    | yolo_service:199 | [cam_002] Thời gian xử lý frame 61.01ms
2026-07-02 10:14:42 | DEBUG    | yolo_service:199 | [cam_001] Thời gian xử lý frame 99.43ms
2026-07-02 10:14:42 | DEBUG    | yolo_service:199 | [cam_001] Thời gian xử lý frame 27.73ms
2026-07-02 10:14:42 | DEBUG    | yolo_service:199 | [cam_002] Thời gian xử lý frame 72.17ms
2026-07-02 10:14:42 | DEBUG    | yolo_service:199 | [cam_002] Thời gian xử lý frame 17.47ms
2026-07-02 10:14:42 | DEBUG    | yolo_service:199 | [cam_001] Thời gian xử lý frame 102.43ms
2026-07-02 10:14:42 | DEBUG    | yolo_service:199 | [cam_002] Thời gian xử lý frame 76.77ms
2026-07-02 10:14:42 | DEBUG    | yolo_service:199 | [cam_001] Thời gian xử lý frame 38.77ms
2026-07-02 10:14:42 | DEBUG    | yolo_service:199 | [cam_002] Thời gian xử lý frame 38.68ms
2026-07-02 10:14:42 | DEBUG    | yolo_service:199 | [cam_002] Thời gian xử lý frame 29.77ms
2026-07-02 10:14:42 | DEBUG    | yolo_service:199 | [cam_002] Thời gian xử lý frame 19.23ms
2026-07-02 10:14:42 | DEBUG    | yolo_service:199 | [cam_001] Thời gian xử lý frame 89.83ms
2026-07-02 10:14:42 | DEBUG    | yolo_service:199 | [cam_002] Thời gian xử lý frame 73.59ms
2026-07-02 10:14:42 | DEBUG    | yolo_service:199 | [cam_002] Thời gian xử lý frame 44.43ms
2026-07-02 10:14:42 | DEBUG    | yolo_service:199 | [cam_001] Thời gian xử lý frame 101.76ms
2026-07-02 10:14:42 | DEBUG    | yolo_service:199 | [cam_002] Thời gian xử lý frame 34.07ms
2026-07-02 10:14:42 | DEBUG    | yolo_service:199 | [cam_002] Thời gian xử lý frame 26.41ms
2026-07-02 10:14:42 | DEBUG    | yolo_service:199 | [cam_002] Thời gian xử lý frame 24.12ms
2026-07-02 10:14:42 | DEBUG    | yolo_service:199 | [cam_001] Thời gian xử lý frame 91.98ms
2026-07-02 10:14:42 | DEBUG    | yolo_service:199 | [cam_002] Thời gian xử lý frame 22.86ms
2026-07-02 10:14:42 | DEBUG    | yolo_service:199 | [cam_002] Thời gian xử lý frame 79.65ms
2026-07-02 10:14:42 | DEBUG    | yolo_service:199 | [cam_001] Thời gian xử lý frame 108.99ms
2026-07-02 10:14:42 | DEBUG    | yolo_service:199 | [cam_002] Thời gian xử lý frame 32.30ms
2026-07-02 10:14:42 | DEBUG    | yolo_service:199 | [cam_002] Thời gian xử lý frame 17.68ms
2026-07-02 10:14:42 | DEBUG    | yolo_service:199 | [cam_002] Thời gian xử lý frame 13.58ms
2026-07-02 10:14:43 | DEBUG    | yolo_service:199 | [cam_001] Thời gian xử lý frame 81.69ms
2026-07-02 10:14:43 | DEBUG    | yolo_service:199 | [cam_002] Thời gian xử lý frame 63.27ms
2026-07-02 10:14:43 | DEBUG    | yolo_service:199 | [cam_002] Thời gian xử lý frame 15.28ms
2026-07-02 10:14:43 | DEBUG    | yolo_service:199 | [cam_001] Thời gian xử lý frame 99.23ms
2026-07-02 10:14:43 | DEBUG    | yolo_service:199 | [cam_002] Thời gian xử lý frame 73.62ms
2026-07-02 10:14:43 | DEBUG    | yolo_service:199 | [cam_001] Thời gian xử lý frame 28.35ms
2026-07-02 10:14:43 | DEBUG    | yolo_service:199 | [cam_002] Thời gian xử lý frame 19.93ms
2026-07-02 10:14:43 | DEBUG    | yolo_service:199 | [cam_002] Thời gian xử lý frame 59.89ms
2026-07-02 10:14:43 | DEBUG    | yolo_service:199 | [cam_002] Thời gian xử lý frame 33.81ms
2026-07-02 10:14:43 | DEBUG    | yolo_service:199 | [cam_001] Thời gian xử lý frame 107.85ms
2026-07-02 10:14:43 | DEBUG    | yolo_service:199 | [cam_002] Thời gian xử lý frame 28.77ms
2026-07-02 10:14:43 | DEBUG    | yolo_service:199 | [cam_001] Thời gian xử lý frame 24.55ms
2026-07-02 10:14:43 | DEBUG    | yolo_service:199 | [cam_002] Thời gian xử lý frame 63.17ms
2026-07-02 10:14:43 | DEBUG    | yolo_service:199 | [cam_001] Thời gian xử lý frame 98.67ms
2026-07-02 10:14:43 | DEBUG    | yolo_service:199 | [cam_002] Thời gian xử lý frame 66.34ms
2026-07-02 10:14:43 | DEBUG    | yolo_service:199 | [cam_002] Thời gian xử lý frame 21.98ms
2026-07-02 10:14:43 | DEBUG    | yolo_service:199 | [cam_002] Thời gian xử lý frame 16.84ms
2026-07-02 10:14:43 | DEBUG    | yolo_service:199 | [cam_001] Thời gian xử lý frame 88.21ms
2026-07-02 10:14:43 | DEBUG    | yolo_service:199 | [cam_002] Thời gian xử lý frame 68.44ms
2026-07-02 10:14:43 | DEBUG    | yolo_service:199 | [cam_001] Thời gian xử lý frame 104.08ms
2026-07-02 10:14:43 | DEBUG    | yolo_service:199 | [cam_002] Thời gian xử lý frame 73.30ms
2026-07-02 10:14:43 | DEBUG    | yolo_service:199 | [cam_001] Thời gian xử lý frame 31.67ms
2026-07-02 10:14:43 | DEBUG    | yolo_service:199 | [cam_002] Thời gian xử lý frame 61.97ms
2026-07-02 10:14:43 | DEBUG    | yolo_service:199 | [cam_002] Thời gian xử lý frame 28.74ms
2026-07-02 10:14:43 | DEBUG    | yolo_service:199 | [cam_001] Thời gian xử lý frame 97.47ms
2026-07-02 10:14:43 | DEBUG    | yolo_service:199 | [cam_001] Thời gian xử lý frame 21.87ms
2026-07-02 10:14:43 | DEBUG    | yolo_service:199 | [cam_002] Thời gian xử lý frame 60.47ms
2026-07-02 10:14:43 | DEBUG    | yolo_service:199 | [cam_002] Thời gian xử lý frame 18.55ms
2026-07-02 10:14:43 | DEBUG    | yolo_service:199 | [cam_002] Thời gian xử lý frame 16.84ms
2026-07-02 10:14:43 | DEBUG    | yolo_service:199 | [cam_001] Thời gian xử lý frame 83.49ms
2026-07-02 10:14:43 | DEBUG    | yolo_service:199 | [cam_002] Thời gian xử lý frame 64.41ms
2026-07-02 10:14:43 | DEBUG    | yolo_service:199 | [cam_002] Thời gian xử lý frame 23.79ms
2026-07-02 10:14:43 | DEBUG    | yolo_service:199 | [cam_001] Thời gian xử lý frame 97.63ms
2026-07-02 10:14:43 | DEBUG    | yolo_service:199 | [cam_002] Thời gian xử lý frame 67.89ms
2026-07-02 10:14:43 | DEBUG    | yolo_service:199 | [cam_002] Thời gian xử lý frame 31.68ms
2026-07-02 10:14:44 | DEBUG    | yolo_service:199 | [cam_002] Thời gian xử lý frame 40.78ms
2026-07-02 10:14:44 | DEBUG    | yolo_service:199 | [cam_001] Thời gian xử lý frame 120.40ms
2026-07-02 10:14:44 | DEBUG    | yolo_service:199 | [cam_002] Thời gian xử lý frame 30.92ms
2026-07-02 10:14:44 | DEBUG    | yolo_service:199 | [cam_002] Thời gian xử lý frame 23.90ms
2026-07-02 10:14:44 | DEBUG    | yolo_service:199 | [cam_001] Thời gian xử lý frame 90.53ms
2026-07-02 10:14:44 | DEBUG    | yolo_service:199 | [cam_002] Thời gian xử lý frame 60.95ms
2026-07-02 10:14:44 | DEBUG    | yolo_service:199 | [cam_002] Thời gian xử lý frame 26.41ms
2026-07-02 10:14:44 | DEBUG    | yolo_service:199 | [cam_001] Thời gian xử lý frame 91.04ms
2026-07-02 10:14:44 | DEBUG    | yolo_service:199 | [cam_002] Thời gian xử lý frame 62.06ms
2026-07-02 10:14:44 | DEBUG    | yolo_service:199 | [cam_002] Thời gian xử lý frame 79.27ms
2026-07-02 10:14:44 | DEBUG    | yolo_service:199 | [cam_001] Thời gian xử lý frame 93.34ms
2026-07-02 10:14:44 | DEBUG    | yolo_service:199 | [cam_001] Thời gian xử lý frame 38.71ms
2026-07-02 10:14:44 | DEBUG    | yolo_service:199 | [cam_001] Thời gian xử lý frame 53.52ms
2026-07-02 10:14:44 | DEBUG    | yolo_service:199 | [cam_002] Thời gian xử lý frame 102.48ms
2026-07-02 10:14:44 | DEBUG    | yolo_service:199 | [cam_002] Thời gian xử lý frame 22.98ms
2026-07-02 10:14:44 | DEBUG    | yolo_service:199 | [cam_002] Thời gian xử lý frame 293.99ms
2026-07-02 10:14:44 | DEBUG    | yolo_service:199 | [cam_001] Thời gian xử lý frame 327.69ms
2026-07-02 10:14:44 | DEBUG    | yolo_service:199 | [cam_001] Thời gian xử lý frame 22.11ms
2026-07-02 10:14:44 | DEBUG    | heartbeat_service:58 | 💓 Nhịp tim gửi Master: {'server_id': 'SV_004', 'cpu_usage': 72.6, 'has_gpu': True, 'gpu_usage': 0, 'vram_free_gb': 3.47, 'max_cam': 2}
2026-07-02 10:14:44 | DEBUG    | connectionpool:241 | Starting new HTTP connection (1): 10.40.91.11:5000
2026-07-02 10:14:44 | DEBUG    | yolo_service:199 | [cam_001] Thời gian xử lý frame 19.26ms
2026-07-02 10:14:44 | DEBUG    | connectionpool:544 | http://10.40.91.11:5000 "POST /api/heartbeat HTTP/1.1" 200 68
2026-07-02 10:14:44 | DEBUG    | yolo_service:199 | [cam_002] Thời gian xử lý frame 54.47ms
2026-07-02 10:14:44 | DEBUG    | yolo_service:199 | [cam_002] Thời gian xử lý frame 13.22ms
2026-07-02 10:14:44 | DEBUG    | yolo_service:199 | [cam_001] Thời gian xử lý frame 78.38ms
2026-07-02 10:14:44 | DEBUG    | yolo_service:199 | [cam_002] Thời gian xử lý frame 51.84ms
2026-07-02 10:14:44 | DEBUG    | yolo_service:199 | [cam_002] Thời gian xử lý frame 8.32ms
2026-07-02 10:14:44 | DEBUG    | yolo_service:199 | [cam_001] Thời gian xử lý frame 77.80ms
2026-07-02 10:14:44 | DEBUG    | yolo_service:199 | [cam_002] Thời gian xử lý frame 50.84ms
2026-07-02 10:14:44 | DEBUG    | yolo_service:199 | [cam_002] Thời gian xử lý frame 50.47ms
2026-07-02 10:14:45 | DEBUG    | yolo_service:199 | [cam_001] Thời gian xử lý frame 87.45ms
2026-07-02 10:14:45 | DEBUG    | yolo_service:199 | [cam_002] Thời gian xử lý frame 55.06ms
2026-07-02 10:14:45 | DEBUG    | yolo_service:199 | [cam_002] Thời gian xử lý frame 10.29ms
2026-07-02 10:14:45 | DEBUG    | yolo_service:199 | [cam_001] Thời gian xử lý frame 78.71ms
2026-07-02 10:14:45 | DEBUG    | yolo_service:199 | [cam_002] Thời gian xử lý frame 58.15ms
2026-07-02 10:14:45 | DEBUG    | yolo_service:199 | [cam_001] Thời gian xử lý frame 16.11ms
2026-07-02 10:14:45 | DEBUG    | yolo_service:199 | [cam_002] Thời gian xử lý frame 48.90ms
2026-07-02 10:14:45 | DEBUG    | yolo_service:199 | [cam_001] Thời gian xử lý frame 78.23ms
2026-07-02 10:14:45 | DEBUG    | yolo_service:199 | [cam_002] Thời gian xử lý frame 48.51ms
2026-07-02 10:14:45 | DEBUG    | yolo_service:199 | [cam_002] Thời gian xử lý frame 51.96ms
2026-07-02 10:14:45 | DEBUG    | yolo_service:199 | [cam_001] Thời gian xử lý frame 79.71ms
2026-07-02 10:14:45 | DEBUG    | yolo_service:199 | [cam_001] Thời gian xử lý frame 77.40ms
2026-07-02 10:14:45 | DEBUG    | yolo_service:199 | [cam_002] Thời gian xử lý frame 94.47ms
2026-07-02 10:14:45 | DEBUG    | yolo_service:199 | [cam_002] Thời gian xử lý frame 48.32ms
2026-07-02 10:14:45 | DEBUG    | yolo_service:199 | [cam_001] Thời gian xử lý frame 80.20ms
2026-07-02 10:14:45 | DEBUG    | yolo_service:199 | [cam_001] Thời gian xử lý frame 12.57ms
2026-07-02 10:14:45 | DEBUG    | yolo_service:199 | [cam_002] Thời gian xử lý frame 48.26ms
2026-07-02 10:14:45 | DEBUG    | yolo_service:199 | [cam_002] Thời gian xử lý frame 59.02ms
2026-07-02 10:14:45 | DEBUG    | yolo_service:199 | [cam_002] Thời gian xử lý frame 10.71ms
2026-07-02 10:14:45 | DEBUG    | yolo_service:199 | [cam_001] Thời gian xử lý frame 87.89ms
2026-07-02 10:14:45 | DEBUG    | yolo_service:199 | [cam_002] Thời gian xử lý frame 48.69ms
2026-07-02 10:14:45 | DEBUG    | yolo_service:199 | [cam_001] Thời gian xử lý frame 77.33ms
2026-07-02 10:14:45 | DEBUG    | yolo_service:199 | [cam_002] Thời gian xử lý frame 50.18ms
2026-07-02 10:14:45 | DEBUG    | yolo_service:199 | [cam_002] Thời gian xử lý frame 47.34ms
2026-07-02 10:14:45 | DEBUG    | yolo_service:199 | [cam_001] Thời gian xử lý frame 76.90ms
2026-07-02 10:14:45 | DEBUG    | yolo_service:199 | [cam_001] Thời gian xử lý frame 12.13ms
2026-07-02 10:14:45 | DEBUG    | yolo_service:199 | [cam_002] Thời gian xử lý frame 51.56ms
2026-07-02 10:14:45 | DEBUG    | yolo_service:199 | [cam_001] Thời gian xử lý frame 86.55ms
2026-07-02 10:14:45 | DEBUG    | yolo_service:199 | [cam_002] Thời gian xử lý frame 60.42ms
2026-07-02 10:14:45 | DEBUG    | yolo_service:199 | [cam_002] Thời gian xử lý frame 14.11ms
2026-07-02 10:14:45 | DEBUG    | yolo_service:199 | [cam_002] Thời gian xử lý frame 48.95ms
2026-07-02 10:14:45 | DEBUG    | yolo_service:199 | [cam_001] Thời gian xử lý frame 84.95ms
2026-07-02 10:14:45 | DEBUG    | yolo_service:199 | [cam_002] Thời gian xử lý frame 55.10ms
2026-07-02 10:14:45 | DEBUG    | yolo_service:199 | [cam_001] Thời gian xử lý frame 79.13ms
2026-07-02 10:14:45 | DEBUG    | yolo_service:199 | [cam_002] Thời gian xử lý frame 50.71ms
2026-07-02 10:14:46 | DEBUG    | yolo_service:199 | [cam_002] Thời gian xử lý frame 50.02ms
2026-07-02 10:14:46 | DEBUG    | yolo_service:199 | [cam_002] Thời gian xử lý frame 57.55ms
2026-07-02 10:14:46 | DEBUG    | yolo_service:199 | [cam_002] Thời gian xử lý frame 10.97ms
2026-07-02 10:14:46 | DEBUG    | yolo_service:199 | [cam_001] Thời gian xử lý frame 146.05ms
2026-07-02 10:14:46 | DEBUG    | yolo_service:199 | [cam_002] Thời gian xử lý frame 50.61ms
2026-07-02 10:14:46 | DEBUG    | yolo_service:199 | [cam_001] Thời gian xử lý frame 74.86ms
2026-07-02 10:14:46 | DEBUG    | yolo_service:199 | [cam_002] Thời gian xử lý frame 56.37ms
2026-07-02 10:14:46 | DEBUG    | yolo_service:199 | [cam_002] Thời gian xử lý frame 9.61ms
2026-07-02 10:14:46 | DEBUG    | yolo_service:199 | [cam_001] Thời gian xử lý frame 76.36ms
2026-07-02 10:14:46 | DEBUG    | yolo_service:199 | [cam_002] Thời gian xử lý frame 58.36ms
2026-07-02 10:14:46 | INFO     | main:41 | 
🛑 Server YOLO đang tắt máy! Đang báo cáo về Master để xả Camera...
2026-07-02 10:14:46 | DEBUG    | connectionpool:241 | Starting new HTTP connection (1): 10.40.91.11:5000
2026-07-02 10:14:46 | DEBUG    | connectionpool:544 | http://10.40.91.11:5000 "POST /api/servers/offline HTTP/1.1" 200 85
2026-07-02 10:14:46 | DEBUG    | main:46 | ✅ Đã bàn giao lại toàn bộ Camera cho Master thành công!

