2026-07-02 10:11:40 | INFO     | main:3 | 🎬 [WORKER] Hệ thống Logger toàn cục theo phiên đã kích hoạt!
2026-07-02 10:11:47 | DEBUG    | __init__:347 | matplotlib data path: C:\Users\Admin\AppData\Local\Programs\Python\Python312\Lib\site-packages\matplotlib\mpl-data
2026-07-02 10:11:47 | DEBUG    | __init__:347 | CONFIGDIR=C:\Users\Admin\.matplotlib
2026-07-02 10:11:47 | DEBUG    | __init__:1564 | interactive is False
2026-07-02 10:11:47 | DEBUG    | __init__:1565 | platform is win32
2026-07-02 10:11:47 | DEBUG    | __init__:347 | CACHEDIR=C:\Users\Admin\.matplotlib
2026-07-02 10:11:47 | DEBUG    | font_manager:1843 | Using fontManager instance from C:\Users\Admin\.matplotlib\fontlist-v3.11.0.json
2026-07-02 10:11:47 | DEBUG    | loader:96 | Environment variable FAISS_OPT_LEVEL is not set, so let's pick the instruction set according to the current CPU
2026-07-02 10:11:47 | INFO     | loader:132 | Loading faiss with AVX2 support.
2026-07-02 10:11:47 | INFO     | loader:137 | Could not load library with AVX2 support due to:
ModuleNotFoundError("No module named 'faiss.swigfaiss_avx2'")
2026-07-02 10:11:47 | INFO     | loader:156 | Loading faiss.
2026-07-02 10:11:47 | INFO     | loader:158 | Successfully loaded faiss.
2026-07-02 10:11:48 | INFO     | main:3 | 🎬 [WORKER] Hệ thống Logger toàn cục theo phiên đã kích hoạt!
2026-07-02 10:11:54 | DEBUG    | __init__:347 | matplotlib data path: C:\Users\Admin\AppData\Local\Programs\Python\Python312\Lib\site-packages\matplotlib\mpl-data
2026-07-02 10:11:54 | DEBUG    | __init__:347 | CONFIGDIR=C:\Users\Admin\.matplotlib
2026-07-02 10:11:54 | DEBUG    | __init__:1564 | interactive is False
2026-07-02 10:11:54 | DEBUG    | __init__:1565 | platform is win32
2026-07-02 10:11:54 | DEBUG    | __init__:347 | CACHEDIR=C:\Users\Admin\.matplotlib
2026-07-02 10:11:54 | DEBUG    | font_manager:1843 | Using fontManager instance from C:\Users\Admin\.matplotlib\fontlist-v3.11.0.json
2026-07-02 10:11:54 | DEBUG    | loader:96 | Environment variable FAISS_OPT_LEVEL is not set, so let's pick the instruction set according to the current CPU
2026-07-02 10:11:54 | INFO     | loader:132 | Loading faiss with AVX2 support.
2026-07-02 10:11:54 | INFO     | loader:137 | Could not load library with AVX2 support due to:
ModuleNotFoundError("No module named 'faiss.swigfaiss_avx2'")
2026-07-02 10:11:54 | INFO     | loader:156 | Loading faiss.
2026-07-02 10:11:54 | INFO     | loader:158 | Successfully loaded faiss.
2026-07-02 10:11:56 | INFO     | main:63 | 
=======================================================
2026-07-02 10:11:56 | INFO     | main:64 | 🤖 WORKER YOLO AI ĐÃ SẴN SÀNG - ĐANG CHỜ MASTER GIAO VIỆC
2026-07-02 10:11:56 | INFO     | main:65 | =======================================================

2026-07-02 10:11:56 | DEBUG    | proactor_events:634 | Using proactor: IocpProactor
2026-07-02 10:11:56 | INFO     | heartbeat_service:68 | 💓 [Heartbeat Service] Đã kích hoạt máy đo nhịp tim chạy ngầm...
2026-07-02 10:11:57 | DEBUG    | heartbeat_service:58 | 💓 Nhịp tim gửi Master: {'server_id': 'SV_004', 'cpu_usage': 13.3, 'has_gpu': True, 'gpu_usage': 0, 'vram_free_gb': 3.87, 'max_cam': 2}
2026-07-02 10:11:57 | DEBUG    | connectionpool:241 | Starting new HTTP connection (1): 10.40.91.11:5000
2026-07-02 10:11:57 | DEBUG    | connectionpool:544 | http://10.40.91.11:5000 "POST /api/heartbeat HTTP/1.1" 200 68
2026-07-02 10:12:02 | DEBUG    | cameras_router:55 | 
🛑 Nhận lệnh Sync từ Master! Đang dọn dẹp 0 luồng YOLO cũ...
2026-07-02 10:12:04 | DEBUG    | heartbeat_service:58 | 💓 Nhịp tim gửi Master: {'server_id': 'SV_004', 'cpu_usage': 15.7, 'has_gpu': True, 'gpu_usage': 0, 'vram_free_gb': 3.87, 'max_cam': 2}
2026-07-02 10:12:04 | DEBUG    | connectionpool:241 | Starting new HTTP connection (1): 10.40.91.11:5000
2026-07-02 10:12:04 | DEBUG    | connectionpool:544 | http://10.40.91.11:5000 "POST /api/heartbeat HTTP/1.1" 200 68
2026-07-02 10:12:04 | DEBUG    | cameras_router:85 | ✅ [OK] Camera cam_001 - Luồng hình ảnh ổn định.
2026-07-02 10:12:06 | DEBUG    | cameras_router:85 | ✅ [OK] Camera cam_002 - Luồng hình ảnh ổn định.
2026-07-02 10:12:06 | INFO     | cameras_router:106 | 📊 [CHIA LÔ] Tổng: 2 Cam. Số YOLO gánh: 2 Process. Mỗi YOLO gánh: 1 Cam.
2026-07-02 10:12:06 | DEBUG    | cameras_router:30 | 🚀 BẮT ĐẦU CHIA LÔ CHO 2 CAMERA (Tối ưu: 1 Cam/1 YOLO) 🚀
2026-07-02 10:12:06 | INFO     | main:3 | 🎬 [WORKER] Hệ thống Logger toàn cục theo phiên đã kích hoạt!
2026-07-02 10:12:11 | DEBUG    | heartbeat_service:58 | 💓 Nhịp tim gửi Master: {'server_id': 'SV_004', 'cpu_usage': 19.2, 'has_gpu': True, 'gpu_usage': 0, 'vram_free_gb': 3.87, 'max_cam': 2}
2026-07-02 10:12:11 | DEBUG    | connectionpool:241 | Starting new HTTP connection (1): 10.40.91.11:5000
2026-07-02 10:12:11 | DEBUG    | connectionpool:544 | http://10.40.91.11:5000 "POST /api/heartbeat HTTP/1.1" 200 68
2026-07-02 10:12:11 | DEBUG    | __init__:347 | matplotlib data path: C:\Users\Admin\AppData\Local\Programs\Python\Python312\Lib\site-packages\matplotlib\mpl-data
2026-07-02 10:12:11 | DEBUG    | __init__:347 | CONFIGDIR=C:\Users\Admin\.matplotlib
2026-07-02 10:12:11 | DEBUG    | __init__:1564 | interactive is False
2026-07-02 10:12:11 | DEBUG    | __init__:1565 | platform is win32
2026-07-02 10:12:11 | DEBUG    | __init__:347 | CACHEDIR=C:\Users\Admin\.matplotlib
2026-07-02 10:12:11 | DEBUG    | font_manager:1843 | Using fontManager instance from C:\Users\Admin\.matplotlib\fontlist-v3.11.0.json
2026-07-02 10:12:11 | DEBUG    | loader:96 | Environment variable FAISS_OPT_LEVEL is not set, so let's pick the instruction set according to the current CPU
2026-07-02 10:12:11 | INFO     | loader:132 | Loading faiss with AVX2 support.
2026-07-02 10:12:11 | INFO     | loader:137 | Could not load library with AVX2 support due to:
ModuleNotFoundError("No module named 'faiss.swigfaiss_avx2'")
2026-07-02 10:12:11 | INFO     | loader:156 | Loading faiss.
2026-07-02 10:12:11 | INFO     | loader:158 | Successfully loaded faiss.
2026-07-02 10:12:12 | INFO     | yolo_service:104 | ⚙️ [YOLO SỐ 1] TIẾP NHẬN LÔ...
2026-07-02 10:12:12 | INFO     | gallery:43 | Loading ONNX model from osnet_x1_0.onnx...
2026-07-02 10:12:12 | INFO     | yolo_service:122 | 🚀 Đang nạp model ReID vào CUDAExecutionProvider...
2026-07-02 10:12:12 | INFO     | yolo_service:131 | 🚀 [YOLO 1] Đang mở luồng cam_001...
2026-07-02 10:12:12 | INFO     | yolo_service:139 | 🚀 [ZMQ] Camera cam_001 đã cầm súng, nhắm thẳng Master tại tcp://10.40.91.11:5558
2026-07-02 10:12:13 | INFO     | yolo_service:163 | 🎥 [START] YOLO bắt đầu ăn VRAM và quét frame cho cam_001...
2026-07-02 10:12:17 | DEBUG    | yolo_service:199 | [cam_001] Thời gian xử lý frame 3129.18ms
2026-07-02 10:12:17 | DEBUG    | yolo_service:199 | [cam_001] Thời gian xử lý frame 11.86ms
2026-07-02 10:12:17 | DEBUG    | yolo_service:199 | [cam_001] Thời gian xử lý frame 6.15ms
2026-07-02 10:12:17 | DEBUG    | yolo_service:199 | [cam_001] Thời gian xử lý frame 77.27ms
2026-07-02 10:12:17 | DEBUG    | heartbeat_service:58 | 💓 Nhịp tim gửi Master: {'server_id': 'SV_004', 'cpu_usage': 18.9, 'has_gpu': True, 'gpu_usage': 0, 'vram_free_gb': 3.69, 'max_cam': 2}
2026-07-02 10:12:17 | DEBUG    | connectionpool:241 | Starting new HTTP connection (1): 10.40.91.11:5000
2026-07-02 10:12:17 | DEBUG    | connectionpool:544 | http://10.40.91.11:5000 "POST /api/heartbeat HTTP/1.1" 200 68
2026-07-02 10:12:17 | DEBUG    | yolo_service:199 | [cam_001] Thời gian xử lý frame 73.19ms
2026-07-02 10:12:17 | DEBUG    | yolo_service:199 | [cam_001] Thời gian xử lý frame 81.26ms
2026-07-02 10:12:17 | DEBUG    | yolo_service:199 | [cam_001] Thời gian xử lý frame 9.58ms
2026-07-02 10:12:17 | DEBUG    | yolo_service:199 | [cam_001] Thời gian xử lý frame 141.95ms
2026-07-02 10:12:17 | DEBUG    | yolo_service:199 | [cam_001] Thời gian xử lý frame 5.67ms
2026-07-02 10:12:17 | DEBUG    | yolo_service:199 | [cam_001] Thời gian xử lý frame 79.40ms
2026-07-02 10:12:17 | DEBUG    | yolo_service:199 | [cam_001] Thời gian xử lý frame 78.93ms
2026-07-02 10:12:17 | DEBUG    | yolo_service:199 | [cam_001] Thời gian xử lý frame 80.33ms
2026-07-02 10:12:17 | DEBUG    | yolo_service:199 | [cam_001] Thời gian xử lý frame 76.09ms
2026-07-02 10:12:17 | DEBUG    | yolo_service:199 | [cam_001] Thời gian xử lý frame 78.36ms
2026-07-02 10:12:18 | DEBUG    | yolo_service:199 | [cam_001] Thời gian xử lý frame 73.17ms
2026-07-02 10:12:18 | DEBUG    | yolo_service:199 | [cam_001] Thời gian xử lý frame 143.48ms
2026-07-02 10:12:18 | DEBUG    | yolo_service:199 | [cam_001] Thời gian xử lý frame 76.01ms
2026-07-02 10:12:18 | DEBUG    | yolo_service:199 | [cam_001] Thời gian xử lý frame 73.08ms
2026-07-02 10:12:18 | DEBUG    | yolo_service:199 | [cam_001] Thời gian xử lý frame 81.06ms
2026-07-02 10:12:18 | DEBUG    | yolo_service:199 | [cam_001] Thời gian xử lý frame 8.81ms
2026-07-02 10:12:18 | DEBUG    | yolo_service:199 | [cam_001] Thời gian xử lý frame 144.15ms
2026-07-02 10:12:18 | DEBUG    | yolo_service:199 | [cam_001] Thời gian xử lý frame 6.38ms
2026-07-02 10:12:18 | DEBUG    | yolo_service:199 | [cam_001] Thời gian xử lý frame 80.17ms
2026-07-02 10:12:18 | DEBUG    | yolo_service:199 | [cam_001] Thời gian xử lý frame 77.98ms
2026-07-02 10:12:18 | DEBUG    | yolo_service:199 | [cam_001] Thời gian xử lý frame 74.96ms
2026-07-02 10:12:18 | DEBUG    | yolo_service:199 | [cam_001] Thời gian xử lý frame 5.82ms
2026-07-02 10:12:18 | DEBUG    | yolo_service:199 | [cam_001] Thời gian xử lý frame 142.16ms
2026-07-02 10:12:18 | DEBUG    | yolo_service:199 | [cam_001] Thời gian xử lý frame 73.49ms
2026-07-02 10:12:19 | DEBUG    | yolo_service:199 | [cam_001] Thời gian xử lý frame 143.32ms
2026-07-02 10:12:19 | DEBUG    | yolo_service:199 | [cam_001] Thời gian xử lý frame 85.47ms
2026-07-02 10:12:19 | DEBUG    | yolo_service:199 | [cam_001] Thời gian xử lý frame 77.57ms
2026-07-02 10:12:19 | DEBUG    | yolo_service:199 | [cam_001] Thời gian xử lý frame 79.63ms
2026-07-02 10:12:19 | DEBUG    | yolo_service:199 | [cam_001] Thời gian xử lý frame 7.48ms
2026-07-02 10:12:19 | DEBUG    | yolo_service:199 | [cam_001] Thời gian xử lý frame 143.47ms
2026-07-02 10:12:19 | DEBUG    | yolo_service:199 | [cam_001] Thời gian xử lý frame 77.85ms
2026-07-02 10:12:19 | DEBUG    | yolo_service:199 | [cam_001] Thời gian xử lý frame 80.22ms
2026-07-02 10:12:19 | DEBUG    | yolo_service:199 | [cam_001] Thời gian xử lý frame 147.32ms
2026-07-02 10:12:19 | DEBUG    | yolo_service:199 | [cam_001] Thời gian xử lý frame 77.97ms
2026-07-02 10:12:19 | DEBUG    | yolo_service:199 | [cam_001] Thời gian xử lý frame 73.24ms
2026-07-02 10:12:20 | DEBUG    | yolo_service:199 | [cam_001] Thời gian xử lý frame 143.58ms
2026-07-02 10:12:20 | DEBUG    | yolo_service:199 | [cam_001] Thời gian xử lý frame 77.19ms
2026-07-02 10:12:20 | DEBUG    | yolo_service:199 | [cam_001] Thời gian xử lý frame 146.49ms
2026-07-02 10:12:20 | DEBUG    | yolo_service:199 | [cam_001] Thời gian xử lý frame 73.88ms
2026-07-02 10:12:20 | DEBUG    | yolo_service:199 | [cam_001] Thời gian xử lý frame 77.32ms
2026-07-02 10:12:20 | DEBUG    | yolo_service:199 | [cam_001] Thời gian xử lý frame 78.57ms
2026-07-02 10:12:20 | DEBUG    | yolo_service:199 | [cam_001] Thời gian xử lý frame 145.48ms
2026-07-02 10:12:20 | DEBUG    | yolo_service:199 | [cam_001] Thời gian xử lý frame 80.47ms
2026-07-02 10:12:20 | DEBUG    | yolo_service:199 | [cam_001] Thời gian xử lý frame 85.87ms
2026-07-02 10:12:20 | DEBUG    | yolo_service:199 | [cam_001] Thời gian xử lý frame 79.78ms
2026-07-02 10:12:20 | DEBUG    | yolo_service:199 | [cam_001] Thời gian xử lý frame 7.36ms
2026-07-02 10:12:21 | DEBUG    | yolo_service:199 | [cam_001] Thời gian xử lý frame 148.28ms
2026-07-02 10:12:21 | DEBUG    | yolo_service:199 | [cam_001] Thời gian xử lý frame 74.64ms
2026-07-02 10:12:21 | INFO     | main:3 | 🎬 [WORKER] Hệ thống Logger toàn cục theo phiên đã kích hoạt!
2026-07-02 10:12:21 | DEBUG    | yolo_service:199 | [cam_001] Thời gian xử lý frame 82.06ms
2026-07-02 10:12:21 | DEBUG    | yolo_service:199 | [cam_001] Thời gian xử lý frame 76.78ms
2026-07-02 10:12:21 | DEBUG    | yolo_service:199 | [cam_001] Thời gian xử lý frame 9.72ms
2026-07-02 10:12:21 | DEBUG    | yolo_service:199 | [cam_001] Thời gian xử lý frame 146.07ms
2026-07-02 10:12:21 | DEBUG    | yolo_service:199 | [cam_001] Thời gian xử lý frame 9.26ms
2026-07-02 10:12:21 | DEBUG    | yolo_service:199 | [cam_001] Thời gian xử lý frame 76.16ms
2026-07-02 10:12:21 | DEBUG    | yolo_service:199 | [cam_001] Thời gian xử lý frame 80.65ms
2026-07-02 10:12:21 | DEBUG    | yolo_service:199 | [cam_001] Thời gian xử lý frame 74.29ms
2026-07-02 10:12:21 | DEBUG    | yolo_service:199 | [cam_001] Thời gian xử lý frame 10.02ms
2026-07-02 10:12:21 | DEBUG    | yolo_service:199 | [cam_001] Thời gian xử lý frame 144.33ms
2026-07-02 10:12:21 | DEBUG    | yolo_service:199 | [cam_001] Thời gian xử lý frame 10.87ms
2026-07-02 10:12:22 | DEBUG    | yolo_service:199 | [cam_001] Thời gian xử lý frame 78.28ms
2026-07-02 10:12:22 | DEBUG    | yolo_service:199 | [cam_001] Thời gian xử lý frame 74.84ms
2026-07-02 10:12:22 | DEBUG    | yolo_service:199 | [cam_001] Thời gian xử lý frame 73.34ms
2026-07-02 10:12:22 | DEBUG    | yolo_service:199 | [cam_001] Thời gian xử lý frame 79.01ms
2026-07-02 10:12:22 | DEBUG    | yolo_service:199 | [cam_001] Thời gian xử lý frame 73.26ms
2026-07-02 10:12:22 | DEBUG    | yolo_service:199 | [cam_001] Thời gian xử lý frame 82.35ms
2026-07-02 10:12:22 | DEBUG    | yolo_service:199 | [cam_001] Thời gian xử lý frame 143.04ms
2026-07-02 10:12:22 | DEBUG    | yolo_service:199 | [cam_001] Thời gian xử lý frame 74.09ms
2026-07-02 10:12:22 | DEBUG    | yolo_service:199 | [cam_001] Thời gian xử lý frame 76.11ms
2026-07-02 10:12:22 | DEBUG    | yolo_service:199 | [cam_001] Thời gian xử lý frame 74.20ms
2026-07-02 10:12:22 | DEBUG    | yolo_service:199 | [cam_001] Thời gian xử lý frame 77.67ms
2026-07-02 10:12:22 | DEBUG    | yolo_service:199 | [cam_001] Thời gian xử lý frame 76.53ms
2026-07-02 10:12:22 | DEBUG    | yolo_service:199 | [cam_001] Thời gian xử lý frame 12.12ms
2026-07-02 10:12:23 | DEBUG    | yolo_service:199 | [cam_001] Thời gian xử lý frame 77.90ms
2026-07-02 10:12:23 | DEBUG    | yolo_service:199 | [cam_001] Thời gian xử lý frame 75.62ms
2026-07-02 10:12:23 | DEBUG    | yolo_service:199 | [cam_001] Thời gian xử lý frame 75.78ms
2026-07-02 10:12:23 | DEBUG    | yolo_service:199 | [cam_001] Thời gian xử lý frame 78.90ms
2026-07-02 10:12:23 | DEBUG    | heartbeat_service:58 | 💓 Nhịp tim gửi Master: {'server_id': 'SV_004', 'cpu_usage': 39.7, 'has_gpu': True, 'gpu_usage': 0, 'vram_free_gb': 3.69, 'max_cam': 2}
2026-07-02 10:12:23 | DEBUG    | connectionpool:241 | Starting new HTTP connection (1): 10.40.91.11:5000
2026-07-02 10:12:23 | DEBUG    | yolo_service:199 | [cam_001] Thời gian xử lý frame 85.94ms
2026-07-02 10:12:23 | DEBUG    | connectionpool:544 | http://10.40.91.11:5000 "POST /api/heartbeat HTTP/1.1" 200 68
2026-07-02 10:12:23 | DEBUG    | yolo_service:199 | [cam_001] Thời gian xử lý frame 8.32ms
2026-07-02 10:12:23 | DEBUG    | yolo_service:199 | [cam_001] Thời gian xử lý frame 79.48ms
2026-07-02 10:12:23 | DEBUG    | yolo_service:199 | [cam_001] Thời gian xử lý frame 76.31ms
2026-07-02 10:12:23 | DEBUG    | yolo_service:199 | [cam_001] Thời gian xử lý frame 85.86ms
2026-07-02 10:12:23 | DEBUG    | yolo_service:199 | [cam_001] Thời gian xử lý frame 15.80ms
2026-07-02 10:12:23 | DEBUG    | yolo_service:199 | [cam_001] Thời gian xử lý frame 78.51ms
2026-07-02 10:12:23 | DEBUG    | yolo_service:199 | [cam_001] Thời gian xử lý frame 83.25ms
2026-07-02 10:12:23 | DEBUG    | yolo_service:199 | [cam_001] Thời gian xử lý frame 87.00ms
2026-07-02 10:12:23 | DEBUG    | yolo_service:199 | [cam_001] Thời gian xử lý frame 84.52ms
2026-07-02 10:12:24 | DEBUG    | yolo_service:199 | [cam_001] Thời gian xử lý frame 83.43ms
2026-07-02 10:12:24 | DEBUG    | yolo_service:199 | [cam_001] Thời gian xử lý frame 85.80ms
2026-07-02 10:12:24 | DEBUG    | yolo_service:199 | [cam_001] Thời gian xử lý frame 87.84ms
2026-07-02 10:12:24 | DEBUG    | yolo_service:199 | [cam_001] Thời gian xử lý frame 16.24ms
2026-07-02 10:12:24 | DEBUG    | yolo_service:199 | [cam_001] Thời gian xử lý frame 151.26ms
2026-07-02 10:12:24 | DEBUG    | yolo_service:199 | [cam_001] Thời gian xử lý frame 83.68ms
2026-07-02 10:12:24 | DEBUG    | yolo_service:199 | [cam_001] Thời gian xử lý frame 83.69ms
2026-07-02 10:12:24 | DEBUG    | yolo_service:199 | [cam_001] Thời gian xử lý frame 18.22ms
2026-07-02 10:12:24 | DEBUG    | yolo_service:199 | [cam_001] Thời gian xử lý frame 151.16ms
2026-07-02 10:12:24 | DEBUG    | yolo_service:199 | [cam_001] Thời gian xử lý frame 84.47ms
2026-07-02 10:12:24 | DEBUG    | yolo_service:199 | [cam_001] Thời gian xử lý frame 85.23ms
2026-07-02 10:12:24 | DEBUG    | yolo_service:199 | [cam_001] Thời gian xử lý frame 20.12ms
2026-07-02 10:12:24 | DEBUG    | yolo_service:199 | [cam_001] Thời gian xử lý frame 85.66ms
2026-07-02 10:12:25 | DEBUG    | yolo_service:199 | [cam_001] Thời gian xử lý frame 87.05ms
2026-07-02 10:12:25 | DEBUG    | yolo_service:199 | [cam_001] Thời gian xử lý frame 19.24ms
2026-07-02 10:12:25 | DEBUG    | yolo_service:199 | [cam_001] Thời gian xử lý frame 85.31ms
2026-07-02 10:12:25 | DEBUG    | yolo_service:199 | [cam_001] Thời gian xử lý frame 86.32ms
2026-07-02 10:12:25 | DEBUG    | yolo_service:199 | [cam_001] Thời gian xử lý frame 87.11ms
2026-07-02 10:12:25 | DEBUG    | yolo_service:199 | [cam_001] Thời gian xử lý frame 154.45ms
2026-07-02 10:12:25 | DEBUG    | yolo_service:199 | [cam_001] Thời gian xử lý frame 84.97ms
2026-07-02 10:12:25 | DEBUG    | yolo_service:199 | [cam_001] Thời gian xử lý frame 86.29ms
2026-07-02 10:12:25 | DEBUG    | yolo_service:199 | [cam_001] Thời gian xử lý frame 19.55ms
2026-07-02 10:12:25 | DEBUG    | yolo_service:199 | [cam_001] Thời gian xử lý frame 86.71ms
2026-07-02 10:12:25 | DEBUG    | yolo_service:199 | [cam_001] Thời gian xử lý frame 89.23ms
2026-07-02 10:12:25 | DEBUG    | yolo_service:199 | [cam_001] Thời gian xử lý frame 21.43ms
2026-07-02 10:12:25 | DEBUG    | yolo_service:199 | [cam_001] Thời gian xử lý frame 86.13ms
2026-07-02 10:12:26 | DEBUG    | yolo_service:199 | [cam_001] Thời gian xử lý frame 91.50ms
2026-07-02 10:12:26 | DEBUG    | yolo_service:199 | [cam_001] Thời gian xử lý frame 86.99ms
2026-07-02 10:12:26 | DEBUG    | yolo_service:199 | [cam_001] Thời gian xử lý frame 153.89ms
2026-07-02 10:12:26 | DEBUG    | yolo_service:199 | [cam_001] Thời gian xử lý frame 86.86ms
2026-07-02 10:12:26 | DEBUG    | yolo_service:199 | [cam_001] Thời gian xử lý frame 87.32ms
2026-07-02 10:12:26 | DEBUG    | yolo_service:199 | [cam_001] Thời gian xử lý frame 21.92ms
2026-07-02 10:12:26 | DEBUG    | yolo_service:199 | [cam_001] Thời gian xử lý frame 86.26ms
2026-07-02 10:12:26 | DEBUG    | yolo_service:199 | [cam_001] Thời gian xử lý frame 89.77ms
2026-07-02 10:12:26 | DEBUG    | yolo_service:199 | [cam_001] Thời gian xử lý frame 21.43ms
2026-07-02 10:12:26 | DEBUG    | yolo_service:199 | [cam_001] Thời gian xử lý frame 87.57ms
2026-07-02 10:12:26 | DEBUG    | yolo_service:199 | [cam_001] Thời gian xử lý frame 89.25ms
2026-07-02 10:12:26 | DEBUG    | yolo_service:199 | [cam_001] Thời gian xử lý frame 20.63ms
2026-07-02 10:12:26 | DEBUG    | yolo_service:199 | [cam_001] Thời gian xử lý frame 86.83ms
2026-07-02 10:12:27 | DEBUG    | yolo_service:199 | [cam_001] Thời gian xử lý frame 88.80ms
2026-07-02 10:12:27 | DEBUG    | yolo_service:199 | [cam_001] Thời gian xử lý frame 20.11ms
2026-07-02 10:12:27 | DEBUG    | yolo_service:199 | [cam_001] Thời gian xử lý frame 87.01ms
2026-07-02 10:12:27 | DEBUG    | yolo_service:199 | [cam_001] Thời gian xử lý frame 89.79ms
2026-07-02 10:12:27 | DEBUG    | yolo_service:199 | [cam_001] Thời gian xử lý frame 20.02ms
2026-07-02 10:12:27 | DEBUG    | yolo_service:199 | [cam_001] Thời gian xử lý frame 87.04ms
2026-07-02 10:12:27 | DEBUG    | yolo_service:199 | [cam_001] Thời gian xử lý frame 87.62ms
2026-07-02 10:12:27 | DEBUG    | yolo_service:199 | [cam_001] Thời gian xử lý frame 18.82ms
2026-07-02 10:12:27 | DEBUG    | __init__:347 | matplotlib data path: C:\Users\Admin\AppData\Local\Programs\Python\Python312\Lib\site-packages\matplotlib\mpl-data
2026-07-02 10:12:27 | DEBUG    | __init__:347 | CONFIGDIR=C:\Users\Admin\.matplotlib
2026-07-02 10:12:27 | DEBUG    | __init__:1564 | interactive is False
2026-07-02 10:12:27 | DEBUG    | __init__:1565 | platform is win32
2026-07-02 10:12:27 | DEBUG    | __init__:347 | CACHEDIR=C:\Users\Admin\.matplotlib
2026-07-02 10:12:27 | DEBUG    | yolo_service:199 | [cam_001] Thời gian xử lý frame 85.89ms
2026-07-02 10:12:27 | DEBUG    | font_manager:1843 | Using fontManager instance from C:\Users\Admin\.matplotlib\fontlist-v3.11.0.json
2026-07-02 10:12:27 | DEBUG    | yolo_service:199 | [cam_001] Thời gian xử lý frame 87.28ms
2026-07-02 10:12:27 | DEBUG    | yolo_service:199 | [cam_001] Thời gian xử lý frame 88.81ms
2026-07-02 10:12:27 | DEBUG    | yolo_service:199 | [cam_001] Thời gian xử lý frame 85.18ms
2026-07-02 10:12:27 | DEBUG    | yolo_service:199 | [cam_001] Thời gian xử lý frame 90.70ms
2026-07-02 10:12:27 | DEBUG    | yolo_service:199 | [cam_001] Thời gian xử lý frame 21.11ms
2026-07-02 10:12:27 | DEBUG    | loader:96 | Environment variable FAISS_OPT_LEVEL is not set, so let's pick the instruction set according to the current CPU
2026-07-02 10:12:27 | INFO     | loader:132 | Loading faiss with AVX2 support.
2026-07-02 10:12:27 | INFO     | loader:137 | Could not load library with AVX2 support due to:
ModuleNotFoundError("No module named 'faiss.swigfaiss_avx2'")
2026-07-02 10:12:27 | INFO     | loader:156 | Loading faiss.
2026-07-02 10:12:27 | INFO     | loader:158 | Successfully loaded faiss.
2026-07-02 10:12:28 | DEBUG    | yolo_service:199 | [cam_001] Thời gian xử lý frame 87.45ms
2026-07-02 10:12:28 | INFO     | yolo_service:104 | ⚙️ [YOLO SỐ 2] TIẾP NHẬN LÔ...
2026-07-02 10:12:28 | DEBUG    | yolo_service:199 | [cam_001] Thời gian xử lý frame 88.97ms
2026-07-02 10:12:28 | INFO     | gallery:43 | Loading ONNX model from osnet_x1_0.onnx...
2026-07-02 10:12:28 | DEBUG    | yolo_service:199 | [cam_001] Thời gian xử lý frame 22.81ms
2026-07-02 10:12:28 | DEBUG    | yolo_service:199 | [cam_001] Thời gian xử lý frame 85.99ms
2026-07-02 10:12:28 | DEBUG    | yolo_service:199 | [cam_001] Thời gian xử lý frame 73.79ms
2026-07-02 10:12:28 | INFO     | yolo_service:122 | 🚀 Đang nạp model ReID vào CUDAExecutionProvider...
2026-07-02 10:12:28 | DEBUG    | yolo_service:199 | [cam_001] Thời gian xử lý frame 73.77ms
2026-07-02 10:12:28 | INFO     | yolo_service:131 | 🚀 [YOLO 2] Đang mở luồng cam_002...
2026-07-02 10:12:28 | INFO     | yolo_service:139 | 🚀 [ZMQ] Camera cam_002 đã cầm súng, nhắm thẳng Master tại tcp://10.40.91.11:5558
2026-07-02 10:12:28 | DEBUG    | yolo_service:199 | [cam_001] Thời gian xử lý frame 75.96ms
2026-07-02 10:12:28 | DEBUG    | yolo_service:199 | [cam_001] Thời gian xử lý frame 78.61ms
2026-07-02 10:12:28 | DEBUG    | yolo_service:199 | [cam_001] Thời gian xử lý frame 144.86ms
2026-07-02 10:12:28 | DEBUG    | yolo_service:199 | [cam_001] Thời gian xử lý frame 76.86ms
2026-07-02 10:12:28 | DEBUG    | yolo_service:199 | [cam_001] Thời gian xử lý frame 75.67ms
2026-07-02 10:12:28 | DEBUG    | yolo_service:199 | [cam_001] Thời gian xử lý frame 78.14ms
2026-07-02 10:12:28 | DEBUG    | yolo_service:199 | [cam_001] Thời gian xử lý frame 8.10ms
2026-07-02 10:12:29 | DEBUG    | yolo_service:199 | [cam_001] Thời gian xử lý frame 143.24ms
2026-07-02 10:12:29 | DEBUG    | yolo_service:199 | [cam_001] Thời gian xử lý frame 9.44ms
2026-07-02 10:12:29 | DEBUG    | yolo_service:199 | [cam_001] Thời gian xử lý frame 77.85ms
2026-07-02 10:12:29 | DEBUG    | yolo_service:199 | [cam_001] Thời gian xử lý frame 73.39ms
2026-07-02 10:12:29 | DEBUG    | yolo_service:199 | [cam_001] Thời gian xử lý frame 78.17ms
2026-07-02 10:12:29 | DEBUG    | yolo_service:199 | [cam_001] Thời gian xử lý frame 78.50ms
2026-07-02 10:12:29 | DEBUG    | heartbeat_service:58 | 💓 Nhịp tim gửi Master: {'server_id': 'SV_004', 'cpu_usage': 19.1, 'has_gpu': True, 'gpu_usage': 0, 'vram_free_gb': 3.6, 'max_cam': 2}
2026-07-02 10:12:29 | DEBUG    | connectionpool:241 | Starting new HTTP connection (1): 10.40.91.11:5000
2026-07-02 10:12:29 | DEBUG    | connectionpool:544 | http://10.40.91.11:5000 "POST /api/heartbeat HTTP/1.1" 200 68
2026-07-02 10:12:29 | INFO     | yolo_service:163 | 🎥 [START] YOLO bắt đầu ăn VRAM và quét frame cho cam_002...
2026-07-02 10:12:29 | DEBUG    | yolo_service:199 | [cam_001] Thời gian xử lý frame 72.52ms
2026-07-02 10:12:29 | DEBUG    | yolo_service:199 | [cam_001] Thời gian xử lý frame 72.79ms
2026-07-02 10:12:29 | DEBUG    | yolo_service:199 | [cam_001] Thời gian xử lý frame 144.58ms
2026-07-02 10:12:29 | DEBUG    | yolo_service:199 | [cam_001] Thời gian xử lý frame 74.47ms
2026-07-02 10:12:29 | DEBUG    | yolo_service:199 | [cam_001] Thời gian xử lý frame 74.49ms
2026-07-02 10:12:29 | DEBUG    | yolo_service:199 | [cam_001] Thời gian xử lý frame 80.59ms
2026-07-02 10:12:29 | DEBUG    | yolo_service:199 | [cam_001] Thời gian xử lý frame 9.14ms
2026-07-02 10:12:30 | DEBUG    | yolo_service:199 | [cam_001] Thời gian xử lý frame 142.08ms
2026-07-02 10:12:30 | DEBUG    | yolo_service:199 | [cam_001] Thời gian xử lý frame 73.10ms
2026-07-02 10:12:30 | DEBUG    | yolo_service:199 | [cam_001] Thời gian xử lý frame 82.42ms
2026-07-02 10:12:30 | DEBUG    | yolo_service:199 | [cam_001] Thời gian xử lý frame 79.81ms
2026-07-02 10:12:30 | DEBUG    | yolo_service:199 | [cam_001] Thời gian xử lý frame 82.21ms
2026-07-02 10:12:30 | DEBUG    | yolo_service:199 | [cam_001] Thời gian xử lý frame 80.19ms
2026-07-02 10:12:30 | DEBUG    | yolo_service:199 | [cam_001] Thời gian xử lý frame 84.00ms
2026-07-02 10:12:30 | DEBUG    | yolo_service:199 | [cam_001] Thời gian xử lý frame 79.65ms
2026-07-02 10:12:30 | DEBUG    | yolo_service:199 | [cam_001] Thời gian xử lý frame 79.20ms
2026-07-02 10:12:30 | DEBUG    | yolo_service:199 | [cam_001] Thời gian xử lý frame 9.35ms
2026-07-02 10:12:30 | DEBUG    | yolo_service:199 | [cam_001] Thời gian xử lý frame 142.03ms
2026-07-02 10:12:30 | DEBUG    | yolo_service:199 | [cam_001] Thời gian xử lý frame 7.31ms
2026-07-02 10:12:30 | DEBUG    | yolo_service:199 | [cam_001] Thời gian xử lý frame 73.69ms
2026-07-02 10:12:31 | DEBUG    | yolo_service:199 | [cam_001] Thời gian xử lý frame 146.29ms
2026-07-02 10:12:31 | DEBUG    | yolo_service:199 | [cam_001] Thời gian xử lý frame 74.10ms
2026-07-02 10:12:31 | DEBUG    | yolo_service:199 | [cam_001] Thời gian xử lý frame 75.34ms
2026-07-02 10:12:31 | DEBUG    | yolo_service:199 | [cam_001] Thời gian xử lý frame 72.69ms
2026-07-02 10:12:31 | DEBUG    | yolo_service:199 | [cam_002] Thời gian xử lý frame 1949.64ms
2026-07-02 10:12:31 | DEBUG    | yolo_service:199 | [cam_001] Thời gian xử lý frame 80.20ms
2026-07-02 10:12:31 | DEBUG    | yolo_service:199 | [cam_002] Thời gian xử lý frame 11.96ms
2026-07-02 10:12:31 | DEBUG    | yolo_service:199 | [cam_001] Thời gian xử lý frame 73.49ms
2026-07-02 10:12:31 | DEBUG    | yolo_service:199 | [cam_001] Thời gian xử lý frame 78.19ms
2026-07-02 10:12:31 | DEBUG    | yolo_service:199 | [cam_001] Thời gian xử lý frame 77.30ms
2026-07-02 10:12:31 | DEBUG    | yolo_service:199 | [cam_001] Thời gian xử lý frame 77.48ms
2026-07-02 10:12:31 | DEBUG    | yolo_service:199 | [cam_001] Thời gian xử lý frame 85.84ms
2026-07-02 10:12:31 | DEBUG    | yolo_service:199 | [cam_001] Thời gian xử lý frame 79.44ms
2026-07-02 10:12:31 | DEBUG    | yolo_service:199 | [cam_001] Thời gian xử lý frame 9.13ms
2026-07-02 10:12:31 | DEBUG    | yolo_service:199 | [cam_001] Thời gian xử lý frame 75.36ms
2026-07-02 10:12:32 | DEBUG    | yolo_service:199 | [cam_001] Thời gian xử lý frame 73.94ms
2026-07-02 10:12:32 | DEBUG    | yolo_service:199 | [cam_001] Thời gian xử lý frame 78.06ms
2026-07-02 10:12:32 | DEBUG    | yolo_service:199 | [cam_001] Thời gian xử lý frame 77.84ms
2026-07-02 10:12:32 | DEBUG    | yolo_service:199 | [cam_002] Thời gian xử lý frame 849.22ms
2026-07-02 10:12:32 | DEBUG    | yolo_service:199 | [cam_001] Thời gian xử lý frame 76.57ms
2026-07-02 10:12:32 | DEBUG    | yolo_service:199 | [cam_001] Thời gian xử lý frame 7.10ms
2026-07-02 10:12:32 | DEBUG    | yolo_service:199 | [cam_002] Thời gian xử lý frame 52.37ms
2026-07-02 10:12:32 | DEBUG    | yolo_service:199 | [cam_002] Thời gian xử lý frame 10.81ms
2026-07-02 10:12:32 | DEBUG    | yolo_service:199 | [cam_001] Thời gian xử lý frame 78.31ms
2026-07-02 10:12:32 | DEBUG    | yolo_service:199 | [cam_002] Thời gian xử lý frame 49.63ms
2026-07-02 10:12:32 | DEBUG    | yolo_service:199 | [cam_001] Thời gian xử lý frame 73.25ms
2026-07-02 10:12:32 | DEBUG    | yolo_service:199 | [cam_002] Thời gian xử lý frame 72.19ms
2026-07-02 10:12:32 | DEBUG    | yolo_service:199 | [cam_002] Thời gian xử lý frame 29.44ms
2026-07-02 10:12:32 | DEBUG    | yolo_service:199 | [cam_001] Thời gian xử lý frame 78.02ms
2026-07-02 10:12:32 | DEBUG    | yolo_service:199 | [cam_002] Thời gian xử lý frame 59.69ms
2026-07-02 10:12:32 | DEBUG    | yolo_service:199 | [cam_001] Thời gian xử lý frame 78.82ms
2026-07-02 10:12:32 | DEBUG    | yolo_service:199 | [cam_002] Thời gian xử lý frame 64.69ms
2026-07-02 10:12:32 | DEBUG    | yolo_service:199 | [cam_002] Thời gian xử lý frame 27.32ms
2026-07-02 10:12:32 | DEBUG    | yolo_service:199 | [cam_002] Thời gian xử lý frame 21.82ms
2026-07-02 10:12:32 | DEBUG    | yolo_service:199 | [cam_001] Thời gian xử lý frame 77.98ms
2026-07-02 10:12:32 | DEBUG    | yolo_service:199 | [cam_001] Thời gian xử lý frame 9.68ms
2026-07-02 10:12:32 | DEBUG    | yolo_service:199 | [cam_002] Thời gian xử lý frame 63.66ms
2026-07-02 10:12:32 | DEBUG    | yolo_service:199 | [cam_002] Thời gian xử lý frame 23.04ms
2026-07-02 10:12:32 | DEBUG    | yolo_service:199 | [cam_001] Thời gian xử lý frame 82.25ms
2026-07-02 10:12:32 | DEBUG    | yolo_service:199 | [cam_002] Thời gian xử lý frame 65.97ms
2026-07-02 10:12:32 | DEBUG    | yolo_service:199 | [cam_002] Thời gian xử lý frame 23.75ms
2026-07-02 10:12:32 | DEBUG    | yolo_service:199 | [cam_001] Thời gian xử lý frame 79.38ms
2026-07-02 10:12:32 | DEBUG    | yolo_service:199 | [cam_002] Thời gian xử lý frame 21.65ms
2026-07-02 10:12:32 | DEBUG    | yolo_service:199 | [cam_002] Thời gian xử lý frame 62.63ms
2026-07-02 10:12:32 | DEBUG    | yolo_service:199 | [cam_001] Thời gian xử lý frame 78.12ms
2026-07-02 10:12:32 | DEBUG    | yolo_service:199 | [cam_001] Thời gian xử lý frame 12.95ms
2026-07-02 10:12:33 | DEBUG    | yolo_service:199 | [cam_002] Thời gian xử lý frame 75.86ms
2026-07-02 10:12:33 | DEBUG    | yolo_service:199 | [cam_002] Thời gian xử lý frame 39.37ms
2026-07-02 10:12:33 | DEBUG    | yolo_service:199 | [cam_001] Thời gian xử lý frame 143.60ms
2026-07-02 10:12:33 | DEBUG    | yolo_service:199 | [cam_001] Thời gian xử lý frame 7.99ms
2026-07-02 10:12:33 | DEBUG    | yolo_service:199 | [cam_002] Thời gian xử lý frame 71.13ms
2026-07-02 10:12:33 | DEBUG    | yolo_service:199 | [cam_001] Thời gian xử lý frame 79.26ms
2026-07-02 10:12:33 | DEBUG    | yolo_service:199 | [cam_002] Thời gian xử lý frame 67.57ms
2026-07-02 10:12:33 | DEBUG    | yolo_service:199 | [cam_002] Thời gian xử lý frame 26.52ms
2026-07-02 10:12:33 | DEBUG    | yolo_service:199 | [cam_001] Thời gian xử lý frame 77.70ms
2026-07-02 10:12:33 | DEBUG    | yolo_service:199 | [cam_002] Thời gian xử lý frame 67.91ms
2026-07-02 10:12:33 | DEBUG    | yolo_service:199 | [cam_002] Thời gian xử lý frame 35.67ms
2026-07-02 10:12:33 | DEBUG    | yolo_service:199 | [cam_001] Thời gian xử lý frame 80.18ms
2026-07-02 10:12:33 | DEBUG    | yolo_service:199 | [cam_001] Thời gian xử lý frame 8.38ms
2026-07-02 10:12:33 | DEBUG    | yolo_service:199 | [cam_002] Thời gian xử lý frame 64.27ms
2026-07-02 10:12:33 | DEBUG    | yolo_service:199 | [cam_002] Thời gian xử lý frame 22.28ms
2026-07-02 10:12:33 | DEBUG    | yolo_service:199 | [cam_002] Thời gian xử lý frame 23.49ms
2026-07-02 10:12:33 | DEBUG    | yolo_service:199 | [cam_002] Thời gian xử lý frame 57.14ms
2026-07-02 10:12:33 | DEBUG    | yolo_service:199 | [cam_001] Thời gian xử lý frame 140.91ms
2026-07-02 10:12:33 | DEBUG    | yolo_service:199 | [cam_002] Thời gian xử lý frame 65.02ms
2026-07-02 10:12:33 | DEBUG    | yolo_service:199 | [cam_001] Thời gian xử lý frame 75.31ms
2026-07-02 10:12:33 | DEBUG    | yolo_service:199 | [cam_002] Thời gian xử lý frame 58.57ms
2026-07-02 10:12:33 | DEBUG    | yolo_service:199 | [cam_001] Thời gian xử lý frame 72.62ms
2026-07-02 10:12:33 | DEBUG    | yolo_service:199 | [cam_002] Thời gian xử lý frame 49.31ms
2026-07-02 10:12:33 | DEBUG    | yolo_service:199 | [cam_001] Thời gian xử lý frame 85.21ms
2026-07-02 10:12:33 | DEBUG    | yolo_service:199 | [cam_002] Thời gian xử lý frame 74.13ms
2026-07-02 10:12:33 | DEBUG    | yolo_service:199 | [cam_002] Thời gian xử lý frame 29.62ms
2026-07-02 10:12:33 | DEBUG    | yolo_service:199 | [cam_002] Thời gian xử lý frame 29.14ms
2026-07-02 10:12:33 | DEBUG    | yolo_service:199 | [cam_001] Thời gian xử lý frame 75.00ms
2026-07-02 10:12:33 | DEBUG    | yolo_service:199 | [cam_002] Thời gian xử lý frame 20.08ms
2026-07-02 10:12:33 | DEBUG    | yolo_service:199 | [cam_002] Thời gian xử lý frame 64.02ms
2026-07-02 10:12:33 | DEBUG    | yolo_service:199 | [cam_001] Thời gian xử lý frame 78.51ms
2026-07-02 10:12:33 | DEBUG    | yolo_service:199 | [cam_001] Thời gian xử lý frame 9.23ms
2026-07-02 10:12:33 | DEBUG    | yolo_service:199 | [cam_002] Thời gian xử lý frame 57.63ms
2026-07-02 10:12:33 | DEBUG    | yolo_service:199 | [cam_001] Thời gian xử lý frame 78.17ms
2026-07-02 10:12:33 | DEBUG    | yolo_service:199 | [cam_002] Thời gian xử lý frame 54.96ms
2026-07-02 10:12:34 | DEBUG    | yolo_service:199 | [cam_002] Thời gian xử lý frame 50.51ms
2026-07-02 10:12:34 | DEBUG    | yolo_service:199 | [cam_001] Thời gian xử lý frame 77.28ms
2026-07-02 10:12:34 | DEBUG    | yolo_service:199 | [cam_002] Thời gian xử lý frame 49.55ms
2026-07-02 10:12:34 | DEBUG    | yolo_service:199 | [cam_001] Thời gian xử lý frame 79.81ms
2026-07-02 10:12:34 | DEBUG    | yolo_service:199 | [cam_002] Thời gian xử lý frame 55.53ms
2026-07-02 10:12:34 | DEBUG    | yolo_service:199 | [cam_002] Thời gian xử lý frame 11.24ms
2026-07-02 10:12:34 | DEBUG    | yolo_service:199 | [cam_002] Thời gian xử lý frame 9.56ms
2026-07-02 10:12:34 | DEBUG    | yolo_service:199 | [cam_001] Thời gian xử lý frame 74.40ms
2026-07-02 10:12:34 | DEBUG    | yolo_service:199 | [cam_002] Thời gian xử lý frame 48.87ms
2026-07-02 10:12:34 | DEBUG    | yolo_service:199 | [cam_002] Thời gian xử lý frame 55.44ms
2026-07-02 10:12:34 | DEBUG    | yolo_service:199 | [cam_001] Thời gian xử lý frame 78.14ms
2026-07-02 10:12:34 | DEBUG    | yolo_service:199 | [cam_001] Thời gian xử lý frame 7.67ms
2026-07-02 10:12:34 | DEBUG    | yolo_service:199 | [cam_002] Thời gian xử lý frame 54.38ms
2026-07-02 10:12:34 | DEBUG    | yolo_service:199 | [cam_002] Thời gian xử lý frame 11.58ms
2026-07-02 10:12:34 | DEBUG    | yolo_service:199 | [cam_001] Thời gian xử lý frame 73.98ms
2026-07-02 10:12:34 | DEBUG    | yolo_service:199 | [cam_002] Thời gian xử lý frame 55.22ms
2026-07-02 10:12:34 | DEBUG    | yolo_service:199 | [cam_002] Thời gian xử lý frame 7.80ms
2026-07-02 10:12:34 | DEBUG    | yolo_service:199 | [cam_001] Thời gian xử lý frame 75.18ms
2026-07-02 10:12:34 | DEBUG    | yolo_service:199 | [cam_002] Thời gian xử lý frame 49.41ms
2026-07-02 10:12:34 | DEBUG    | yolo_service:199 | [cam_002] Thời gian xử lý frame 49.41ms
2026-07-02 10:12:34 | DEBUG    | yolo_service:199 | [cam_001] Thời gian xử lý frame 76.88ms
2026-07-02 10:12:34 | DEBUG    | yolo_service:199 | [cam_002] Thời gian xử lý frame 55.98ms
2026-07-02 10:12:34 | DEBUG    | yolo_service:199 | [cam_002] Thời gian xử lý frame 12.93ms
2026-07-02 10:12:34 | DEBUG    | yolo_service:199 | [cam_001] Thời gian xử lý frame 79.40ms
2026-07-02 10:12:34 | DEBUG    | yolo_service:199 | [cam_002] Thời gian xử lý frame 57.24ms
2026-07-02 10:12:34 | DEBUG    | yolo_service:199 | [cam_001] Thời gian xử lý frame 82.17ms
2026-07-02 10:12:34 | DEBUG    | yolo_service:199 | [cam_002] Thời gian xử lý frame 56.23ms
2026-07-02 10:12:34 | DEBUG    | yolo_service:199 | [cam_002] Thời gian xử lý frame 53.39ms
2026-07-02 10:12:34 | DEBUG    | yolo_service:199 | [cam_001] Thời gian xử lý frame 77.02ms
2026-07-02 10:12:34 | DEBUG    | yolo_service:199 | [cam_002] Thời gian xử lý frame 54.63ms
2026-07-02 10:12:34 | DEBUG    | yolo_service:199 | [cam_002] Thời gian xử lý frame 52.54ms
2026-07-02 10:12:35 | DEBUG    | yolo_service:199 | [cam_001] Thời gian xử lý frame 255.40ms
2026-07-02 10:12:35 | DEBUG    | yolo_service:199 | [cam_002] Thời gian xử lý frame 163.29ms
2026-07-02 10:12:35 | DEBUG    | yolo_service:199 | [cam_001] Thời gian xử lý frame 8.22ms
2026-07-02 10:12:35 | DEBUG    | yolo_service:199 | [cam_002] Thời gian xử lý frame 13.05ms
2026-07-02 10:12:35 | DEBUG    | yolo_service:199 | [cam_002] Thời gian xử lý frame 48.43ms
2026-07-02 10:12:35 | DEBUG    | yolo_service:199 | [cam_001] Thời gian xử lý frame 78.91ms
2026-07-02 10:12:35 | DEBUG    | yolo_service:199 | [cam_001] Thời gian xử lý frame 13.69ms
2026-07-02 10:12:35 | DEBUG    | yolo_service:199 | [cam_002] Thời gian xử lý frame 50.52ms
2026-07-02 10:12:35 | DEBUG    | yolo_service:199 | [cam_002] Thời gian xử lý frame 7.83ms
2026-07-02 10:12:35 | DEBUG    | yolo_service:199 | [cam_002] Thời gian xử lý frame 52.73ms
2026-07-02 10:12:35 | DEBUG    | yolo_service:199 | [cam_001] Thời gian xử lý frame 79.30ms
2026-07-02 10:12:35 | DEBUG    | yolo_service:199 | [cam_002] Thời gian xử lý frame 50.38ms
2026-07-02 10:12:35 | DEBUG    | yolo_service:199 | [cam_002] Thời gian xử lý frame 8.54ms
2026-07-02 10:12:35 | DEBUG    | yolo_service:199 | [cam_001] Thời gian xử lý frame 80.01ms
2026-07-02 10:12:35 | DEBUG    | yolo_service:199 | [cam_002] Thời gian xử lý frame 49.40ms
2026-07-02 10:12:35 | DEBUG    | yolo_service:199 | [cam_002] Thời gian xử lý frame 55.98ms
2026-07-02 10:12:35 | DEBUG    | yolo_service:199 | [cam_001] Thời gian xử lý frame 80.66ms
2026-07-02 10:12:35 | DEBUG    | yolo_service:199 | [cam_002] Thời gian xử lý frame 52.76ms
2026-07-02 10:12:35 | DEBUG    | yolo_service:199 | [cam_002] Thời gian xử lý frame 55.05ms
2026-07-02 10:12:35 | DEBUG    | yolo_service:199 | [cam_001] Thời gian xử lý frame 145.52ms
2026-07-02 10:12:35 | DEBUG    | heartbeat_service:58 | 💓 Nhịp tim gửi Master: {'server_id': 'SV_004', 'cpu_usage': 27.3, 'has_gpu': True, 'gpu_usage': 0, 'vram_free_gb': 3.47, 'max_cam': 2}
2026-07-02 10:12:35 | DEBUG    | connectionpool:241 | Starting new HTTP connection (1): 10.40.91.11:5000
2026-07-02 10:12:35 | DEBUG    | yolo_service:199 | [cam_002] Thời gian xử lý frame 51.30ms
2026-07-02 10:12:35 | DEBUG    | connectionpool:544 | http://10.40.91.11:5000 "POST /api/heartbeat HTTP/1.1" 200 68
2026-07-02 10:12:35 | DEBUG    | yolo_service:199 | [cam_002] Thời gian xử lý frame 9.59ms
2026-07-02 10:12:35 | DEBUG    | yolo_service:199 | [cam_001] Thời gian xử lý frame 78.34ms
2026-07-02 10:12:35 | DEBUG    | yolo_service:199 | [cam_002] Thời gian xử lý frame 54.70ms
2026-07-02 10:12:35 | DEBUG    | yolo_service:199 | [cam_002] Thời gian xử lý frame 49.88ms
2026-07-02 10:12:35 | DEBUG    | yolo_service:199 | [cam_001] Thời gian xử lý frame 74.30ms
2026-07-02 10:12:35 | DEBUG    | yolo_service:199 | [cam_002] Thời gian xử lý frame 48.96ms
2026-07-02 10:12:35 | DEBUG    | yolo_service:199 | [cam_001] Thời gian xử lý frame 83.68ms
2026-07-02 10:12:35 | DEBUG    | yolo_service:199 | [cam_002] Thời gian xử lý frame 57.63ms
2026-07-02 10:12:35 | DEBUG    | yolo_service:199 | [cam_001] Thời gian xử lý frame 7.27ms
2026-07-02 10:12:35 | DEBUG    | yolo_service:199 | [cam_002] Thời gian xử lý frame 49.97ms
2026-07-02 10:12:35 | DEBUG    | yolo_service:199 | [cam_002] Thời gian xử lý frame 51.25ms
2026-07-02 10:12:35 | DEBUG    | yolo_service:199 | [cam_001] Thời gian xử lý frame 146.33ms
2026-07-02 10:12:35 | DEBUG    | yolo_service:199 | [cam_002] Thời gian xử lý frame 55.24ms
2026-07-02 10:12:35 | DEBUG    | yolo_service:199 | [cam_002] Thời gian xử lý frame 56.02ms
2026-07-02 10:12:35 | DEBUG    | yolo_service:199 | [cam_001] Thời gian xử lý frame 78.96ms
2026-07-02 10:12:36 | DEBUG    | yolo_service:199 | [cam_002] Thời gian xử lý frame 50.13ms
2026-07-02 10:12:36 | DEBUG    | yolo_service:199 | [cam_001] Thời gian xử lý frame 76.20ms
2026-07-02 10:12:36 | DEBUG    | yolo_service:199 | [cam_002] Thời gian xử lý frame 49.18ms
2026-07-02 10:12:36 | DEBUG    | yolo_service:199 | [cam_001] Thời gian xử lý frame 85.04ms
2026-07-02 10:12:36 | DEBUG    | yolo_service:199 | [cam_001] Thời gian xử lý frame 15.09ms
2026-07-02 10:12:36 | DEBUG    | yolo_service:199 | [cam_002] Thời gian xử lý frame 100.75ms
2026-07-02 10:12:36 | DEBUG    | yolo_service:199 | [cam_002] Thời gian xử lý frame 12.14ms
2026-07-02 10:12:36 | DEBUG    | yolo_service:199 | [cam_002] Thời gian xử lý frame 54.91ms
2026-07-02 10:12:36 | DEBUG    | yolo_service:199 | [cam_002] Thời gian xử lý frame 57.23ms
2026-07-02 10:12:36 | DEBUG    | yolo_service:199 | [cam_002] Thời gian xử lý frame 8.64ms
2026-07-02 10:12:36 | DEBUG    | yolo_service:199 | [cam_001] Thời gian xử lý frame 141.97ms
2026-07-02 10:12:36 | DEBUG    | yolo_service:199 | [cam_002] Thời gian xử lý frame 52.44ms
2026-07-02 10:12:36 | DEBUG    | yolo_service:199 | [cam_001] Thời gian xử lý frame 77.53ms
2026-07-02 10:12:36 | DEBUG    | yolo_service:199 | [cam_002] Thời gian xử lý frame 52.53ms
2026-07-02 10:12:36 | DEBUG    | yolo_service:199 | [cam_002] Thời gian xử lý frame 8.15ms
2026-07-02 10:12:36 | DEBUG    | yolo_service:199 | [cam_001] Thời gian xử lý frame 73.65ms
2026-07-02 10:12:36 | DEBUG    | yolo_service:199 | [cam_002] Thời gian xử lý frame 51.88ms
2026-07-02 10:12:36 | DEBUG    | yolo_service:199 | [cam_002] Thời gian xử lý frame 61.06ms
2026-07-02 10:12:36 | DEBUG    | yolo_service:199 | [cam_001] Thời gian xử lý frame 79.61ms
2026-07-02 10:12:36 | DEBUG    | yolo_service:199 | [cam_002] Thời gian xử lý frame 10.86ms
2026-07-02 10:12:36 | DEBUG    | yolo_service:199 | [cam_002] Thời gian xử lý frame 49.17ms
2026-07-02 10:12:36 | DEBUG    | yolo_service:199 | [cam_001] Thời gian xử lý frame 74.22ms
2026-07-02 10:12:36 | DEBUG    | yolo_service:199 | [cam_002] Thời gian xử lý frame 53.68ms
2026-07-02 10:12:36 | DEBUG    | yolo_service:199 | [cam_002] Thời gian xử lý frame 10.74ms
2026-07-02 10:12:36 | DEBUG    | yolo_service:199 | [cam_001] Thời gian xử lý frame 79.48ms
2026-07-02 10:12:36 | DEBUG    | yolo_service:199 | [cam_001] Thời gian xử lý frame 11.27ms
2026-07-02 10:12:36 | DEBUG    | yolo_service:199 | [cam_002] Thời gian xử lý frame 55.72ms
2026-07-02 10:12:36 | DEBUG    | yolo_service:199 | [cam_002] Thời gian xử lý frame 62.88ms
2026-07-02 10:12:36 | DEBUG    | yolo_service:199 | [cam_001] Thời gian xử lý frame 78.41ms
2026-07-02 10:12:36 | DEBUG    | yolo_service:199 | [cam_002] Thời gian xử lý frame 10.14ms
2026-07-02 10:12:36 | DEBUG    | yolo_service:199 | [cam_002] Thời gian xử lý frame 55.05ms
2026-07-02 10:12:36 | DEBUG    | yolo_service:199 | [cam_001] Thời gian xử lý frame 85.52ms
2026-07-02 10:12:36 | DEBUG    | yolo_service:199 | [cam_002] Thời gian xử lý frame 23.08ms
2026-07-02 10:12:36 | DEBUG    | yolo_service:199 | [cam_002] Thời gian xử lý frame 53.23ms
2026-07-02 10:12:36 | DEBUG    | yolo_service:199 | [cam_001] Thời gian xử lý frame 77.85ms
2026-07-02 10:12:36 | DEBUG    | yolo_service:199 | [cam_002] Thời gian xử lý frame 56.59ms
2026-07-02 10:12:36 | DEBUG    | yolo_service:199 | [cam_002] Thời gian xử lý frame 14.37ms
2026-07-02 10:12:37 | DEBUG    | yolo_service:199 | [cam_002] Thời gian xử lý frame 52.12ms
2026-07-02 10:12:37 | DEBUG    | yolo_service:199 | [cam_001] Thời gian xử lý frame 144.17ms
2026-07-02 10:12:37 | DEBUG    | yolo_service:199 | [cam_001] Thời gian xử lý frame 18.91ms
2026-07-02 10:12:37 | DEBUG    | yolo_service:199 | [cam_002] Thời gian xử lý frame 65.91ms
2026-07-02 10:12:37 | DEBUG    | yolo_service:199 | [cam_002] Thời gian xử lý frame 51.43ms
2026-07-02 10:12:37 | DEBUG    | yolo_service:199 | [cam_002] Thời gian xử lý frame 9.98ms
2026-07-02 10:12:37 | DEBUG    | yolo_service:199 | [cam_001] Thời gian xử lý frame 76.09ms
2026-07-02 10:12:37 | DEBUG    | yolo_service:199 | [cam_002] Thời gian xử lý frame 56.00ms
2026-07-02 10:12:37 | DEBUG    | yolo_service:199 | [cam_001] Thời gian xử lý frame 76.70ms
2026-07-02 10:12:37 | DEBUG    | yolo_service:199 | [cam_002] Thời gian xử lý frame 52.37ms
2026-07-02 10:12:37 | DEBUG    | yolo_service:199 | [cam_002] Thời gian xử lý frame 12.03ms
2026-07-02 10:12:37 | DEBUG    | yolo_service:199 | [cam_001] Thời gian xử lý frame 77.59ms
2026-07-02 10:12:37 | DEBUG    | yolo_service:199 | [cam_002] Thời gian xử lý frame 63.92ms
2026-07-02 10:12:37 | DEBUG    | yolo_service:199 | [cam_001] Thời gian xử lý frame 19.97ms
2026-07-02 10:12:37 | DEBUG    | yolo_service:199 | [cam_002] Thời gian xử lý frame 10.61ms
2026-07-02 10:12:37 | DEBUG    | yolo_service:199 | [cam_002] Thời gian xử lý frame 52.48ms
2026-07-02 10:12:37 | DEBUG    | yolo_service:199 | [cam_002] Thời gian xử lý frame 53.03ms
2026-07-02 10:12:37 | DEBUG    | yolo_service:199 | [cam_002] Thời gian xử lý frame 14.34ms
2026-07-02 10:12:37 | DEBUG    | yolo_service:199 | [cam_001] Thời gian xử lý frame 147.02ms
2026-07-02 10:12:37 | DEBUG    | yolo_service:199 | [cam_002] Thời gian xử lý frame 62.30ms
2026-07-02 10:12:37 | DEBUG    | yolo_service:199 | [cam_001] Thời gian xử lý frame 76.47ms
2026-07-02 10:12:37 | DEBUG    | yolo_service:199 | [cam_002] Thời gian xử lý frame 55.17ms
2026-07-02 10:12:37 | DEBUG    | yolo_service:199 | [cam_002] Thời gian xử lý frame 11.35ms
2026-07-02 10:12:37 | DEBUG    | yolo_service:199 | [cam_001] Thời gian xử lý frame 75.94ms
2026-07-02 10:12:37 | DEBUG    | yolo_service:199 | [cam_002] Thời gian xử lý frame 52.90ms
2026-07-02 10:12:37 | DEBUG    | yolo_service:199 | [cam_002] Thời gian xử lý frame 52.06ms
2026-07-02 10:12:37 | DEBUG    | yolo_service:199 | [cam_001] Thời gian xử lý frame 75.48ms
2026-07-02 10:12:37 | DEBUG    | yolo_service:199 | [cam_002] Thời gian xử lý frame 52.59ms
2026-07-02 10:12:37 | DEBUG    | yolo_service:199 | [cam_001] Thời gian xử lý frame 79.18ms
2026-07-02 10:12:37 | DEBUG    | yolo_service:199 | [cam_002] Thời gian xử lý frame 58.78ms
2026-07-02 10:12:37 | DEBUG    | yolo_service:199 | [cam_002] Thời gian xử lý frame 14.22ms
2026-07-02 10:12:37 | DEBUG    | yolo_service:199 | [cam_001] Thời gian xử lý frame 79.82ms
2026-07-02 10:12:37 | DEBUG    | yolo_service:199 | [cam_002] Thời gian xử lý frame 59.37ms
2026-07-02 10:12:37 | DEBUG    | yolo_service:199 | [cam_002] Thời gian xử lý frame 55.26ms
2026-07-02 10:12:38 | DEBUG    | yolo_service:199 | [cam_001] Thời gian xử lý frame 313.52ms
2026-07-02 10:12:38 | DEBUG    | yolo_service:199 | [cam_002] Thời gian xử lý frame 243.49ms
2026-07-02 10:12:38 | DEBUG    | yolo_service:199 | [cam_001] Thời gian xử lý frame 9.52ms
2026-07-02 10:12:38 | DEBUG    | yolo_service:199 | [cam_002] Thời gian xử lý frame 12.83ms
2026-07-02 10:12:38 | DEBUG    | yolo_service:199 | [cam_002] Thời gian xử lý frame 52.11ms
2026-07-02 10:12:38 | DEBUG    | yolo_service:199 | [cam_001] Thời gian xử lý frame 77.82ms
2026-07-02 10:12:38 | DEBUG    | yolo_service:199 | [cam_002] Thời gian xử lý frame 53.69ms
2026-07-02 10:12:38 | DEBUG    | yolo_service:199 | [cam_002] Thời gian xử lý frame 10.48ms
2026-07-02 10:12:38 | DEBUG    | yolo_service:199 | [cam_001] Thời gian xử lý frame 74.82ms
2026-07-02 10:12:38 | DEBUG    | yolo_service:199 | [cam_002] Thời gian xử lý frame 50.74ms
2026-07-02 10:12:38 | DEBUG    | yolo_service:199 | [cam_002] Thời gian xử lý frame 13.05ms
2026-07-02 10:12:38 | DEBUG    | yolo_service:199 | [cam_001] Thời gian xử lý frame 76.09ms
2026-07-02 10:12:38 | DEBUG    | yolo_service:199 | [cam_002] Thời gian xử lý frame 48.52ms
2026-07-02 10:12:38 | DEBUG    | yolo_service:199 | [cam_002] Thời gian xử lý frame 52.75ms
2026-07-02 10:12:38 | DEBUG    | yolo_service:199 | [cam_001] Thời gian xử lý frame 72.75ms
2026-07-02 10:12:38 | DEBUG    | yolo_service:199 | [cam_002] Thời gian xử lý frame 49.39ms
2026-07-02 10:12:38 | DEBUG    | yolo_service:199 | [cam_002] Thời gian xử lý frame 7.95ms
2026-07-02 10:12:38 | DEBUG    | yolo_service:199 | [cam_001] Thời gian xử lý frame 73.28ms
2026-07-02 10:12:38 | DEBUG    | yolo_service:199 | [cam_002] Thời gian xử lý frame 52.86ms
2026-07-02 10:12:38 | DEBUG    | yolo_service:199 | [cam_001] Thời gian xử lý frame 80.15ms
2026-07-02 10:12:38 | DEBUG    | yolo_service:199 | [cam_002] Thời gian xử lý frame 58.79ms
2026-07-02 10:12:38 | DEBUG    | yolo_service:199 | [cam_001] Thời gian xử lý frame 8.55ms
2026-07-02 10:12:38 | DEBUG    | yolo_service:199 | [cam_002] Thời gian xử lý frame 10.40ms
2026-07-02 10:12:38 | DEBUG    | yolo_service:199 | [cam_002] Thời gian xử lý frame 49.03ms
2026-07-02 10:12:38 | DEBUG    | yolo_service:199 | [cam_002] Thời gian xử lý frame 63.28ms
2026-07-02 10:12:38 | DEBUG    | yolo_service:199 | [cam_002] Thời gian xử lý frame 9.28ms
2026-07-02 10:12:38 | DEBUG    | yolo_service:199 | [cam_001] Thời gian xử lý frame 142.81ms
2026-07-02 10:12:38 | DEBUG    | yolo_service:199 | [cam_001] Thời gian xử lý frame 10.03ms
2026-07-02 10:12:38 | DEBUG    | yolo_service:199 | [cam_002] Thời gian xử lý frame 50.65ms
2026-07-02 10:12:38 | DEBUG    | yolo_service:199 | [cam_001] Thời gian xử lý frame 80.32ms
2026-07-02 10:12:38 | DEBUG    | yolo_service:199 | [cam_002] Thời gian xử lý frame 57.51ms
2026-07-02 10:12:38 | DEBUG    | yolo_service:199 | [cam_002] Thời gian xử lý frame 9.26ms
2026-07-02 10:12:38 | DEBUG    | yolo_service:199 | [cam_002] Thời gian xử lý frame 52.80ms
2026-07-02 10:12:39 | DEBUG    | yolo_service:199 | [cam_001] Thời gian xử lý frame 81.18ms
2026-07-02 10:12:39 | DEBUG    | yolo_service:199 | [cam_002] Thời gian xử lý frame 54.31ms
2026-07-02 10:12:39 | DEBUG    | yolo_service:199 | [cam_001] Thời gian xử lý frame 72.94ms
2026-07-02 10:12:39 | DEBUG    | yolo_service:199 | [cam_002] Thời gian xử lý frame 50.85ms
2026-07-02 10:12:39 | DEBUG    | yolo_service:199 | [cam_002] Thời gian xử lý frame 49.87ms
2026-07-02 10:12:39 | DEBUG    | yolo_service:199 | [cam_001] Thời gian xử lý frame 75.07ms
2026-07-02 10:12:39 | DEBUG    | yolo_service:199 | [cam_002] Thời gian xử lý frame 50.48ms
2026-07-02 10:12:39 | DEBUG    | yolo_service:199 | [cam_002] Thời gian xử lý frame 62.98ms
2026-07-02 10:12:39 | DEBUG    | yolo_service:199 | [cam_002] Thời gian xử lý frame 9.43ms
2026-07-02 10:12:39 | DEBUG    | yolo_service:199 | [cam_001] Thời gian xử lý frame 145.28ms
2026-07-02 10:12:39 | DEBUG    | yolo_service:199 | [cam_002] Thời gian xử lý frame 49.51ms
2026-07-02 10:12:39 | DEBUG    | yolo_service:199 | [cam_002] Thời gian xử lý frame 50.05ms
2026-07-02 10:12:39 | DEBUG    | yolo_service:199 | [cam_001] Thời gian xử lý frame 73.52ms
2026-07-02 10:12:39 | DEBUG    | yolo_service:199 | [cam_002] Thời gian xử lý frame 50.43ms
2026-07-02 10:12:39 | DEBUG    | yolo_service:199 | [cam_001] Thời gian xử lý frame 74.42ms
2026-07-02 10:12:39 | DEBUG    | yolo_service:199 | [cam_002] Thời gian xử lý frame 57.48ms
2026-07-02 10:12:39 | DEBUG    | yolo_service:199 | [cam_001] Thời gian xử lý frame 79.76ms
2026-07-02 10:12:39 | DEBUG    | yolo_service:199 | [cam_002] Thời gian xử lý frame 63.89ms
2026-07-02 10:12:39 | DEBUG    | yolo_service:199 | [cam_002] Thời gian xử lý frame 12.97ms
2026-07-02 10:12:39 | DEBUG    | yolo_service:199 | [cam_002] Thời gian xử lý frame 12.29ms
2026-07-02 10:12:39 | DEBUG    | yolo_service:199 | [cam_001] Thời gian xử lý frame 74.29ms
2026-07-02 10:12:39 | DEBUG    | yolo_service:199 | [cam_002] Thời gian xử lý frame 53.75ms
2026-07-02 10:12:39 | DEBUG    | yolo_service:199 | [cam_002] Thời gian xử lý frame 54.23ms
2026-07-02 10:12:39 | DEBUG    | yolo_service:199 | [cam_001] Thời gian xử lý frame 76.22ms
2026-07-02 10:12:39 | DEBUG    | yolo_service:199 | [cam_001] Thời gian xử lý frame 5.04ms
2026-07-02 10:12:39 | DEBUG    | yolo_service:199 | [cam_002] Thời gian xử lý frame 47.67ms
2026-07-02 10:12:39 | DEBUG    | yolo_service:199 | [cam_001] Thời gian xử lý frame 73.48ms
2026-07-02 10:12:39 | DEBUG    | yolo_service:199 | [cam_002] Thời gian xử lý frame 50.91ms
2026-07-02 10:12:39 | DEBUG    | yolo_service:199 | [cam_002] Thời gian xử lý frame 61.76ms
2026-07-02 10:12:39 | DEBUG    | yolo_service:199 | [cam_002] Thời gian xử lý frame 50.23ms
2026-07-02 10:12:39 | DEBUG    | yolo_service:199 | [cam_001] Thời gian xử lý frame 141.00ms
2026-07-02 10:12:39 | DEBUG    | yolo_service:199 | [cam_002] Thời gian xử lý frame 53.35ms
2026-07-02 10:12:39 | DEBUG    | yolo_service:199 | [cam_001] Thời gian xử lý frame 79.73ms
2026-07-02 10:12:39 | DEBUG    | yolo_service:199 | [cam_002] Thời gian xử lý frame 50.21ms
2026-07-02 10:12:40 | DEBUG    | yolo_service:199 | [cam_002] Thời gian xử lý frame 8.76ms
2026-07-02 10:12:40 | DEBUG    | yolo_service:199 | [cam_001] Thời gian xử lý frame 90.07ms
2026-07-02 10:12:40 | DEBUG    | yolo_service:199 | [cam_002] Thời gian xử lý frame 66.49ms
2026-07-02 10:12:40 | DEBUG    | yolo_service:199 | [cam_002] Thời gian xử lý frame 55.16ms
2026-07-02 10:12:40 | DEBUG    | yolo_service:199 | [cam_002] Thời gian xử lý frame 11.93ms
2026-07-02 10:12:40 | DEBUG    | yolo_service:199 | [cam_001] Thời gian xử lý frame 76.28ms
2026-07-02 10:12:40 | DEBUG    | yolo_service:199 | [cam_002] Thời gian xử lý frame 54.39ms
2026-07-02 10:12:40 | DEBUG    | yolo_service:199 | [cam_002] Thời gian xử lý frame 55.63ms
2026-07-02 10:12:40 | DEBUG    | yolo_service:199 | [cam_001] Thời gian xử lý frame 144.92ms
2026-07-02 10:12:40 | DEBUG    | yolo_service:199 | [cam_002] Thời gian xử lý frame 52.56ms
2026-07-02 10:12:40 | DEBUG    | yolo_service:199 | [cam_002] Thời gian xử lý frame 51.56ms
2026-07-02 10:12:40 | DEBUG    | yolo_service:199 | [cam_001] Thời gian xử lý frame 75.73ms
2026-07-02 10:12:40 | DEBUG    | yolo_service:199 | [cam_002] Thời gian xử lý frame 51.40ms
2026-07-02 10:12:40 | DEBUG    | yolo_service:199 | [cam_001] Thời gian xử lý frame 75.23ms
2026-07-02 10:12:40 | DEBUG    | yolo_service:199 | [cam_002] Thời gian xử lý frame 51.66ms
2026-07-02 10:12:40 | DEBUG    | yolo_service:199 | [cam_002] Thời gian xử lý frame 64.71ms
2026-07-02 10:12:40 | DEBUG    | yolo_service:199 | [cam_001] Thời gian xử lý frame 82.72ms
2026-07-02 10:12:40 | DEBUG    | yolo_service:199 | [cam_002] Thời gian xử lý frame 50.12ms
2026-07-02 10:12:40 | DEBUG    | yolo_service:199 | [cam_001] Thời gian xử lý frame 76.04ms
2026-07-02 10:12:40 | DEBUG    | yolo_service:199 | [cam_002] Thời gian xử lý frame 53.53ms
2026-07-02 10:12:40 | DEBUG    | yolo_service:199 | [cam_001] Thời gian xử lý frame 86.75ms
2026-07-02 10:12:40 | DEBUG    | yolo_service:199 | [cam_002] Thời gian xử lý frame 65.82ms
2026-07-02 10:12:40 | DEBUG    | yolo_service:199 | [cam_001] Thời gian xử lý frame 9.46ms
2026-07-02 10:12:40 | DEBUG    | yolo_service:199 | [cam_002] Thời gian xử lý frame 12.79ms
2026-07-02 10:12:40 | DEBUG    | yolo_service:199 | [cam_002] Thời gian xử lý frame 51.57ms
2026-07-02 10:12:40 | DEBUG    | yolo_service:199 | [cam_002] Thời gian xử lý frame 15.65ms
2026-07-02 10:12:40 | DEBUG    | yolo_service:199 | [cam_001] Thời gian xử lý frame 80.18ms
2026-07-02 10:12:40 | DEBUG    | yolo_service:199 | [cam_002] Thời gian xử lý frame 55.59ms
2026-07-02 10:12:40 | DEBUG    | yolo_service:199 | [cam_001] Thời gian xử lý frame 81.11ms
2026-07-02 10:12:40 | DEBUG    | yolo_service:199 | [cam_002] Thời gian xử lý frame 53.33ms
2026-07-02 10:12:40 | DEBUG    | yolo_service:199 | [cam_002] Thời gian xử lý frame 15.37ms
2026-07-02 10:12:40 | DEBUG    | yolo_service:199 | [cam_002] Thời gian xử lý frame 53.31ms
2026-07-02 10:12:40 | DEBUG    | yolo_service:199 | [cam_002] Thời gian xử lý frame 9.23ms
2026-07-02 10:12:40 | DEBUG    | yolo_service:199 | [cam_001] Thời gian xử lý frame 116.93ms
2026-07-02 10:12:41 | DEBUG    | yolo_service:199 | [cam_002] Thời gian xử lý frame 52.77ms
2026-07-02 10:12:41 | DEBUG    | yolo_service:199 | [cam_001] Thời gian xử lý frame 78.58ms
2026-07-02 10:12:41 | DEBUG    | yolo_service:199 | [cam_002] Thời gian xử lý frame 63.02ms
2026-07-02 10:12:41 | DEBUG    | yolo_service:199 | [cam_002] Thời gian xử lý frame 64.00ms
2026-07-02 10:12:41 | DEBUG    | yolo_service:199 | [cam_001] Thời gian xử lý frame 92.50ms
2026-07-02 10:12:41 | DEBUG    | yolo_service:199 | [cam_001] Thời gian xử lý frame 9.24ms
2026-07-02 10:12:41 | DEBUG    | yolo_service:199 | [cam_002] Thời gian xử lý frame 54.02ms
2026-07-02 10:12:41 | DEBUG    | yolo_service:199 | [cam_002] Thời gian xử lý frame 14.98ms
2026-07-02 10:12:41 | DEBUG    | yolo_service:199 | [cam_001] Thời gian xử lý frame 151.03ms
2026-07-02 10:12:41 | DEBUG    | yolo_service:199 | [cam_002] Thời gian xử lý frame 98.64ms
2026-07-02 10:12:41 | DEBUG    | yolo_service:199 | [cam_002] Thời gian xử lý frame 10.61ms
2026-07-02 10:12:41 | DEBUG    | yolo_service:199 | [cam_002] Thời gian xử lý frame 52.37ms
2026-07-02 10:12:41 | DEBUG    | yolo_service:199 | [cam_001] Thời gian xử lý frame 78.27ms
2026-07-02 10:12:41 | DEBUG    | yolo_service:199 | [cam_002] Thời gian xử lý frame 54.96ms
2026-07-02 10:12:41 | DEBUG    | yolo_service:199 | [cam_002] Thời gian xử lý frame 13.74ms
2026-07-02 10:12:41 | DEBUG    | yolo_service:199 | [cam_002] Thời gian xử lý frame 54.13ms
2026-07-02 10:12:41 | DEBUG    | yolo_service:199 | [cam_002] Thời gian xử lý frame 66.13ms
2026-07-02 10:12:41 | DEBUG    | heartbeat_service:58 | 💓 Nhịp tim gửi Master: {'server_id': 'SV_004', 'cpu_usage': 26.0, 'has_gpu': True, 'gpu_usage': 0, 'vram_free_gb': 3.47, 'max_cam': 2}
2026-07-02 10:12:41 | DEBUG    | connectionpool:241 | Starting new HTTP connection (1): 10.40.91.11:5000
2026-07-02 10:12:41 | DEBUG    | yolo_service:199 | [cam_002] Thời gian xử lý frame 17.16ms
2026-07-02 10:12:41 | DEBUG    | connectionpool:544 | http://10.40.91.11:5000 "POST /api/heartbeat HTTP/1.1" 200 68
2026-07-02 10:12:41 | DEBUG    | yolo_service:199 | [cam_002] Thời gian xử lý frame 105.10ms
2026-07-02 10:12:41 | DEBUG    | yolo_service:199 | [cam_002] Thời gian xử lý frame 21.61ms
2026-07-02 10:12:41 | DEBUG    | yolo_service:199 | [cam_002] Thời gian xử lý frame 56.37ms
2026-07-02 10:12:41 | DEBUG    | yolo_service:199 | [cam_002] Thời gian xử lý frame 76.13ms
2026-07-02 10:12:41 | DEBUG    | yolo_service:199 | [cam_002] Thời gian xử lý frame 21.13ms
2026-07-02 10:12:41 | DEBUG    | yolo_service:199 | [cam_002] Thời gian xử lý frame 62.34ms
2026-07-02 10:12:41 | DEBUG    | yolo_service:199 | [cam_002] Thời gian xử lý frame 34.56ms
2026-07-02 10:12:41 | DEBUG    | yolo_service:199 | [cam_002] Thời gian xử lý frame 24.99ms
2026-07-02 10:12:42 | DEBUG    | yolo_service:199 | [cam_002] Thời gian xử lý frame 62.35ms
2026-07-02 10:12:42 | DEBUG    | yolo_service:199 | [cam_002] Thời gian xử lý frame 18.19ms
2026-07-02 10:12:42 | DEBUG    | yolo_service:199 | [cam_001] Thời gian xử lý frame 699.61ms
2026-07-02 10:12:42 | DEBUG    | yolo_service:199 | [cam_001] Thời gian xử lý frame 13.38ms
2026-07-02 10:12:42 | DEBUG    | yolo_service:199 | [cam_002] Thời gian xử lý frame 96.14ms
2026-07-02 10:12:42 | DEBUG    | yolo_service:199 | [cam_001] Thời gian xử lý frame 305.84ms
2026-07-02 10:12:42 | DEBUG    | yolo_service:199 | [cam_002] Thời gian xử lý frame 240.80ms
2026-07-02 10:12:42 | DEBUG    | yolo_service:199 | [cam_001] Thời gian xử lý frame 11.55ms
2026-07-02 10:12:42 | DEBUG    | yolo_service:199 | [cam_002] Thời gian xử lý frame 11.74ms
2026-07-02 10:12:42 | DEBUG    | yolo_service:199 | [cam_002] Thời gian xử lý frame 54.83ms
2026-07-02 10:12:42 | DEBUG    | yolo_service:199 | [cam_002] Thời gian xử lý frame 10.43ms
2026-07-02 10:12:42 | DEBUG    | yolo_service:199 | [cam_001] Thời gian xử lý frame 75.90ms
2026-07-02 10:12:42 | DEBUG    | yolo_service:199 | [cam_002] Thời gian xử lý frame 51.07ms
2026-07-02 10:12:42 | DEBUG    | yolo_service:199 | [cam_001] Thời gian xử lý frame 77.98ms
2026-07-02 10:12:42 | DEBUG    | yolo_service:199 | [cam_002] Thời gian xử lý frame 56.34ms
2026-07-02 10:12:42 | DEBUG    | yolo_service:199 | [cam_002] Thời gian xử lý frame 9.68ms
2026-07-02 10:12:42 | DEBUG    | yolo_service:199 | [cam_001] Thời gian xử lý frame 92.43ms
2026-07-02 10:12:42 | DEBUG    | yolo_service:199 | [cam_002] Thời gian xử lý frame 62.44ms
2026-07-02 10:12:42 | DEBUG    | yolo_service:199 | [cam_002] Thời gian xử lý frame 51.21ms
2026-07-02 10:12:42 | INFO     | gallery:233 | REID: thêm dáng vẻ mới cho global_id=0 (2/3 slot)
2026-07-02 10:12:42 | DEBUG    | yolo_service:199 | [cam_001] Thời gian xử lý frame 92.23ms
2026-07-02 10:12:42 | DEBUG    | yolo_service:199 | [cam_002] Thời gian xử lý frame 52.44ms
2026-07-02 10:12:42 | DEBUG    | yolo_service:199 | [cam_002] Thời gian xử lý frame 62.18ms
2026-07-02 10:12:42 | DEBUG    | yolo_service:199 | [cam_002] Thời gian xử lý frame 17.50ms
2026-07-02 10:12:42 | DEBUG    | yolo_service:199 | [cam_001] Thời gian xử lý frame 98.67ms
2026-07-02 10:12:42 | DEBUG    | yolo_service:199 | [cam_002] Thời gian xử lý frame 53.89ms
2026-07-02 10:12:42 | DEBUG    | yolo_service:199 | [cam_002] Thời gian xử lý frame 12.86ms
2026-07-02 10:12:42 | DEBUG    | yolo_service:199 | [cam_001] Thời gian xử lý frame 95.69ms
2026-07-02 10:12:42 | DEBUG    | yolo_service:199 | [cam_001] Thời gian xử lý frame 18.33ms
2026-07-02 10:12:42 | DEBUG    | yolo_service:199 | [cam_002] Thời gian xử lý frame 53.09ms
2026-07-02 10:12:43 | DEBUG    | yolo_service:199 | [cam_002] Thời gian xử lý frame 49.33ms
2026-07-02 10:12:43 | DEBUG    | yolo_service:199 | [cam_001] Thời gian xử lý frame 82.40ms
2026-07-02 10:12:43 | DEBUG    | yolo_service:199 | [cam_002] Thời gian xử lý frame 48.13ms
2026-07-02 10:12:43 | DEBUG    | yolo_service:199 | [cam_002] Thời gian xử lý frame 51.06ms
2026-07-02 10:12:43 | DEBUG    | yolo_service:199 | [cam_001] Thời gian xử lý frame 84.19ms
2026-07-02 10:12:43 | DEBUG    | yolo_service:199 | [cam_001] Thời gian xử lý frame 15.60ms
2026-07-02 10:12:43 | DEBUG    | yolo_service:199 | [cam_002] Thời gian xử lý frame 55.06ms
2026-07-02 10:12:43 | DEBUG    | yolo_service:199 | [cam_002] Thời gian xử lý frame 57.12ms
2026-07-02 10:12:43 | DEBUG    | yolo_service:199 | [cam_002] Thời gian xử lý frame 53.50ms
2026-07-02 10:12:43 | DEBUG    | yolo_service:199 | [cam_001] Thời gian xử lý frame 158.54ms
2026-07-02 10:12:43 | DEBUG    | yolo_service:199 | [cam_002] Thời gian xử lý frame 54.68ms
2026-07-02 10:12:43 | DEBUG    | yolo_service:199 | [cam_002] Thời gian xử lý frame 12.62ms
2026-07-02 10:12:43 | DEBUG    | yolo_service:199 | [cam_001] Thời gian xử lý frame 82.15ms
2026-07-02 10:12:43 | DEBUG    | yolo_service:199 | [cam_002] Thời gian xử lý frame 54.86ms
2026-07-02 10:12:43 | DEBUG    | yolo_service:199 | [cam_002] Thời gian xử lý frame 52.46ms
2026-07-02 10:12:43 | DEBUG    | yolo_service:199 | [cam_002] Thời gian xử lý frame 13.02ms
2026-07-02 10:12:43 | DEBUG    | yolo_service:199 | [cam_001] Thời gian xử lý frame 90.97ms
2026-07-02 10:12:43 | DEBUG    | yolo_service:199 | [cam_001] Thời gian xử lý frame 20.29ms
2026-07-02 10:12:43 | DEBUG    | yolo_service:199 | [cam_002] Thời gian xử lý frame 49.56ms
2026-07-02 10:12:43 | DEBUG    | yolo_service:199 | [cam_001] Thời gian xử lý frame 88.48ms
2026-07-02 10:12:43 | DEBUG    | yolo_service:199 | [cam_002] Thời gian xử lý frame 63.20ms
2026-07-02 10:12:43 | DEBUG    | yolo_service:199 | [cam_002] Thời gian xử lý frame 9.91ms
2026-07-02 10:12:43 | DEBUG    | yolo_service:199 | [cam_002] Thời gian xử lý frame 52.52ms
2026-07-02 10:12:43 | DEBUG    | yolo_service:199 | [cam_001] Thời gian xử lý frame 82.24ms
2026-07-02 10:12:43 | DEBUG    | yolo_service:199 | [cam_002] Thời gian xử lý frame 48.46ms
2026-07-02 10:12:43 | DEBUG    | yolo_service:199 | [cam_002] Thời gian xử lý frame 52.70ms
2026-07-02 10:12:43 | DEBUG    | yolo_service:199 | [cam_001] Thời gian xử lý frame 87.48ms
2026-07-02 10:12:43 | DEBUG    | yolo_service:199 | [cam_002] Thời gian xử lý frame 58.14ms
2026-07-02 10:12:43 | DEBUG    | yolo_service:199 | [cam_001] Thời gian xử lý frame 87.03ms
2026-07-02 10:12:43 | DEBUG    | yolo_service:199 | [cam_002] Thời gian xử lý frame 50.98ms
2026-07-02 10:12:43 | DEBUG    | yolo_service:199 | [cam_002] Thời gian xử lý frame 9.19ms
2026-07-02 10:12:43 | DEBUG    | yolo_service:199 | [cam_001] Thời gian xử lý frame 77.45ms
2026-07-02 10:12:43 | DEBUG    | yolo_service:199 | [cam_002] Thời gian xử lý frame 56.23ms
2026-07-02 10:12:43 | DEBUG    | yolo_service:199 | [cam_002] Thời gian xử lý frame 49.19ms
2026-07-02 10:12:44 | DEBUG    | yolo_service:199 | [cam_002] Thời gian xử lý frame 92.88ms
2026-07-02 10:12:44 | DEBUG    | yolo_service:199 | [cam_001] Thời gian xử lý frame 158.48ms
2026-07-02 10:12:44 | DEBUG    | yolo_service:199 | [cam_001] Thời gian xử lý frame 16.29ms
2026-07-02 10:12:44 | DEBUG    | yolo_service:199 | [cam_002] Thời gian xử lý frame 99.54ms
2026-07-02 10:12:44 | DEBUG    | yolo_service:199 | [cam_001] Thời gian xử lý frame 87.90ms
2026-07-02 10:12:44 | DEBUG    | yolo_service:199 | [cam_002] Thời gian xử lý frame 49.99ms
2026-07-02 10:12:44 | DEBUG    | yolo_service:199 | [cam_001] Thời gian xử lý frame 90.92ms
2026-07-02 10:12:44 | DEBUG    | yolo_service:199 | [cam_002] Thời gian xử lý frame 62.93ms
2026-07-02 10:12:44 | DEBUG    | yolo_service:199 | [cam_001] Thời gian xử lý frame 26.22ms
2026-07-02 10:12:44 | DEBUG    | yolo_service:199 | [cam_002] Thời gian xử lý frame 52.40ms
2026-07-02 10:12:44 | DEBUG    | yolo_service:199 | [cam_002] Thời gian xử lý frame 7.91ms
2026-07-02 10:12:44 | DEBUG    | yolo_service:199 | [cam_001] Thời gian xử lý frame 83.95ms
2026-07-02 10:12:44 | DEBUG    | yolo_service:199 | [cam_002] Thời gian xử lý frame 51.04ms
2026-07-02 10:12:44 | DEBUG    | yolo_service:199 | [cam_002] Thời gian xử lý frame 55.42ms
2026-07-02 10:12:44 | DEBUG    | yolo_service:199 | [cam_001] Thời gian xử lý frame 90.63ms
2026-07-02 10:12:44 | DEBUG    | yolo_service:199 | [cam_001] Thời gian xử lý frame 17.46ms
2026-07-02 10:12:44 | DEBUG    | yolo_service:199 | [cam_002] Thời gian xử lý frame 49.87ms
2026-07-02 10:12:44 | DEBUG    | yolo_service:199 | [cam_002] Thời gian xử lý frame 50.15ms
2026-07-02 10:12:44 | DEBUG    | yolo_service:199 | [cam_001] Thời gian xử lý frame 93.82ms
2026-07-02 10:12:44 | DEBUG    | yolo_service:199 | [cam_002] Thời gian xử lý frame 54.82ms
2026-07-02 10:12:44 | DEBUG    | yolo_service:199 | [cam_002] Thời gian xử lý frame 11.11ms
2026-07-02 10:12:44 | DEBUG    | yolo_service:199 | [cam_002] Thời gian xử lý frame 52.95ms
2026-07-02 10:12:44 | DEBUG    | yolo_service:199 | [cam_001] Thời gian xử lý frame 101.65ms
2026-07-02 10:12:44 | DEBUG    | yolo_service:199 | [cam_002] Thời gian xử lý frame 51.83ms
2026-07-02 10:12:44 | DEBUG    | yolo_service:199 | [cam_002] Thời gian xử lý frame 59.25ms
2026-07-02 10:12:44 | DEBUG    | yolo_service:199 | [cam_001] Thời gian xử lý frame 98.85ms
2026-07-02 10:12:44 | DEBUG    | yolo_service:199 | [cam_002] Thời gian xử lý frame 9.33ms
2026-07-02 10:12:44 | DEBUG    | yolo_service:199 | [cam_002] Thời gian xử lý frame 53.05ms
2026-07-02 10:12:44 | DEBUG    | yolo_service:199 | [cam_001] Thời gian xử lý frame 87.22ms
2026-07-02 10:12:44 | DEBUG    | yolo_service:199 | [cam_001] Thời gian xử lý frame 27.50ms
2026-07-02 10:12:44 | DEBUG    | yolo_service:199 | [cam_002] Thời gian xử lý frame 56.64ms
2026-07-02 10:12:44 | DEBUG    | yolo_service:199 | [cam_002] Thời gian xử lý frame 60.19ms
2026-07-02 10:12:45 | DEBUG    | yolo_service:199 | [cam_001] Thời gian xử lý frame 86.37ms
2026-07-02 10:12:45 | DEBUG    | yolo_service:199 | [cam_002] Thời gian xử lý frame 53.06ms
2026-07-02 10:12:45 | DEBUG    | yolo_service:199 | [cam_002] Thời gian xử lý frame 54.62ms
2026-07-02 10:12:45 | DEBUG    | yolo_service:199 | [cam_001] Thời gian xử lý frame 100.55ms
2026-07-02 10:12:45 | DEBUG    | yolo_service:199 | [cam_001] Thời gian xử lý frame 23.84ms
2026-07-02 10:12:45 | DEBUG    | yolo_service:199 | [cam_002] Thời gian xử lý frame 57.67ms
2026-07-02 10:12:45 | DEBUG    | yolo_service:199 | [cam_002] Thời gian xử lý frame 19.59ms
2026-07-02 10:12:45 | DEBUG    | yolo_service:199 | [cam_001] Thời gian xử lý frame 37.59ms
2026-07-02 10:12:45 | DEBUG    | yolo_service:199 | [cam_002] Thời gian xử lý frame 51.99ms
2026-07-02 10:12:45 | DEBUG    | yolo_service:199 | [cam_001] Thời gian xử lý frame 87.92ms
2026-07-02 10:12:45 | DEBUG    | yolo_service:199 | [cam_002] Thời gian xử lý frame 55.22ms
2026-07-02 10:12:45 | DEBUG    | yolo_service:199 | [cam_002] Thời gian xử lý frame 9.52ms
2026-07-02 10:12:45 | DEBUG    | yolo_service:199 | [cam_002] Thời gian xử lý frame 59.60ms
2026-07-02 10:12:45 | DEBUG    | yolo_service:199 | [cam_001] Thời gian xử lý frame 105.99ms
2026-07-02 10:12:45 | DEBUG    | yolo_service:199 | [cam_002] Thời gian xử lý frame 17.47ms
2026-07-02 10:12:45 | DEBUG    | yolo_service:199 | [cam_002] Thời gian xử lý frame 54.04ms
2026-07-02 10:12:45 | DEBUG    | yolo_service:199 | [cam_001] Thời gian xử lý frame 89.03ms
2026-07-02 10:12:45 | DEBUG    | yolo_service:199 | [cam_002] Thời gian xử lý frame 49.77ms
2026-07-02 10:12:45 | DEBUG    | yolo_service:199 | [cam_002] Thời gian xử lý frame 48.32ms
2026-07-02 10:12:45 | DEBUG    | yolo_service:199 | [cam_001] Thời gian xử lý frame 86.84ms
2026-07-02 10:12:45 | DEBUG    | yolo_service:199 | [cam_001] Thời gian xử lý frame 17.91ms
2026-07-02 10:12:45 | DEBUG    | yolo_service:199 | [cam_002] Thời gian xử lý frame 53.75ms
2026-07-02 10:12:45 | DEBUG    | yolo_service:199 | [cam_002] Thời gian xử lý frame 63.02ms
2026-07-02 10:12:45 | DEBUG    | yolo_service:199 | [cam_002] Thời gian xử lý frame 56.23ms
2026-07-02 10:12:45 | DEBUG    | yolo_service:199 | [cam_001] Thời gian xử lý frame 240.59ms
2026-07-02 10:12:45 | DEBUG    | yolo_service:199 | [cam_002] Thời gian xử lý frame 110.81ms
2026-07-02 10:12:45 | DEBUG    | yolo_service:199 | [cam_002] Thời gian xử lý frame 12.83ms
2026-07-02 10:12:45 | DEBUG    | yolo_service:199 | [cam_001] Thời gian xử lý frame 30.01ms
2026-07-02 10:12:45 | DEBUG    | yolo_service:199 | [cam_001] Thời gian xử lý frame 17.09ms
2026-07-02 10:12:45 | DEBUG    | yolo_service:199 | [cam_002] Thời gian xử lý frame 49.91ms
2026-07-02 10:12:45 | DEBUG    | yolo_service:199 | [cam_002] Thời gian xử lý frame 50.60ms
2026-07-02 10:12:45 | DEBUG    | yolo_service:199 | [cam_001] Thời gian xử lý frame 84.32ms
2026-07-02 10:12:45 | DEBUG    | yolo_service:199 | [cam_001] Thời gian xử lý frame 19.18ms
2026-07-02 10:12:45 | DEBUG    | yolo_service:199 | [cam_002] Thời gian xử lý frame 52.16ms
2026-07-02 10:12:46 | DEBUG    | yolo_service:199 | [cam_002] Thời gian xử lý frame 48.45ms
2026-07-02 10:12:46 | DEBUG    | yolo_service:199 | [cam_002] Thời gian xử lý frame 52.33ms
2026-07-02 10:12:46 | DEBUG    | yolo_service:199 | [cam_001] Thời gian xử lý frame 165.16ms
2026-07-02 10:12:46 | DEBUG    | yolo_service:199 | [cam_002] Thời gian xử lý frame 91.50ms
2026-07-02 10:12:46 | DEBUG    | yolo_service:199 | [cam_001] Thời gian xử lý frame 90.25ms
2026-07-02 10:12:46 | DEBUG    | yolo_service:199 | [cam_002] Thời gian xử lý frame 52.99ms
2026-07-02 10:12:46 | DEBUG    | yolo_service:199 | [cam_002] Thời gian xử lý frame 9.61ms
2026-07-02 10:12:46 | DEBUG    | yolo_service:199 | [cam_002] Thời gian xử lý frame 51.32ms
2026-07-02 10:12:46 | DEBUG    | yolo_service:199 | [cam_001] Thời gian xử lý frame 86.52ms
2026-07-02 10:12:46 | DEBUG    | yolo_service:199 | [cam_002] Thời gian xử lý frame 54.01ms
2026-07-02 10:12:46 | DEBUG    | yolo_service:199 | [cam_002] Thời gian xử lý frame 55.96ms
2026-07-02 10:12:46 | DEBUG    | yolo_service:199 | [cam_001] Thời gian xử lý frame 106.54ms
2026-07-02 10:12:46 | DEBUG    | yolo_service:199 | [cam_002] Thời gian xử lý frame 11.84ms
2026-07-02 10:12:46 | DEBUG    | yolo_service:199 | [cam_002] Thời gian xử lý frame 48.05ms
2026-07-02 10:12:46 | DEBUG    | yolo_service:199 | [cam_001] Thời gian xử lý frame 84.62ms
2026-07-02 10:12:46 | DEBUG    | yolo_service:199 | [cam_002] Thời gian xử lý frame 51.18ms
2026-07-02 10:12:46 | DEBUG    | yolo_service:199 | [cam_002] Thời gian xử lý frame 10.88ms
2026-07-02 10:12:46 | DEBUG    | yolo_service:199 | [cam_002] Thời gian xử lý frame 54.13ms
2026-07-02 10:12:46 | DEBUG    | yolo_service:199 | [cam_001] Thời gian xử lý frame 87.50ms
2026-07-02 10:12:46 | DEBUG    | yolo_service:199 | [cam_002] Thời gian xử lý frame 60.37ms
2026-07-02 10:12:46 | DEBUG    | yolo_service:199 | [cam_001] Thời gian xử lý frame 86.53ms
2026-07-02 10:12:46 | DEBUG    | yolo_service:199 | [cam_002] Thời gian xử lý frame 50.68ms
2026-07-02 10:12:46 | DEBUG    | yolo_service:199 | [cam_002] Thời gian xử lý frame 51.35ms
2026-07-02 10:12:46 | DEBUG    | yolo_service:199 | [cam_001] Thời gian xử lý frame 88.35ms
2026-07-02 10:12:46 | DEBUG    | yolo_service:199 | [cam_002] Thời gian xử lý frame 52.11ms
2026-07-02 10:12:46 | DEBUG    | yolo_service:199 | [cam_002] Thời gian xử lý frame 10.71ms
2026-07-02 10:12:46 | DEBUG    | yolo_service:199 | [cam_001] Thời gian xử lý frame 85.48ms
2026-07-02 10:12:46 | DEBUG    | yolo_service:199 | [cam_002] Thời gian xử lý frame 50.64ms
2026-07-02 10:12:46 | DEBUG    | yolo_service:199 | [cam_002] Thời gian xử lý frame 69.31ms
2026-07-02 10:12:46 | DEBUG    | yolo_service:199 | [cam_002] Thời gian xử lý frame 18.51ms
2026-07-02 10:12:46 | DEBUG    | yolo_service:199 | [cam_001] Thời gian xử lý frame 106.70ms
2026-07-02 10:12:46 | DEBUG    | yolo_service:199 | [cam_001] Thời gian xử lý frame 15.94ms
2026-07-02 10:12:46 | DEBUG    | yolo_service:199 | [cam_002] Thời gian xử lý frame 48.56ms
2026-07-02 10:12:47 | DEBUG    | yolo_service:199 | [cam_001] Thời gian xử lý frame 86.64ms
2026-07-02 10:12:47 | DEBUG    | yolo_service:199 | [cam_002] Thời gian xử lý frame 89.97ms
2026-07-02 10:12:47 | DEBUG    | yolo_service:199 | [cam_001] Thời gian xử lý frame 123.23ms
2026-07-02 10:12:47 | DEBUG    | yolo_service:199 | [cam_002] Thời gian xử lý frame 104.62ms
2026-07-02 10:12:47 | DEBUG    | yolo_service:199 | [cam_002] Thời gian xử lý frame 20.91ms
2026-07-02 10:12:47 | DEBUG    | yolo_service:199 | [cam_001] Thời gian xử lý frame 32.76ms
2026-07-02 10:12:47 | DEBUG    | yolo_service:199 | [cam_002] Thời gian xử lý frame 9.19ms
2026-07-02 10:12:47 | DEBUG    | yolo_service:199 | [cam_002] Thời gian xử lý frame 54.14ms
2026-07-02 10:12:47 | DEBUG    | yolo_service:199 | [cam_002] Thời gian xử lý frame 15.75ms
2026-07-02 10:12:47 | DEBUG    | yolo_service:199 | [cam_001] Thời gian xử lý frame 85.36ms
2026-07-02 10:12:47 | DEBUG    | yolo_service:199 | [cam_002] Thời gian xử lý frame 49.07ms
2026-07-02 10:12:47 | DEBUG    | yolo_service:199 | [cam_001] Thời gian xử lý frame 88.70ms
2026-07-02 10:12:47 | DEBUG    | yolo_service:199 | [cam_002] Thời gian xử lý frame 51.97ms
2026-07-02 10:12:47 | DEBUG    | yolo_service:199 | [cam_002] Thời gian xử lý frame 7.94ms
2026-07-02 10:12:47 | DEBUG    | yolo_service:199 | [cam_002] Thời gian xử lý frame 48.03ms
2026-07-02 10:12:47 | DEBUG    | yolo_service:199 | [cam_001] Thời gian xử lý frame 88.68ms
2026-07-02 10:12:47 | DEBUG    | yolo_service:199 | [cam_001] Thời gian xử lý frame 16.83ms
2026-07-02 10:12:47 | DEBUG    | yolo_service:199 | [cam_002] Thời gian xử lý frame 49.30ms
2026-07-02 10:12:47 | DEBUG    | yolo_service:199 | [cam_002] Thời gian xử lý frame 48.83ms
2026-07-02 10:12:47 | DEBUG    | yolo_service:199 | [cam_002] Thời gian xử lý frame 7.32ms
2026-07-02 10:12:47 | DEBUG    | yolo_service:199 | [cam_001] Thời gian xử lý frame 83.87ms
2026-07-02 10:12:47 | DEBUG    | yolo_service:199 | [cam_002] Thời gian xử lý frame 48.10ms
2026-07-02 10:12:47 | DEBUG    | heartbeat_service:58 | 💓 Nhịp tim gửi Master: {'server_id': 'SV_004', 'cpu_usage': 31.7, 'has_gpu': True, 'gpu_usage': 0, 'vram_free_gb': 3.43, 'max_cam': 2}
2026-07-02 10:12:47 | DEBUG    | connectionpool:241 | Starting new HTTP connection (1): 10.40.91.11:5000
2026-07-02 10:12:47 | DEBUG    | yolo_service:199 | [cam_002] Thời gian xử lý frame 63.04ms
2026-07-02 10:12:47 | DEBUG    | yolo_service:199 | [cam_001] Thời gian xử lý frame 106.44ms
2026-07-02 10:12:47 | DEBUG    | connectionpool:544 | http://10.40.91.11:5000 "POST /api/heartbeat HTTP/1.1" 200 68
2026-07-02 10:12:47 | DEBUG    | yolo_service:199 | [cam_001] Thời gian xử lý frame 11.80ms
2026-07-02 10:12:47 | DEBUG    | yolo_service:199 | [cam_002] Thời gian xử lý frame 50.31ms
2026-07-02 10:12:47 | DEBUG    | yolo_service:199 | [cam_002] Thời gian xử lý frame 8.63ms
2026-07-02 10:12:47 | DEBUG    | yolo_service:199 | [cam_002] Thời gian xử lý frame 57.10ms
2026-07-02 10:12:47 | DEBUG    | yolo_service:199 | [cam_001] Thời gian xử lý frame 92.12ms
2026-07-02 10:12:47 | DEBUG    | yolo_service:199 | [cam_002] Thời gian xử lý frame 49.81ms
2026-07-02 10:12:47 | DEBUG    | yolo_service:199 | [cam_002] Thời gian xử lý frame 8.76ms
2026-07-02 10:12:47 | DEBUG    | yolo_service:199 | [cam_001] Thời gian xử lý frame 92.64ms
2026-07-02 10:12:47 | DEBUG    | yolo_service:199 | [cam_001] Thời gian xử lý frame 24.86ms
2026-07-02 10:12:47 | DEBUG    | yolo_service:199 | [cam_002] Thời gian xử lý frame 66.07ms
2026-07-02 10:12:47 | DEBUG    | yolo_service:199 | [cam_002] Thời gian xử lý frame 11.95ms
2026-07-02 10:12:47 | DEBUG    | yolo_service:199 | [cam_002] Thời gian xử lý frame 53.42ms
2026-07-02 10:12:47 | DEBUG    | yolo_service:199 | [cam_001] Thời gian xử lý frame 84.80ms
2026-07-02 10:12:48 | DEBUG    | yolo_service:199 | [cam_002] Thời gian xử lý frame 53.38ms
2026-07-02 10:12:48 | DEBUG    | yolo_service:199 | [cam_001] Thời gian xử lý frame 94.22ms
2026-07-02 10:12:48 | DEBUG    | yolo_service:199 | [cam_002] Thời gian xử lý frame 68.10ms
2026-07-02 10:12:48 | DEBUG    | yolo_service:199 | [cam_001] Thời gian xử lý frame 23.19ms
2026-07-02 10:12:48 | DEBUG    | yolo_service:199 | [cam_002] Thời gian xử lý frame 51.48ms
2026-07-02 10:12:48 | DEBUG    | yolo_service:199 | [cam_002] Thời gian xử lý frame 8.45ms
2026-07-02 10:12:48 | DEBUG    | yolo_service:199 | [cam_001] Thời gian xử lý frame 86.72ms
2026-07-02 10:12:48 | DEBUG    | yolo_service:199 | [cam_002] Thời gian xử lý frame 50.74ms
2026-07-02 10:12:48 | DEBUG    | yolo_service:199 | [cam_002] Thời gian xử lý frame 56.82ms
2026-07-02 10:12:48 | DEBUG    | yolo_service:199 | [cam_001] Thời gian xử lý frame 87.09ms
2026-07-02 10:12:48 | DEBUG    | yolo_service:199 | [cam_001] Thời gian xử lý frame 23.51ms
2026-07-02 10:12:48 | DEBUG    | yolo_service:199 | [cam_002] Thời gian xử lý frame 49.80ms
2026-07-02 10:12:48 | DEBUG    | yolo_service:199 | [cam_002] Thời gian xử lý frame 53.70ms
2026-07-02 10:12:48 | DEBUG    | yolo_service:199 | [cam_001] Thời gian xử lý frame 99.19ms
2026-07-02 10:12:48 | DEBUG    | yolo_service:199 | [cam_002] Thời gian xử lý frame 56.62ms
2026-07-02 10:12:48 | DEBUG    | yolo_service:199 | [cam_002] Thời gian xử lý frame 9.43ms
2026-07-02 10:12:48 | DEBUG    | yolo_service:199 | [cam_001] Thời gian xử lý frame 77.29ms
2026-07-02 10:12:48 | DEBUG    | yolo_service:199 | [cam_002] Thời gian xử lý frame 53.62ms
2026-07-02 10:12:48 | DEBUG    | yolo_service:199 | [cam_002] Thời gian xử lý frame 56.69ms
2026-07-02 10:12:48 | DEBUG    | yolo_service:199 | [cam_001] Thời gian xử lý frame 76.37ms
2026-07-02 10:12:48 | DEBUG    | yolo_service:199 | [cam_002] Thời gian xử lý frame 53.01ms
2026-07-02 10:12:48 | DEBUG    | yolo_service:199 | [cam_001] Thời gian xử lý frame 76.73ms
2026-07-02 10:12:48 | DEBUG    | yolo_service:199 | [cam_002] Thời gian xử lý frame 52.02ms
2026-07-02 10:12:48 | DEBUG    | yolo_service:199 | [cam_002] Thời gian xử lý frame 57.70ms
2026-07-02 10:12:48 | DEBUG    | yolo_service:199 | [cam_001] Thời gian xử lý frame 82.03ms
2026-07-02 10:12:48 | DEBUG    | yolo_service:199 | [cam_001] Thời gian xử lý frame 10.21ms
2026-07-02 10:12:48 | DEBUG    | yolo_service:199 | [cam_002] Thời gian xử lý frame 20.47ms
2026-07-02 10:12:48 | DEBUG    | yolo_service:199 | [cam_002] Thời gian xử lý frame 53.83ms
2026-07-02 10:12:48 | DEBUG    | yolo_service:199 | [cam_002] Thời gian xử lý frame 13.95ms
2026-07-02 10:12:48 | DEBUG    | yolo_service:199 | [cam_002] Thời gian xử lý frame 56.05ms
2026-07-02 10:12:48 | DEBUG    | yolo_service:199 | [cam_001] Thời gian xử lý frame 142.18ms
2026-07-02 10:12:48 | DEBUG    | yolo_service:199 | [cam_002] Thời gian xử lý frame 50.45ms
2026-07-02 10:12:48 | DEBUG    | yolo_service:199 | [cam_002] Thời gian xử lý frame 9.81ms
2026-07-02 10:12:48 | DEBUG    | yolo_service:199 | [cam_001] Thời gian xử lý frame 76.10ms
2026-07-02 10:12:48 | DEBUG    | yolo_service:199 | [cam_002] Thời gian xử lý frame 50.76ms
2026-07-02 10:12:49 | DEBUG    | yolo_service:199 | [cam_002] Thời gian xử lý frame 60.71ms
2026-07-02 10:12:49 | DEBUG    | yolo_service:199 | [cam_002] Thời gian xử lý frame 64.33ms
2026-07-02 10:12:49 | DEBUG    | yolo_service:199 | [cam_001] Thời gian xử lý frame 152.54ms
2026-07-02 10:12:49 | DEBUG    | yolo_service:199 | [cam_002] Thời gian xử lý frame 52.12ms
2026-07-02 10:12:49 | DEBUG    | yolo_service:199 | [cam_001] Thời gian xử lý frame 76.96ms
2026-07-02 10:12:49 | DEBUG    | yolo_service:199 | [cam_002] Thời gian xử lý frame 51.10ms
2026-07-02 10:12:49 | DEBUG    | yolo_service:199 | [cam_001] Thời gian xử lý frame 78.69ms
2026-07-02 10:12:49 | DEBUG    | yolo_service:199 | [cam_002] Thời gian xử lý frame 60.74ms
2026-07-02 10:12:49 | DEBUG    | yolo_service:199 | [cam_002] Thời gian xử lý frame 58.67ms
2026-07-02 10:12:49 | DEBUG    | yolo_service:199 | [cam_002] Thời gian xử lý frame 21.04ms
2026-07-02 10:12:49 | DEBUG    | yolo_service:199 | [cam_001] Thời gian xử lý frame 83.95ms
2026-07-02 10:12:49 | DEBUG    | yolo_service:199 | [cam_002] Thời gian xử lý frame 49.71ms
2026-07-02 10:12:49 | DEBUG    | yolo_service:199 | [cam_002] Thời gian xử lý frame 51.33ms
2026-07-02 10:12:49 | DEBUG    | yolo_service:199 | [cam_001] Thời gian xử lý frame 147.48ms
2026-07-02 10:12:49 | DEBUG    | yolo_service:199 | [cam_002] Thời gian xử lý frame 54.41ms
2026-07-02 10:12:49 | DEBUG    | yolo_service:199 | [cam_002] Thời gian xử lý frame 56.78ms
2026-07-02 10:12:49 | DEBUG    | yolo_service:199 | [cam_001] Thời gian xử lý frame 82.76ms
2026-07-02 10:12:49 | DEBUG    | yolo_service:199 | [cam_002] Thời gian xử lý frame 51.69ms
2026-07-02 10:12:49 | DEBUG    | yolo_service:199 | [cam_001] Thời gian xử lý frame 81.40ms
2026-07-02 10:12:49 | DEBUG    | yolo_service:199 | [cam_002] Thời gian xử lý frame 54.73ms
2026-07-02 10:12:49 | DEBUG    | yolo_service:199 | [cam_002] Thời gian xử lý frame 10.94ms
2026-07-02 10:12:49 | DEBUG    | yolo_service:199 | [cam_002] Thời gian xử lý frame 53.89ms
2026-07-02 10:12:49 | DEBUG    | yolo_service:199 | [cam_001] Thời gian xử lý frame 76.55ms
2026-07-02 10:12:49 | DEBUG    | yolo_service:199 | [cam_001] Thời gian xử lý frame 12.36ms
2026-07-02 10:12:49 | DEBUG    | yolo_service:199 | [cam_002] Thời gian xử lý frame 54.70ms
2026-07-02 10:12:49 | DEBUG    | yolo_service:199 | [cam_002] Thời gian xử lý frame 14.46ms
2026-07-02 10:12:49 | DEBUG    | yolo_service:199 | [cam_002] Thời gian xử lý frame 56.44ms
2026-07-02 10:12:49 | DEBUG    | yolo_service:199 | [cam_001] Thời gian xử lý frame 147.15ms
2026-07-02 10:12:49 | DEBUG    | yolo_service:199 | [cam_002] Thời gian xử lý frame 55.21ms
2026-07-02 10:12:49 | DEBUG    | yolo_service:199 | [cam_002] Thời gian xử lý frame 13.33ms
2026-07-02 10:12:50 | DEBUG    | yolo_service:199 | [cam_001] Thời gian xử lý frame 296.04ms
2026-07-02 10:12:50 | DEBUG    | yolo_service:199 | [cam_002] Thời gian xử lý frame 274.60ms
2026-07-02 10:12:50 | DEBUG    | yolo_service:199 | [cam_001] Thời gian xử lý frame 6.39ms
2026-07-02 10:12:50 | DEBUG    | yolo_service:199 | [cam_002] Thời gian xử lý frame 9.86ms
2026-07-02 10:12:50 | DEBUG    | yolo_service:199 | [cam_002] Thời gian xử lý frame 49.79ms
2026-07-02 10:12:50 | DEBUG    | yolo_service:199 | [cam_001] Thời gian xử lý frame 73.89ms
2026-07-02 10:12:50 | DEBUG    | yolo_service:199 | [cam_002] Thời gian xử lý frame 49.53ms
2026-07-02 10:12:50 | DEBUG    | yolo_service:199 | [cam_001] Thời gian xử lý frame 74.22ms
2026-07-02 10:12:50 | DEBUG    | yolo_service:199 | [cam_002] Thời gian xử lý frame 50.50ms
2026-07-02 10:12:50 | DEBUG    | yolo_service:199 | [cam_002] Thời gian xử lý frame 59.53ms
2026-07-02 10:12:50 | DEBUG    | yolo_service:199 | [cam_001] Thời gian xử lý frame 80.96ms
2026-07-02 10:12:50 | DEBUG    | yolo_service:199 | [cam_002] Thời gian xử lý frame 51.70ms
2026-07-02 10:12:50 | DEBUG    | yolo_service:199 | [cam_002] Thời gian xử lý frame 13.55ms
2026-07-02 10:12:50 | DEBUG    | yolo_service:199 | [cam_001] Thời gian xử lý frame 73.43ms
2026-07-02 10:12:50 | DEBUG    | yolo_service:199 | [cam_002] Thời gian xử lý frame 56.45ms
2026-07-02 10:12:50 | DEBUG    | yolo_service:199 | [cam_002] Thời gian xử lý frame 9.94ms
2026-07-02 10:12:50 | DEBUG    | yolo_service:199 | [cam_001] Thời gian xử lý frame 72.93ms
2026-07-02 10:12:50 | DEBUG    | yolo_service:199 | [cam_002] Thời gian xử lý frame 50.28ms
2026-07-02 10:12:50 | DEBUG    | yolo_service:199 | [cam_001] Thời gian xử lý frame 85.68ms
2026-07-02 10:12:50 | DEBUG    | yolo_service:199 | [cam_002] Thời gian xử lý frame 62.36ms
2026-07-02 10:12:50 | DEBUG    | yolo_service:199 | [cam_001] Thời gian xử lý frame 9.60ms
2026-07-02 10:12:50 | DEBUG    | yolo_service:199 | [cam_002] Thời gian xử lý frame 13.04ms
2026-07-02 10:12:50 | DEBUG    | yolo_service:199 | [cam_002] Thời gian xử lý frame 55.02ms
2026-07-02 10:12:50 | DEBUG    | yolo_service:199 | [cam_001] Thời gian xử lý frame 73.96ms
2026-07-02 10:12:50 | DEBUG    | yolo_service:199 | [cam_002] Thời gian xử lý frame 49.69ms
2026-07-02 10:12:50 | DEBUG    | yolo_service:199 | [cam_002] Thời gian xử lý frame 54.26ms
2026-07-02 10:12:50 | DEBUG    | yolo_service:199 | [cam_001] Thời gian xử lý frame 149.63ms
2026-07-02 10:12:50 | DEBUG    | yolo_service:199 | [cam_002] Thời gian xử lý frame 58.69ms
2026-07-02 10:12:50 | DEBUG    | yolo_service:199 | [cam_002] Thời gian xử lý frame 51.70ms
2026-07-02 10:12:50 | DEBUG    | yolo_service:199 | [cam_001] Thời gian xử lý frame 80.06ms
2026-07-02 10:12:51 | DEBUG    | yolo_service:199 | [cam_002] Thời gian xử lý frame 49.83ms
2026-07-02 10:12:51 | DEBUG    | yolo_service:199 | [cam_001] Thời gian xử lý frame 82.27ms
2026-07-02 10:12:51 | DEBUG    | yolo_service:199 | [cam_002] Thời gian xử lý frame 103.65ms
2026-07-02 10:12:51 | DEBUG    | yolo_service:199 | [cam_002] Thời gian xử lý frame 10.93ms
2026-07-02 10:12:51 | DEBUG    | yolo_service:199 | [cam_002] Thời gian xử lý frame 8.80ms
2026-07-02 10:12:51 | DEBUG    | yolo_service:199 | [cam_001] Thời gian xử lý frame 82.06ms
2026-07-02 10:12:51 | DEBUG    | yolo_service:199 | [cam_002] Thời gian xử lý frame 56.15ms
2026-07-02 10:12:51 | DEBUG    | yolo_service:199 | [cam_002] Thời gian xử lý frame 9.09ms
2026-07-02 10:12:51 | DEBUG    | yolo_service:199 | [cam_002] Thời gian xử lý frame 48.98ms
2026-07-02 10:12:51 | DEBUG    | yolo_service:199 | [cam_001] Thời gian xử lý frame 144.46ms
2026-07-02 10:12:51 | DEBUG    | yolo_service:199 | [cam_002] Thời gian xử lý frame 56.90ms
2026-07-02 10:12:51 | DEBUG    | yolo_service:199 | [cam_002] Thời gian xử lý frame 10.35ms
2026-07-02 10:12:51 | DEBUG    | yolo_service:199 | [cam_001] Thời gian xử lý frame 78.96ms
2026-07-02 10:12:51 | DEBUG    | yolo_service:199 | [cam_002] Thời gian xử lý frame 58.14ms
2026-07-02 10:12:51 | DEBUG    | yolo_service:199 | [cam_002] Thời gian xử lý frame 61.74ms
2026-07-02 10:12:51 | DEBUG    | yolo_service:199 | [cam_001] Thời gian xử lý frame 91.47ms
2026-07-02 10:12:51 | DEBUG    | yolo_service:199 | [cam_002] Thời gian xử lý frame 49.76ms
2026-07-02 10:12:51 | DEBUG    | yolo_service:199 | [cam_001] Thời gian xử lý frame 78.61ms
2026-07-02 10:12:51 | DEBUG    | yolo_service:199 | [cam_002] Thời gian xử lý frame 50.41ms
2026-07-02 10:12:51 | DEBUG    | yolo_service:199 | [cam_002] Thời gian xử lý frame 53.56ms
2026-07-02 10:12:51 | DEBUG    | yolo_service:199 | [cam_002] Thời gian xử lý frame 56.54ms
2026-07-02 10:12:51 | DEBUG    | yolo_service:199 | [cam_001] Thời gian xử lý frame 145.59ms
2026-07-02 10:12:51 | DEBUG    | yolo_service:199 | [cam_002] Thời gian xử lý frame 18.49ms
2026-07-02 10:12:51 | DEBUG    | yolo_service:199 | [cam_002] Thời gian xử lý frame 56.13ms
2026-07-02 10:12:51 | DEBUG    | yolo_service:199 | [cam_001] Thời gian xử lý frame 75.92ms
2026-07-02 10:12:51 | DEBUG    | yolo_service:199 | [cam_002] Thời gian xử lý frame 13.42ms
2026-07-02 10:12:51 | DEBUG    | yolo_service:199 | [cam_002] Thời gian xử lý frame 50.12ms
2026-07-02 10:12:51 | DEBUG    | yolo_service:199 | [cam_001] Thời gian xử lý frame 75.11ms
2026-07-02 10:12:51 | DEBUG    | yolo_service:199 | [cam_002] Thời gian xử lý frame 53.45ms
2026-07-02 10:12:51 | DEBUG    | yolo_service:199 | [cam_002] Thời gian xử lý frame 7.99ms
2026-07-02 10:12:51 | DEBUG    | yolo_service:199 | [cam_001] Thời gian xử lý frame 76.40ms
2026-07-02 10:12:51 | DEBUG    | yolo_service:199 | [cam_002] Thời gian xử lý frame 53.81ms
2026-07-02 10:12:52 | DEBUG    | yolo_service:199 | [cam_001] Thời gian xử lý frame 81.34ms
2026-07-02 10:12:52 | DEBUG    | yolo_service:199 | [cam_002] Thời gian xử lý frame 64.56ms
2026-07-02 10:12:52 | DEBUG    | yolo_service:199 | [cam_002] Thời gian xử lý frame 12.47ms
2026-07-02 10:12:52 | DEBUG    | yolo_service:199 | [cam_001] Thời gian xử lý frame 75.38ms
2026-07-02 10:12:52 | DEBUG    | yolo_service:199 | [cam_001] Thời gian xử lý frame 8.65ms
2026-07-02 10:12:52 | DEBUG    | yolo_service:199 | [cam_002] Thời gian xử lý frame 94.49ms
2026-07-02 10:12:52 | DEBUG    | yolo_service:199 | [cam_001] Thời gian xử lý frame 79.81ms
2026-07-02 10:12:52 | DEBUG    | yolo_service:199 | [cam_002] Thời gian xử lý frame 59.25ms
2026-07-02 10:12:52 | DEBUG    | yolo_service:199 | [cam_002] Thời gian xử lý frame 60.73ms
2026-07-02 10:12:52 | DEBUG    | yolo_service:199 | [cam_001] Thời gian xử lý frame 80.78ms
2026-07-02 10:12:52 | DEBUG    | yolo_service:199 | [cam_002] Thời gian xử lý frame 16.71ms
2026-07-02 10:12:52 | DEBUG    | yolo_service:199 | [cam_002] Thời gian xử lý frame 51.99ms
2026-07-02 10:12:52 | DEBUG    | yolo_service:199 | [cam_001] Thời gian xử lý frame 74.91ms
2026-07-02 10:12:52 | DEBUG    | yolo_service:199 | [cam_002] Thời gian xử lý frame 52.90ms
2026-07-02 10:12:52 | DEBUG    | yolo_service:199 | [cam_002] Thời gian xử lý frame 56.23ms
2026-07-02 10:12:52 | DEBUG    | yolo_service:199 | [cam_002] Thời gian xử lý frame 51.68ms
2026-07-02 10:12:52 | DEBUG    | yolo_service:199 | [cam_001] Thời gian xử lý frame 148.00ms
2026-07-02 10:12:52 | DEBUG    | yolo_service:199 | [cam_002] Thời gian xử lý frame 18.34ms
2026-07-02 10:12:52 | DEBUG    | yolo_service:199 | [cam_001] Thời gian xử lý frame 9.23ms
2026-07-02 10:12:52 | DEBUG    | yolo_service:199 | [cam_002] Thời gian xử lý frame 53.15ms
2026-07-02 10:12:52 | DEBUG    | yolo_service:199 | [cam_001] Thời gian xử lý frame 76.84ms
2026-07-02 10:12:52 | DEBUG    | yolo_service:199 | [cam_002] Thời gian xử lý frame 55.98ms
2026-07-02 10:12:52 | DEBUG    | yolo_service:199 | [cam_002] Thời gian xử lý frame 9.82ms
2026-07-02 10:12:52 | DEBUG    | yolo_service:199 | [cam_001] Thời gian xử lý frame 76.93ms
2026-07-02 10:12:52 | DEBUG    | yolo_service:199 | [cam_002] Thời gian xử lý frame 51.20ms
2026-07-02 10:12:52 | DEBUG    | yolo_service:199 | [cam_001] Thời gian xử lý frame 86.08ms
2026-07-02 10:12:52 | DEBUG    | yolo_service:199 | [cam_002] Thời gian xử lý frame 69.20ms
2026-07-02 10:12:52 | DEBUG    | yolo_service:199 | [cam_002] Thời gian xử lý frame 11.03ms
2026-07-02 10:12:52 | DEBUG    | yolo_service:199 | [cam_002] Thời gian xử lý frame 53.56ms
2026-07-02 10:12:52 | DEBUG    | yolo_service:199 | [cam_001] Thời gian xử lý frame 83.37ms
2026-07-02 10:12:52 | DEBUG    | yolo_service:199 | [cam_002] Thời gian xử lý frame 19.73ms
2026-07-02 10:12:52 | DEBUG    | yolo_service:199 | [cam_002] Thời gian xử lý frame 57.88ms
2026-07-02 10:12:52 | DEBUG    | yolo_service:199 | [cam_001] Thời gian xử lý frame 76.30ms
2026-07-02 10:12:52 | DEBUG    | yolo_service:199 | [cam_002] Thời gian xử lý frame 51.89ms
2026-07-02 10:12:52 | DEBUG    | yolo_service:199 | [cam_001] Thời gian xử lý frame 78.76ms
2026-07-02 10:12:52 | DEBUG    | yolo_service:199 | [cam_002] Thời gian xử lý frame 53.47ms
2026-07-02 10:12:53 | DEBUG    | yolo_service:199 | [cam_002] Thời gian xử lý frame 51.74ms
2026-07-02 10:12:53 | DEBUG    | yolo_service:199 | [cam_001] Thời gian xử lý frame 76.45ms
2026-07-02 10:12:53 | DEBUG    | yolo_service:199 | [cam_002] Thời gian xử lý frame 51.46ms
2026-07-02 10:12:53 | DEBUG    | yolo_service:199 | [cam_001] Thời gian xử lý frame 83.59ms
2026-07-02 10:12:53 | DEBUG    | yolo_service:199 | [cam_002] Thời gian xử lý frame 55.66ms
2026-07-02 10:12:53 | DEBUG    | yolo_service:199 | [cam_002] Thời gian xử lý frame 13.45ms
2026-07-02 10:12:53 | DEBUG    | yolo_service:199 | [cam_002] Thời gian xử lý frame 53.08ms
2026-07-02 10:12:53 | DEBUG    | yolo_service:199 | [cam_001] Thời gian xử lý frame 78.83ms
2026-07-02 10:12:53 | DEBUG    | yolo_service:199 | [cam_002] Thời gian xử lý frame 50.30ms
2026-07-02 10:12:53 | DEBUG    | yolo_service:199 | [cam_001] Thời gian xử lý frame 75.83ms
2026-07-02 10:12:53 | DEBUG    | yolo_service:199 | [cam_002] Thời gian xử lý frame 52.20ms
2026-07-02 10:12:53 | DEBUG    | yolo_service:199 | [cam_002] Thời gian xử lý frame 59.11ms
2026-07-02 10:12:53 | DEBUG    | yolo_service:199 | [cam_001] Thời gian xử lý frame 84.31ms
2026-07-02 10:12:53 | DEBUG    | yolo_service:199 | [cam_002] Thời gian xử lý frame 57.24ms
2026-07-02 10:12:53 | DEBUG    | yolo_service:199 | [cam_001] Thời gian xử lý frame 79.31ms
2026-07-02 10:12:53 | DEBUG    | yolo_service:199 | [cam_002] Thời gian xử lý frame 62.35ms
2026-07-02 10:12:53 | DEBUG    | yolo_service:199 | [cam_002] Thời gian xử lý frame 19.56ms
2026-07-02 10:12:53 | DEBUG    | yolo_service:199 | [cam_001] Thời gian xử lý frame 79.28ms
2026-07-02 10:12:53 | DEBUG    | yolo_service:199 | [cam_001] Thời gian xử lý frame 11.87ms
2026-07-02 10:12:53 | DEBUG    | yolo_service:199 | [cam_002] Thời gian xử lý frame 53.45ms
2026-07-02 10:12:53 | DEBUG    | yolo_service:199 | [cam_002] Thời gian xử lý frame 12.69ms
2026-07-02 10:12:53 | DEBUG    | yolo_service:199 | [cam_002] Thời gian xử lý frame 68.79ms
2026-07-02 10:12:53 | DEBUG    | yolo_service:199 | [cam_002] Thời gian xử lý frame 33.86ms
2026-07-02 10:12:53 | DEBUG    | yolo_service:199 | [cam_001] Thời gian xử lý frame 154.94ms
2026-07-02 10:12:53 | DEBUG    | yolo_service:199 | [cam_002] Thời gian xử lý frame 54.57ms
2026-07-02 10:12:53 | DEBUG    | heartbeat_service:58 | 💓 Nhịp tim gửi Master: {'server_id': 'SV_004', 'cpu_usage': 31.7, 'has_gpu': True, 'gpu_usage': 0, 'vram_free_gb': 3.43, 'max_cam': 2}
2026-07-02 10:12:53 | DEBUG    | yolo_service:199 | [cam_001] Thời gian xử lý frame 84.24ms
2026-07-02 10:12:53 | DEBUG    | connectionpool:241 | Starting new HTTP connection (1): 10.40.91.11:5000
2026-07-02 10:12:53 | DEBUG    | yolo_service:199 | [cam_002] Thời gian xử lý frame 58.50ms
2026-07-02 10:12:53 | DEBUG    | connectionpool:544 | http://10.40.91.11:5000 "POST /api/heartbeat HTTP/1.1" 200 68
2026-07-02 10:12:53 | DEBUG    | yolo_service:199 | [cam_002] Thời gian xử lý frame 55.66ms
2026-07-02 10:12:53 | DEBUG    | yolo_service:199 | [cam_001] Thời gian xử lý frame 91.59ms
2026-07-02 10:12:53 | DEBUG    | yolo_service:199 | [cam_001] Thời gian xử lý frame 19.37ms
2026-07-02 10:12:53 | DEBUG    | yolo_service:199 | [cam_002] Thời gian xử lý frame 61.14ms
2026-07-02 10:12:53 | DEBUG    | yolo_service:199 | [cam_002] Thời gian xử lý frame 59.84ms
2026-07-02 10:12:53 | DEBUG    | yolo_service:199 | [cam_001] Thời gian xử lý frame 88.05ms
2026-07-02 10:12:54 | DEBUG    | yolo_service:199 | [cam_002] Thời gian xử lý frame 67.89ms
2026-07-02 10:12:54 | DEBUG    | yolo_service:199 | [cam_001] Thời gian xử lý frame 85.53ms
2026-07-02 10:12:54 | DEBUG    | yolo_service:199 | [cam_002] Thời gian xử lý frame 59.40ms
2026-07-02 10:12:54 | DEBUG    | yolo_service:199 | [cam_001] Thời gian xử lý frame 326.99ms
2026-07-02 10:12:54 | DEBUG    | yolo_service:199 | [cam_001] Thời gian xử lý frame 6.00ms
2026-07-02 10:12:54 | DEBUG    | yolo_service:199 | [cam_002] Thời gian xử lý frame 305.20ms
2026-07-02 10:12:54 | DEBUG    | yolo_service:199 | [cam_002] Thời gian xử lý frame 7.68ms
2026-07-02 10:12:54 | DEBUG    | yolo_service:199 | [cam_002] Thời gian xử lý frame 53.54ms
2026-07-02 10:12:54 | DEBUG    | yolo_service:199 | [cam_001] Thời gian xử lý frame 82.40ms
2026-07-02 10:12:54 | DEBUG    | yolo_service:199 | [cam_002] Thời gian xử lý frame 15.47ms
2026-07-02 10:12:54 | DEBUG    | yolo_service:199 | [cam_002] Thời gian xử lý frame 48.06ms
2026-07-02 10:12:54 | DEBUG    | yolo_service:199 | [cam_001] Thời gian xử lý frame 73.86ms
2026-07-02 10:12:54 | DEBUG    | yolo_service:199 | [cam_002] Thời gian xử lý frame 49.93ms
2026-07-02 10:12:54 | DEBUG    | yolo_service:199 | [cam_002] Thời gian xử lý frame 66.74ms
2026-07-02 10:12:54 | DEBUG    | yolo_service:199 | [cam_002] Thời gian xử lý frame 52.74ms
2026-07-02 10:12:54 | DEBUG    | yolo_service:199 | [cam_001] Thời gian xử lý frame 157.66ms
2026-07-02 10:12:54 | DEBUG    | yolo_service:199 | [cam_002] Thời gian xử lý frame 13.30ms
2026-07-02 10:12:54 | DEBUG    | yolo_service:199 | [cam_002] Thời gian xử lý frame 48.30ms
2026-07-02 10:12:54 | DEBUG    | yolo_service:199 | [cam_001] Thời gian xử lý frame 74.65ms
2026-07-02 10:12:54 | DEBUG    | yolo_service:199 | [cam_002] Thời gian xử lý frame 50.45ms
2026-07-02 10:12:54 | DEBUG    | yolo_service:199 | [cam_001] Thời gian xử lý frame 76.75ms
2026-07-02 10:12:54 | DEBUG    | yolo_service:199 | [cam_002] Thời gian xử lý frame 52.06ms
2026-07-02 10:12:54 | DEBUG    | yolo_service:199 | [cam_002] Thời gian xử lý frame 6.29ms
2026-07-02 10:12:54 | DEBUG    | yolo_service:199 | [cam_002] Thời gian xử lý frame 49.67ms
2026-07-02 10:12:54 | DEBUG    | yolo_service:199 | [cam_001] Thời gian xử lý frame 74.08ms
2026-07-02 10:12:54 | DEBUG    | yolo_service:199 | [cam_002] Thời gian xử lý frame 50.44ms
2026-07-02 10:12:55 | DEBUG    | yolo_service:199 | [cam_002] Thời gian xử lý frame 47.74ms
2026-07-02 10:12:55 | DEBUG    | yolo_service:199 | [cam_002] Thời gian xử lý frame 48.55ms
2026-07-02 10:12:55 | DEBUG    | yolo_service:199 | [cam_001] Thời gian xử lý frame 144.12ms
2026-07-02 10:12:55 | DEBUG    | yolo_service:199 | [cam_002] Thời gian xử lý frame 49.19ms
2026-07-02 10:12:55 | DEBUG    | yolo_service:199 | [cam_001] Thời gian xử lý frame 73.66ms
2026-07-02 10:12:55 | DEBUG    | yolo_service:199 | [cam_002] Thời gian xử lý frame 58.75ms
2026-07-02 10:12:55 | DEBUG    | yolo_service:199 | [cam_002] Thời gian xử lý frame 16.94ms
2026-07-02 10:12:55 | DEBUG    | yolo_service:199 | [cam_001] Thời gian xử lý frame 73.18ms
2026-07-02 10:12:55 | DEBUG    | yolo_service:199 | [cam_002] Thời gian xử lý frame 51.70ms
2026-07-02 10:12:55 | DEBUG    | yolo_service:199 | [cam_002] Thời gian xử lý frame 55.94ms
2026-07-02 10:12:55 | DEBUG    | yolo_service:199 | [cam_001] Thời gian xử lý frame 78.88ms
2026-07-02 10:12:55 | DEBUG    | yolo_service:199 | [cam_002] Thời gian xử lý frame 8.56ms
2026-07-02 10:12:55 | DEBUG    | yolo_service:199 | [cam_002] Thời gian xử lý frame 48.97ms
2026-07-02 10:12:55 | DEBUG    | yolo_service:199 | [cam_001] Thời gian xử lý frame 72.64ms
2026-07-02 10:12:55 | DEBUG    | yolo_service:199 | [cam_002] Thời gian xử lý frame 48.54ms
2026-07-02 10:12:55 | DEBUG    | yolo_service:199 | [cam_002] Thời gian xử lý frame 10.95ms
2026-07-02 10:12:55 | DEBUG    | yolo_service:199 | [cam_001] Thời gian xử lý frame 74.07ms
2026-07-02 10:12:55 | DEBUG    | yolo_service:199 | [cam_002] Thời gian xử lý frame 50.97ms
2026-07-02 10:12:55 | DEBUG    | yolo_service:199 | [cam_002] Thời gian xử lý frame 58.31ms
2026-07-02 10:12:55 | DEBUG    | yolo_service:199 | [cam_001] Thời gian xử lý frame 82.78ms
2026-07-02 10:12:55 | DEBUG    | yolo_service:199 | [cam_002] Thời gian xử lý frame 48.78ms
2026-07-02 10:12:55 | DEBUG    | yolo_service:199 | [cam_002] Thời gian xử lý frame 49.45ms
2026-07-02 10:12:55 | DEBUG    | yolo_service:199 | [cam_001] Thời gian xử lý frame 143.63ms
2026-07-02 10:12:55 | DEBUG    | yolo_service:199 | [cam_002] Thời gian xử lý frame 57.81ms
2026-07-02 10:12:55 | DEBUG    | yolo_service:199 | [cam_002] Thời gian xử lý frame 10.02ms
2026-07-02 10:12:55 | DEBUG    | yolo_service:199 | [cam_002] Thời gian xử lý frame 47.52ms
2026-07-02 10:12:55 | DEBUG    | yolo_service:199 | [cam_001] Thời gian xử lý frame 75.11ms
2026-07-02 10:12:55 | DEBUG    | yolo_service:199 | [cam_002] Thời gian xử lý frame 53.27ms
2026-07-02 10:12:55 | DEBUG    | yolo_service:199 | [cam_001] Thời gian xử lý frame 72.80ms
2026-07-02 10:12:55 | DEBUG    | yolo_service:199 | [cam_002] Thời gian xử lý frame 58.90ms
2026-07-02 10:12:55 | DEBUG    | yolo_service:199 | [cam_002] Thời gian xử lý frame 7.57ms
2026-07-02 10:12:55 | DEBUG    | yolo_service:199 | [cam_001] Thời gian xử lý frame 79.32ms
2026-07-02 10:12:55 | DEBUG    | yolo_service:199 | [cam_001] Thời gian xử lý frame 7.53ms
2026-07-02 10:12:55 | DEBUG    | yolo_service:199 | [cam_002] Thời gian xử lý frame 92.04ms
2026-07-02 10:12:56 | DEBUG    | yolo_service:199 | [cam_002] Thời gian xử lý frame 53.06ms
2026-07-02 10:12:56 | DEBUG    | yolo_service:199 | [cam_001] Thời gian xử lý frame 145.02ms
2026-07-02 10:12:56 | DEBUG    | yolo_service:199 | [cam_002] Thời gian xử lý frame 58.99ms
2026-07-02 10:12:56 | DEBUG    | yolo_service:199 | [cam_001] Thời gian xử lý frame 25.81ms
2026-07-02 10:12:56 | DEBUG    | yolo_service:199 | [cam_002] Thời gian xử lý frame 59.16ms
2026-07-02 10:12:56 | DEBUG    | yolo_service:199 | [cam_002] Thời gian xử lý frame 9.76ms
2026-07-02 10:12:56 | DEBUG    | yolo_service:199 | [cam_001] Thời gian xử lý frame 74.17ms
2026-07-02 10:12:56 | DEBUG    | yolo_service:199 | [cam_002] Thời gian xử lý frame 51.13ms
2026-07-02 10:12:56 | DEBUG    | yolo_service:199 | [cam_001] Thời gian xử lý frame 74.81ms
2026-07-02 10:12:56 | DEBUG    | yolo_service:199 | [cam_002] Thời gian xử lý frame 52.28ms
2026-07-02 10:12:56 | DEBUG    | yolo_service:199 | [cam_002] Thời gian xử lý frame 50.88ms
2026-07-02 10:12:56 | DEBUG    | yolo_service:199 | [cam_001] Thời gian xử lý frame 75.38ms
2026-07-02 10:12:56 | DEBUG    | yolo_service:199 | [cam_002] Thời gian xử lý frame 52.22ms
2026-07-02 10:12:56 | DEBUG    | yolo_service:199 | [cam_001] Thời gian xử lý frame 76.65ms
2026-07-02 10:12:56 | DEBUG    | yolo_service:199 | [cam_002] Thời gian xử lý frame 50.41ms
2026-07-02 10:12:56 | DEBUG    | yolo_service:199 | [cam_002] Thời gian xử lý frame 52.79ms
2026-07-02 10:12:56 | DEBUG    | yolo_service:199 | [cam_001] Thời gian xử lý frame 76.34ms
2026-07-02 10:12:56 | DEBUG    | yolo_service:199 | [cam_002] Thời gian xử lý frame 50.56ms
2026-07-02 10:12:56 | DEBUG    | yolo_service:199 | [cam_001] Thời gian xử lý frame 77.85ms
2026-07-02 10:12:56 | DEBUG    | yolo_service:199 | [cam_002] Thời gian xử lý frame 50.08ms
2026-07-02 10:12:56 | DEBUG    | yolo_service:199 | [cam_002] Thời gian xử lý frame 55.43ms
2026-07-02 10:12:56 | DEBUG    | yolo_service:199 | [cam_002] Thời gian xử lý frame 12.56ms
2026-07-02 10:12:56 | DEBUG    | yolo_service:199 | [cam_002] Thời gian xử lý frame 59.28ms
2026-07-02 10:12:56 | DEBUG    | yolo_service:199 | [cam_001] Thời gian xử lý frame 153.54ms
2026-07-02 10:12:56 | DEBUG    | yolo_service:199 | [cam_002] Thời gian xử lý frame 49.82ms
2026-07-02 10:12:56 | DEBUG    | yolo_service:199 | [cam_001] Thời gian xử lý frame 77.28ms
2026-07-02 10:12:56 | DEBUG    | yolo_service:199 | [cam_002] Thời gian xử lý frame 49.43ms
2026-07-02 10:12:56 | DEBUG    | yolo_service:199 | [cam_002] Thời gian xử lý frame 55.61ms
2026-07-02 10:12:56 | DEBUG    | yolo_service:199 | [cam_001] Thời gian xử lý frame 82.51ms
2026-07-02 10:12:56 | DEBUG    | yolo_service:199 | [cam_002] Thời gian xử lý frame 16.52ms
2026-07-02 10:12:56 | DEBUG    | yolo_service:199 | [cam_002] Thời gian xử lý frame 51.76ms
2026-07-02 10:12:56 | DEBUG    | yolo_service:199 | [cam_001] Thời gian xử lý frame 77.10ms
2026-07-02 10:12:56 | DEBUG    | yolo_service:199 | [cam_002] Thời gian xử lý frame 51.32ms
2026-07-02 10:12:57 | DEBUG    | yolo_service:199 | [cam_002] Thời gian xử lý frame 51.48ms
2026-07-02 10:12:57 | DEBUG    | yolo_service:199 | [cam_002] Thời gian xử lý frame 51.26ms
2026-07-02 10:12:57 | DEBUG    | yolo_service:199 | [cam_001] Thời gian xử lý frame 146.93ms
2026-07-02 10:12:57 | DEBUG    | yolo_service:199 | [cam_002] Thời gian xử lý frame 50.86ms
2026-07-02 10:12:57 | DEBUG    | yolo_service:199 | [cam_001] Thời gian xử lý frame 77.09ms
2026-07-02 10:12:57 | DEBUG    | yolo_service:199 | [cam_002] Thời gian xử lý frame 51.27ms
2026-07-02 10:12:57 | DEBUG    | yolo_service:199 | [cam_002] Thời gian xử lý frame 13.20ms
2026-07-02 10:12:57 | DEBUG    | yolo_service:199 | [cam_001] Thời gian xử lý frame 86.61ms
2026-07-02 10:12:57 | DEBUG    | yolo_service:199 | [cam_002] Thời gian xử lý frame 74.67ms
2026-07-02 10:12:57 | DEBUG    | yolo_service:199 | [cam_002] Thời gian xử lý frame 12.48ms
2026-07-02 10:12:57 | DEBUG    | yolo_service:199 | [cam_001] Thời gian xử lý frame 86.23ms
2026-07-02 10:12:57 | DEBUG    | yolo_service:199 | [cam_002] Thời gian xử lý frame 61.78ms
2026-07-02 10:12:57 | DEBUG    | yolo_service:199 | [cam_002] Thời gian xử lý frame 52.75ms
2026-07-02 10:12:57 | DEBUG    | yolo_service:199 | [cam_002] Thời gian xử lý frame 56.01ms
2026-07-02 10:12:57 | DEBUG    | yolo_service:199 | [cam_001] Thời gian xử lý frame 144.90ms
2026-07-02 10:12:57 | DEBUG    | yolo_service:199 | [cam_002] Thời gian xử lý frame 51.25ms
2026-07-02 10:12:57 | DEBUG    | yolo_service:199 | [cam_001] Thời gian xử lý frame 84.34ms
2026-07-02 10:12:57 | DEBUG    | yolo_service:199 | [cam_002] Thời gian xử lý frame 64.14ms
2026-07-02 10:12:57 | DEBUG    | yolo_service:199 | [cam_002] Thời gian xử lý frame 55.13ms
2026-07-02 10:12:57 | DEBUG    | yolo_service:199 | [cam_001] Thời gian xử lý frame 80.43ms
2026-07-02 10:12:57 | DEBUG    | yolo_service:199 | [cam_002] Thời gian xử lý frame 54.16ms
2026-07-02 10:12:58 | DEBUG    | yolo_service:199 | [cam_001] Thời gian xử lý frame 334.47ms
2026-07-02 10:12:58 | DEBUG    | yolo_service:199 | [cam_002] Thời gian xử lý frame 306.56ms
2026-07-02 10:12:58 | DEBUG    | yolo_service:199 | [cam_001] Thời gian xử lý frame 8.74ms
2026-07-02 10:12:58 | DEBUG    | yolo_service:199 | [cam_002] Thời gian xử lý frame 9.88ms
2026-07-02 10:12:58 | DEBUG    | yolo_service:199 | [cam_002] Thời gian xử lý frame 49.65ms
2026-07-02 10:12:58 | DEBUG    | yolo_service:199 | [cam_001] Thời gian xử lý frame 73.03ms
2026-07-02 10:12:58 | DEBUG    | yolo_service:199 | [cam_002] Thời gian xử lý frame 51.00ms
2026-07-02 10:12:58 | DEBUG    | yolo_service:199 | [cam_002] Thời gian xử lý frame 7.32ms
2026-07-02 10:12:58 | DEBUG    | yolo_service:199 | [cam_001] Thời gian xử lý frame 77.30ms
2026-07-02 10:12:58 | DEBUG    | yolo_service:199 | [cam_002] Thời gian xử lý frame 50.59ms
2026-07-02 10:12:58 | DEBUG    | yolo_service:199 | [cam_002] Thời gian xử lý frame 55.47ms
2026-07-02 10:12:58 | DEBUG    | yolo_service:199 | [cam_002] Thời gian xử lý frame 51.93ms
2026-07-02 10:12:58 | DEBUG    | yolo_service:199 | [cam_002] Thời gian xử lý frame 9.79ms
2026-07-02 10:12:58 | DEBUG    | yolo_service:199 | [cam_001] Thời gian xử lý frame 143.47ms
2026-07-02 10:12:58 | DEBUG    | yolo_service:199 | [cam_002] Thời gian xử lý frame 52.15ms
2026-07-02 10:12:58 | DEBUG    | yolo_service:199 | [cam_001] Thời gian xử lý frame 76.20ms
2026-07-02 10:12:58 | DEBUG    | yolo_service:199 | [cam_002] Thời gian xử lý frame 54.38ms
2026-07-02 10:12:58 | DEBUG    | yolo_service:199 | [cam_002] Thời gian xử lý frame 8.16ms
2026-07-02 10:12:58 | DEBUG    | yolo_service:199 | [cam_002] Thời gian xử lý frame 52.22ms
2026-07-02 10:12:58 | DEBUG    | yolo_service:199 | [cam_001] Thời gian xử lý frame 80.78ms
2026-07-02 10:12:58 | DEBUG    | yolo_service:199 | [cam_002] Thời gian xử lý frame 52.94ms
2026-07-02 10:12:58 | DEBUG    | yolo_service:199 | [cam_002] Thời gian xử lý frame 9.58ms
2026-07-02 10:12:58 | DEBUG    | yolo_service:199 | [cam_001] Thời gian xử lý frame 73.87ms
2026-07-02 10:12:58 | DEBUG    | yolo_service:199 | [cam_002] Thời gian xử lý frame 52.26ms
2026-07-02 10:12:58 | DEBUG    | yolo_service:199 | [cam_002] Thời gian xử lý frame 53.76ms
2026-07-02 10:12:58 | DEBUG    | yolo_service:199 | [cam_002] Thời gian xử lý frame 7.16ms
2026-07-02 10:12:58 | DEBUG    | yolo_service:199 | [cam_001] Thời gian xử lý frame 143.50ms
2026-07-02 10:12:58 | DEBUG    | yolo_service:199 | [cam_001] Thời gian xử lý frame 8.39ms
2026-07-02 10:12:58 | DEBUG    | yolo_service:199 | [cam_002] Thời gian xử lý frame 57.11ms
2026-07-02 10:12:58 | DEBUG    | yolo_service:199 | [cam_002] Thời gian xử lý frame 56.63ms
2026-07-02 10:12:58 | DEBUG    | yolo_service:199 | [cam_001] Thời gian xử lý frame 78.96ms
2026-07-02 10:12:58 | DEBUG    | yolo_service:199 | [cam_002] Thời gian xử lý frame 15.79ms
2026-07-02 10:12:58 | DEBUG    | yolo_service:199 | [cam_002] Thời gian xử lý frame 56.25ms
2026-07-02 10:12:58 | DEBUG    | yolo_service:199 | [cam_001] Thời gian xử lý frame 77.09ms
2026-07-02 10:12:58 | DEBUG    | yolo_service:199 | [cam_002] Thời gian xử lý frame 52.21ms
2026-07-02 10:12:58 | DEBUG    | yolo_service:199 | [cam_001] Thời gian xử lý frame 78.69ms
2026-07-02 10:12:58 | DEBUG    | yolo_service:199 | [cam_002] Thời gian xử lý frame 91.91ms
2026-07-02 10:12:59 | DEBUG    | yolo_service:199 | [cam_001] Thời gian xử lý frame 81.12ms
2026-07-02 10:12:59 | DEBUG    | yolo_service:199 | [cam_002] Thời gian xử lý frame 53.76ms
2026-07-02 10:12:59 | DEBUG    | yolo_service:199 | [cam_002] Thời gian xử lý frame 48.97ms
2026-07-02 10:12:59 | DEBUG    | yolo_service:199 | [cam_001] Thời gian xử lý frame 74.67ms
2026-07-02 10:12:59 | DEBUG    | yolo_service:199 | [cam_002] Thời gian xử lý frame 47.58ms
2026-07-02 10:12:59 | DEBUG    | yolo_service:199 | [cam_002] Thời gian xử lý frame 9.65ms
2026-07-02 10:12:59 | DEBUG    | yolo_service:199 | [cam_001] Thời gian xử lý frame 73.61ms
2026-07-02 10:12:59 | DEBUG    | yolo_service:199 | [cam_002] Thời gian xử lý frame 56.80ms
2026-07-02 10:12:59 | INFO     | main:41 | 
🛑 Server YOLO đang tắt máy! Đang báo cáo về Master để xả Camera...
2026-07-02 10:12:59 | DEBUG    | connectionpool:241 | Starting new HTTP connection (1): 10.40.91.11:5000
2026-07-02 10:12:59 | DEBUG    | connectionpool:544 | http://10.40.91.11:5000 "POST /api/servers/offline HTTP/1.1" 200 85
2026-07-02 10:12:59 | DEBUG    | main:46 | ✅ Đã bàn giao lại toàn bộ Camera cho Master thành công!

2026-07-02 10:12:59 | DEBUG    | heartbeat_service:58 | 💓 Nhịp tim gửi Master: {'server_id': 'SV_004', 'cpu_usage': 37.7, 'has_gpu': True, 'gpu_usage': 0, 'vram_free_gb': 3.43, 'max_cam': 2}
2026-07-02 10:12:59 | DEBUG    | connectionpool:241 | Starting new HTTP connection (1): 10.40.91.11:5000
2026-07-02 10:12:59 | DEBUG    | connectionpool:544 | http://10.40.91.11:5000 "POST /api/heartbeat HTTP/1.1" 200 68
