2026-07-02 10:27:16 | INFO     | main:3 | 🎬 [WORKER] Hệ thống Logger toàn cục theo phiên đã kích hoạt!
2026-07-02 10:27:24 | DEBUG    | __init__:347 | matplotlib data path: C:\Users\Admin\AppData\Local\Programs\Python\Python312\Lib\site-packages\matplotlib\mpl-data
2026-07-02 10:27:24 | DEBUG    | __init__:347 | CONFIGDIR=C:\Users\Admin\.matplotlib
2026-07-02 10:27:24 | DEBUG    | __init__:1564 | interactive is False
2026-07-02 10:27:24 | DEBUG    | __init__:1565 | platform is win32
2026-07-02 10:27:24 | DEBUG    | __init__:347 | CACHEDIR=C:\Users\Admin\.matplotlib
2026-07-02 10:27:24 | DEBUG    | font_manager:1843 | Using fontManager instance from C:\Users\Admin\.matplotlib\fontlist-v3.11.0.json
2026-07-02 10:27:24 | DEBUG    | loader:96 | Environment variable FAISS_OPT_LEVEL is not set, so let's pick the instruction set according to the current CPU
2026-07-02 10:27:24 | INFO     | loader:132 | Loading faiss with AVX2 support.
2026-07-02 10:27:24 | INFO     | loader:137 | Could not load library with AVX2 support due to:
ModuleNotFoundError("No module named 'faiss.swigfaiss_avx2'")
2026-07-02 10:27:24 | INFO     | loader:156 | Loading faiss.
2026-07-02 10:27:24 | INFO     | loader:158 | Successfully loaded faiss.
2026-07-02 10:27:24 | INFO     | main:3 | 🎬 [WORKER] Hệ thống Logger toàn cục theo phiên đã kích hoạt!
2026-07-02 10:27:31 | DEBUG    | __init__:347 | matplotlib data path: C:\Users\Admin\AppData\Local\Programs\Python\Python312\Lib\site-packages\matplotlib\mpl-data
2026-07-02 10:27:31 | DEBUG    | __init__:347 | CONFIGDIR=C:\Users\Admin\.matplotlib
2026-07-02 10:27:31 | DEBUG    | __init__:1564 | interactive is False
2026-07-02 10:27:31 | DEBUG    | __init__:1565 | platform is win32
2026-07-02 10:27:31 | DEBUG    | __init__:347 | CACHEDIR=C:\Users\Admin\.matplotlib
2026-07-02 10:27:31 | DEBUG    | font_manager:1843 | Using fontManager instance from C:\Users\Admin\.matplotlib\fontlist-v3.11.0.json
2026-07-02 10:27:31 | DEBUG    | loader:96 | Environment variable FAISS_OPT_LEVEL is not set, so let's pick the instruction set according to the current CPU
2026-07-02 10:27:31 | INFO     | loader:132 | Loading faiss with AVX2 support.
2026-07-02 10:27:31 | INFO     | loader:137 | Could not load library with AVX2 support due to:
ModuleNotFoundError("No module named 'faiss.swigfaiss_avx2'")
2026-07-02 10:27:31 | INFO     | loader:156 | Loading faiss.
2026-07-02 10:27:31 | INFO     | loader:158 | Successfully loaded faiss.
2026-07-02 10:27:34 | INFO     | main:63 | 
=======================================================
2026-07-02 10:27:34 | INFO     | main:64 | 🤖 WORKER YOLO AI ĐÃ SẴN SÀNG - ĐANG CHỜ MASTER GIAO VIỆC
2026-07-02 10:27:34 | INFO     | main:65 | =======================================================

2026-07-02 10:27:34 | DEBUG    | proactor_events:634 | Using proactor: IocpProactor
2026-07-02 10:27:34 | INFO     | heartbeat_service:68 | 💓 [Heartbeat Service] Đã kích hoạt máy đo nhịp tim chạy ngầm...
2026-07-02 10:27:35 | DEBUG    | heartbeat_service:58 | 💓 Nhịp tim gửi Master: {'server_id': 'SV_004', 'cpu_usage': 22.6, 'has_gpu': True, 'gpu_usage': 0, 'vram_free_gb': 3.87, 'max_cam': 2}
2026-07-02 10:27:35 | DEBUG    | connectionpool:241 | Starting new HTTP connection (1): 10.40.91.11:5000
2026-07-02 10:27:35 | DEBUG    | connectionpool:544 | http://10.40.91.11:5000 "POST /api/heartbeat HTTP/1.1" 200 68
2026-07-02 10:27:42 | DEBUG    | heartbeat_service:58 | 💓 Nhịp tim gửi Master: {'server_id': 'SV_004', 'cpu_usage': 36.3, 'has_gpu': True, 'gpu_usage': 0, 'vram_free_gb': 3.87, 'max_cam': 2}
2026-07-02 10:27:42 | DEBUG    | connectionpool:241 | Starting new HTTP connection (1): 10.40.91.11:5000
2026-07-02 10:27:42 | DEBUG    | connectionpool:544 | http://10.40.91.11:5000 "POST /api/heartbeat HTTP/1.1" 200 68
2026-07-02 10:27:44 | DEBUG    | cameras_router:55 | 
🛑 Nhận lệnh Sync từ Master! Đang dọn dẹp 0 luồng YOLO cũ...
2026-07-02 10:27:45 | DEBUG    | cameras_router:85 | ✅ [OK] Camera cam_002 - Luồng hình ảnh ổn định.
2026-07-02 10:27:48 | DEBUG    | cameras_router:85 | ✅ [OK] Camera cam_001 - Luồng hình ảnh ổn định.
2026-07-02 10:27:48 | INFO     | cameras_router:106 | 📊 [CHIA LÔ] Tổng: 2 Cam. Số YOLO gánh: 2 Process. Mỗi YOLO gánh: 1 Cam.
2026-07-02 10:27:48 | DEBUG    | cameras_router:30 | 🚀 BẮT ĐẦU CHIA LÔ CHO 2 CAMERA (Tối ưu: 1 Cam/1 YOLO) 🚀
2026-07-02 10:27:48 | INFO     | main:3 | 🎬 [WORKER] Hệ thống Logger toàn cục theo phiên đã kích hoạt!
2026-07-02 10:27:48 | DEBUG    | heartbeat_service:58 | 💓 Nhịp tim gửi Master: {'server_id': 'SV_004', 'cpu_usage': 40.7, 'has_gpu': True, 'gpu_usage': 0, 'vram_free_gb': 3.87, 'max_cam': 2}
2026-07-02 10:27:48 | DEBUG    | connectionpool:241 | Starting new HTTP connection (1): 10.40.91.11:5000
2026-07-02 10:27:48 | DEBUG    | connectionpool:544 | http://10.40.91.11:5000 "POST /api/heartbeat HTTP/1.1" 200 68
2026-07-02 10:27:54 | DEBUG    | __init__:347 | matplotlib data path: C:\Users\Admin\AppData\Local\Programs\Python\Python312\Lib\site-packages\matplotlib\mpl-data
2026-07-02 10:27:54 | DEBUG    | __init__:347 | CONFIGDIR=C:\Users\Admin\.matplotlib
2026-07-02 10:27:54 | DEBUG    | __init__:1564 | interactive is False
2026-07-02 10:27:54 | DEBUG    | __init__:1565 | platform is win32
2026-07-02 10:27:54 | DEBUG    | __init__:347 | CACHEDIR=C:\Users\Admin\.matplotlib
2026-07-02 10:27:54 | DEBUG    | font_manager:1843 | Using fontManager instance from C:\Users\Admin\.matplotlib\fontlist-v3.11.0.json
2026-07-02 10:27:55 | DEBUG    | loader:96 | Environment variable FAISS_OPT_LEVEL is not set, so let's pick the instruction set according to the current CPU
2026-07-02 10:27:55 | INFO     | loader:132 | Loading faiss with AVX2 support.
2026-07-02 10:27:55 | INFO     | loader:137 | Could not load library with AVX2 support due to:
ModuleNotFoundError("No module named 'faiss.swigfaiss_avx2'")
2026-07-02 10:27:55 | INFO     | loader:156 | Loading faiss.
2026-07-02 10:27:55 | INFO     | loader:158 | Successfully loaded faiss.
2026-07-02 10:27:55 | DEBUG    | heartbeat_service:58 | 💓 Nhịp tim gửi Master: {'server_id': 'SV_004', 'cpu_usage': 39.5, 'has_gpu': True, 'gpu_usage': 0, 'vram_free_gb': 3.87, 'max_cam': 2}
2026-07-02 10:27:55 | DEBUG    | connectionpool:241 | Starting new HTTP connection (1): 10.40.91.11:5000
2026-07-02 10:27:55 | INFO     | yolo_service:104 | ⚙️ [YOLO SỐ 1] TIẾP NHẬN LÔ...
2026-07-02 10:27:55 | DEBUG    | connectionpool:544 | http://10.40.91.11:5000 "POST /api/heartbeat HTTP/1.1" 200 68
2026-07-02 10:27:56 | INFO     | gallery:43 | Loading ONNX model from osnet_x1_0.onnx...
2026-07-02 10:27:57 | INFO     | yolo_service:122 | 🚀 Đang nạp model ReID vào CUDAExecutionProvider...
2026-07-02 10:27:57 | INFO     | yolo_service:131 | 🚀 [YOLO 1] Đang mở luồng cam_002...
2026-07-02 10:27:57 | INFO     | yolo_service:139 | 🚀 [ZMQ] Camera cam_002 đã cầm súng, nhắm thẳng Master tại tcp://10.40.91.11:5558
2026-07-02 10:27:58 | INFO     | yolo_service:163 | 🎥 [START] YOLO bắt đầu ăn VRAM và quét frame cho cam_002...
2026-07-02 10:28:01 | DEBUG    | yolo_service:199 | [cam_002] Thời gian xử lý frame 3299.51ms
2026-07-02 10:28:01 | DEBUG    | yolo_service:199 | [cam_002] Thời gian xử lý frame 37.65ms
2026-07-02 10:28:01 | DEBUG    | yolo_service:199 | [cam_002] Thời gian xử lý frame 28.78ms
2026-07-02 10:28:01 | DEBUG    | yolo_service:199 | [cam_002] Thời gian xử lý frame 12.67ms
2026-07-02 10:28:01 | DEBUG    | yolo_service:199 | [cam_002] Thời gian xử lý frame 36.73ms
2026-07-02 10:28:01 | DEBUG    | heartbeat_service:58 | 💓 Nhịp tim gửi Master: {'server_id': 'SV_004', 'cpu_usage': 78.4, 'has_gpu': True, 'gpu_usage': 0, 'vram_free_gb': 3.69, 'max_cam': 2}
2026-07-02 10:28:01 | DEBUG    | connectionpool:241 | Starting new HTTP connection (1): 10.40.91.11:5000
2026-07-02 10:28:01 | DEBUG    | connectionpool:544 | http://10.40.91.11:5000 "POST /api/heartbeat HTTP/1.1" 200 68
2026-07-02 10:28:01 | DEBUG    | yolo_service:199 | [cam_002] Thời gian xử lý frame 102.71ms
2026-07-02 10:28:01 | DEBUG    | yolo_service:199 | [cam_002] Thời gian xử lý frame 35.47ms
2026-07-02 10:28:01 | DEBUG    | yolo_service:199 | [cam_002] Thời gian xử lý frame 26.15ms
2026-07-02 10:28:01 | DEBUG    | yolo_service:199 | [cam_002] Thời gian xử lý frame 25.03ms
2026-07-02 10:28:01 | DEBUG    | yolo_service:199 | [cam_002] Thời gian xử lý frame 33.56ms
2026-07-02 10:28:01 | DEBUG    | yolo_service:199 | [cam_002] Thời gian xử lý frame 21.71ms
2026-07-02 10:28:02 | DEBUG    | yolo_service:199 | [cam_002] Thời gian xử lý frame 125.74ms
2026-07-02 10:28:02 | DEBUG    | yolo_service:199 | [cam_002] Thời gian xử lý frame 53.93ms
2026-07-02 10:28:02 | DEBUG    | yolo_service:199 | [cam_002] Thời gian xử lý frame 25.82ms
2026-07-02 10:28:02 | DEBUG    | yolo_service:199 | [cam_002] Thời gian xử lý frame 35.71ms
2026-07-02 10:28:02 | DEBUG    | yolo_service:199 | [cam_002] Thời gian xử lý frame 26.40ms
2026-07-02 10:28:02 | DEBUG    | yolo_service:199 | [cam_002] Thời gian xử lý frame 24.96ms
2026-07-02 10:28:02 | DEBUG    | yolo_service:199 | [cam_002] Thời gian xử lý frame 17.05ms
2026-07-02 10:28:02 | DEBUG    | yolo_service:199 | [cam_002] Thời gian xử lý frame 54.87ms
2026-07-02 10:28:02 | DEBUG    | yolo_service:199 | [cam_002] Thời gian xử lý frame 68.86ms
2026-07-02 10:28:02 | DEBUG    | yolo_service:199 | [cam_002] Thời gian xử lý frame 60.38ms
2026-07-02 10:28:02 | DEBUG    | yolo_service:199 | [cam_002] Thời gian xử lý frame 13.53ms
2026-07-02 10:28:02 | DEBUG    | yolo_service:199 | [cam_002] Thời gian xử lý frame 103.37ms
2026-07-02 10:28:02 | DEBUG    | yolo_service:199 | [cam_002] Thời gian xử lý frame 58.06ms
2026-07-02 10:28:02 | DEBUG    | yolo_service:199 | [cam_002] Thời gian xử lý frame 59.85ms
2026-07-02 10:28:02 | DEBUG    | yolo_service:199 | [cam_002] Thời gian xử lý frame 59.33ms
2026-07-02 10:28:02 | DEBUG    | yolo_service:199 | [cam_002] Thời gian xử lý frame 72.88ms
2026-07-02 10:28:02 | DEBUG    | yolo_service:199 | [cam_002] Thời gian xử lý frame 16.72ms
2026-07-02 10:28:02 | DEBUG    | yolo_service:199 | [cam_002] Thời gian xử lý frame 24.73ms
2026-07-02 10:28:02 | DEBUG    | yolo_service:199 | [cam_002] Thời gian xử lý frame 87.21ms
2026-07-02 10:28:02 | DEBUG    | yolo_service:199 | [cam_002] Thời gian xử lý frame 16.02ms
2026-07-02 10:28:03 | DEBUG    | yolo_service:199 | [cam_002] Thời gian xử lý frame 63.43ms
2026-07-02 10:28:03 | DEBUG    | yolo_service:199 | [cam_002] Thời gian xử lý frame 10.81ms
2026-07-02 10:28:03 | DEBUG    | yolo_service:199 | [cam_002] Thời gian xử lý frame 55.19ms
2026-07-02 10:28:03 | DEBUG    | yolo_service:199 | [cam_002] Thời gian xử lý frame 71.20ms
2026-07-02 10:28:03 | DEBUG    | yolo_service:199 | [cam_002] Thời gian xử lý frame 17.07ms
2026-07-02 10:28:03 | DEBUG    | yolo_service:199 | [cam_002] Thời gian xử lý frame 18.07ms
2026-07-02 10:28:03 | DEBUG    | yolo_service:199 | [cam_002] Thời gian xử lý frame 58.16ms
2026-07-02 10:28:03 | DEBUG    | yolo_service:199 | [cam_002] Thời gian xử lý frame 17.66ms
2026-07-02 10:28:03 | DEBUG    | yolo_service:199 | [cam_002] Thời gian xử lý frame 57.30ms
2026-07-02 10:28:03 | DEBUG    | yolo_service:199 | [cam_002] Thời gian xử lý frame 11.93ms
2026-07-02 10:28:03 | INFO     | main:3 | 🎬 [WORKER] Hệ thống Logger toàn cục theo phiên đã kích hoạt!
2026-07-02 10:28:03 | DEBUG    | yolo_service:199 | [cam_002] Thời gian xử lý frame 64.70ms
2026-07-02 10:28:03 | DEBUG    | yolo_service:199 | [cam_002] Thời gian xử lý frame 51.51ms
2026-07-02 10:28:03 | DEBUG    | yolo_service:199 | [cam_002] Thời gian xử lý frame 54.93ms
2026-07-02 10:28:03 | DEBUG    | yolo_service:199 | [cam_002] Thời gian xử lý frame 16.35ms
2026-07-02 10:28:03 | DEBUG    | yolo_service:199 | [cam_002] Thời gian xử lý frame 54.78ms
2026-07-02 10:28:03 | DEBUG    | yolo_service:199 | [cam_002] Thời gian xử lý frame 65.71ms
2026-07-02 10:28:03 | DEBUG    | yolo_service:199 | [cam_002] Thời gian xử lý frame 57.07ms
2026-07-02 10:28:03 | DEBUG    | yolo_service:199 | [cam_002] Thời gian xử lý frame 12.74ms
2026-07-02 10:28:03 | DEBUG    | yolo_service:199 | [cam_002] Thời gian xử lý frame 16.57ms
2026-07-02 10:28:03 | DEBUG    | yolo_service:199 | [cam_002] Thời gian xử lý frame 57.12ms
2026-07-02 10:28:03 | DEBUG    | yolo_service:199 | [cam_002] Thời gian xử lý frame 58.38ms
2026-07-02 10:28:03 | DEBUG    | yolo_service:199 | [cam_002] Thời gian xử lý frame 14.54ms
2026-07-02 10:28:03 | DEBUG    | yolo_service:199 | [cam_002] Thời gian xử lý frame 52.13ms
2026-07-02 10:28:03 | DEBUG    | yolo_service:199 | [cam_002] Thời gian xử lý frame 9.08ms
2026-07-02 10:28:04 | DEBUG    | yolo_service:199 | [cam_002] Thời gian xử lý frame 48.91ms
2026-07-02 10:28:04 | DEBUG    | yolo_service:199 | [cam_002] Thời gian xử lý frame 48.72ms
2026-07-02 10:28:04 | DEBUG    | yolo_service:199 | [cam_002] Thời gian xử lý frame 51.75ms
2026-07-02 10:28:04 | DEBUG    | yolo_service:199 | [cam_002] Thời gian xử lý frame 48.08ms
2026-07-02 10:28:04 | DEBUG    | yolo_service:199 | [cam_002] Thời gian xử lý frame 49.63ms
2026-07-02 10:28:04 | DEBUG    | yolo_service:199 | [cam_002] Thời gian xử lý frame 52.97ms
2026-07-02 10:28:04 | DEBUG    | yolo_service:199 | [cam_002] Thời gian xử lý frame 55.67ms
2026-07-02 10:28:04 | DEBUG    | yolo_service:199 | [cam_002] Thời gian xử lý frame 57.62ms
2026-07-02 10:28:04 | DEBUG    | yolo_service:199 | [cam_002] Thời gian xử lý frame 58.56ms
2026-07-02 10:28:04 | DEBUG    | yolo_service:199 | [cam_002] Thời gian xử lý frame 50.90ms
2026-07-02 10:28:04 | DEBUG    | yolo_service:199 | [cam_002] Thời gian xử lý frame 96.85ms
2026-07-02 10:28:04 | DEBUG    | yolo_service:199 | [cam_002] Thời gian xử lý frame 91.22ms
2026-07-02 10:28:04 | DEBUG    | yolo_service:199 | [cam_002] Thời gian xử lý frame 52.57ms
2026-07-02 10:28:04 | DEBUG    | yolo_service:199 | [cam_002] Thời gian xử lý frame 50.01ms
2026-07-02 10:28:04 | DEBUG    | yolo_service:199 | [cam_002] Thời gian xử lý frame 11.55ms
2026-07-02 10:28:04 | DEBUG    | yolo_service:199 | [cam_002] Thời gian xử lý frame 48.24ms
2026-07-02 10:28:04 | DEBUG    | yolo_service:199 | [cam_002] Thời gian xử lý frame 53.54ms
2026-07-02 10:28:04 | DEBUG    | yolo_service:199 | [cam_002] Thời gian xử lý frame 52.49ms
2026-07-02 10:28:04 | DEBUG    | yolo_service:199 | [cam_002] Thời gian xử lý frame 8.06ms
2026-07-02 10:28:05 | DEBUG    | yolo_service:199 | [cam_002] Thời gian xử lý frame 47.81ms
2026-07-02 10:28:05 | DEBUG    | yolo_service:199 | [cam_002] Thời gian xử lý frame 55.57ms
2026-07-02 10:28:05 | DEBUG    | yolo_service:199 | [cam_002] Thời gian xử lý frame 49.62ms
2026-07-02 10:28:05 | DEBUG    | yolo_service:199 | [cam_002] Thời gian xử lý frame 8.47ms
2026-07-02 10:28:05 | DEBUG    | yolo_service:199 | [cam_002] Thời gian xử lý frame 49.88ms
2026-07-02 10:28:05 | DEBUG    | yolo_service:199 | [cam_002] Thời gian xử lý frame 51.19ms
2026-07-02 10:28:05 | DEBUG    | yolo_service:199 | [cam_002] Thời gian xử lý frame 8.96ms
2026-07-02 10:28:05 | DEBUG    | yolo_service:199 | [cam_002] Thời gian xử lý frame 54.28ms
2026-07-02 10:28:05 | DEBUG    | yolo_service:199 | [cam_002] Thời gian xử lý frame 53.49ms
2026-07-02 10:28:05 | DEBUG    | yolo_service:199 | [cam_002] Thời gian xử lý frame 50.21ms
2026-07-02 10:28:05 | DEBUG    | yolo_service:199 | [cam_002] Thời gian xử lý frame 8.40ms
2026-07-02 10:28:05 | DEBUG    | yolo_service:199 | [cam_002] Thời gian xử lý frame 51.24ms
2026-07-02 10:28:05 | DEBUG    | yolo_service:199 | [cam_002] Thời gian xử lý frame 53.57ms
2026-07-02 10:28:05 | DEBUG    | yolo_service:199 | [cam_002] Thời gian xử lý frame 90.13ms
2026-07-02 10:28:05 | DEBUG    | yolo_service:199 | [cam_002] Thời gian xử lý frame 7.93ms
2026-07-02 10:28:05 | DEBUG    | yolo_service:199 | [cam_002] Thời gian xử lý frame 56.87ms
2026-07-02 10:28:05 | DEBUG    | yolo_service:199 | [cam_002] Thời gian xử lý frame 9.79ms
2026-07-02 10:28:05 | DEBUG    | yolo_service:199 | [cam_002] Thời gian xử lý frame 88.38ms
2026-07-02 10:28:05 | DEBUG    | yolo_service:199 | [cam_002] Thời gian xử lý frame 51.22ms
2026-07-02 10:28:05 | DEBUG    | yolo_service:199 | [cam_002] Thời gian xử lý frame 51.34ms
2026-07-02 10:28:05 | DEBUG    | yolo_service:199 | [cam_002] Thời gian xử lý frame 9.39ms
2026-07-02 10:28:05 | DEBUG    | yolo_service:199 | [cam_002] Thời gian xử lý frame 89.32ms
2026-07-02 10:28:06 | DEBUG    | yolo_service:199 | [cam_002] Thời gian xử lý frame 53.13ms
2026-07-02 10:28:06 | DEBUG    | yolo_service:199 | [cam_002] Thời gian xử lý frame 10.53ms
2026-07-02 10:28:06 | DEBUG    | yolo_service:199 | [cam_002] Thời gian xử lý frame 58.50ms
2026-07-02 10:28:06 | DEBUG    | yolo_service:199 | [cam_002] Thời gian xử lý frame 53.17ms
2026-07-02 10:28:06 | DEBUG    | yolo_service:199 | [cam_002] Thời gian xử lý frame 60.09ms
2026-07-02 10:28:06 | DEBUG    | yolo_service:199 | [cam_002] Thời gian xử lý frame 57.50ms
2026-07-02 10:28:06 | DEBUG    | yolo_service:199 | [cam_002] Thời gian xử lý frame 53.43ms
2026-07-02 10:28:06 | DEBUG    | yolo_service:199 | [cam_002] Thời gian xử lý frame 13.67ms
2026-07-02 10:28:06 | DEBUG    | yolo_service:199 | [cam_002] Thời gian xử lý frame 50.10ms
2026-07-02 10:28:06 | DEBUG    | yolo_service:199 | [cam_002] Thời gian xử lý frame 51.58ms
2026-07-02 10:28:06 | DEBUG    | yolo_service:199 | [cam_002] Thời gian xử lý frame 12.19ms
2026-07-02 10:28:06 | DEBUG    | yolo_service:199 | [cam_002] Thời gian xử lý frame 92.95ms
2026-07-02 10:28:06 | DEBUG    | yolo_service:199 | [cam_002] Thời gian xử lý frame 56.51ms
2026-07-02 10:28:06 | DEBUG    | yolo_service:199 | [cam_002] Thời gian xử lý frame 10.22ms
2026-07-02 10:28:06 | DEBUG    | yolo_service:199 | [cam_002] Thời gian xử lý frame 15.02ms
2026-07-02 10:28:06 | DEBUG    | yolo_service:199 | [cam_002] Thời gian xử lý frame 59.18ms
2026-07-02 10:28:06 | DEBUG    | yolo_service:199 | [cam_002] Thời gian xử lý frame 11.48ms
2026-07-02 10:28:06 | DEBUG    | yolo_service:199 | [cam_002] Thời gian xử lý frame 51.91ms
2026-07-02 10:28:06 | DEBUG    | yolo_service:199 | [cam_002] Thời gian xử lý frame 49.81ms
2026-07-02 10:28:06 | DEBUG    | yolo_service:199 | [cam_002] Thời gian xử lý frame 8.37ms
2026-07-02 10:28:06 | DEBUG    | yolo_service:199 | [cam_002] Thời gian xử lý frame 50.01ms
2026-07-02 10:28:06 | DEBUG    | yolo_service:199 | [cam_002] Thời gian xử lý frame 51.49ms
2026-07-02 10:28:06 | DEBUG    | yolo_service:199 | [cam_002] Thời gian xử lý frame 10.10ms
2026-07-02 10:28:06 | DEBUG    | yolo_service:199 | [cam_002] Thời gian xử lý frame 51.95ms
2026-07-02 10:28:07 | DEBUG    | yolo_service:199 | [cam_002] Thời gian xử lý frame 50.23ms
2026-07-02 10:28:07 | DEBUG    | yolo_service:199 | [cam_002] Thời gian xử lý frame 58.00ms
2026-07-02 10:28:07 | DEBUG    | yolo_service:199 | [cam_002] Thời gian xử lý frame 19.00ms
2026-07-02 10:28:07 | DEBUG    | yolo_service:199 | [cam_002] Thời gian xử lý frame 55.76ms
2026-07-02 10:28:07 | DEBUG    | yolo_service:199 | [cam_002] Thời gian xử lý frame 13.85ms
2026-07-02 10:28:07 | DEBUG    | yolo_service:199 | [cam_002] Thời gian xử lý frame 62.63ms
2026-07-02 10:28:07 | DEBUG    | yolo_service:199 | [cam_002] Thời gian xử lý frame 22.33ms
2026-07-02 10:28:07 | DEBUG    | yolo_service:199 | [cam_002] Thời gian xử lý frame 60.73ms
2026-07-02 10:28:07 | DEBUG    | yolo_service:199 | [cam_002] Thời gian xử lý frame 19.85ms
2026-07-02 10:28:07 | DEBUG    | yolo_service:199 | [cam_002] Thời gian xử lý frame 60.63ms
2026-07-02 10:28:07 | DEBUG    | yolo_service:199 | [cam_002] Thời gian xử lý frame 19.57ms
2026-07-02 10:28:07 | DEBUG    | yolo_service:199 | [cam_002] Thời gian xử lý frame 55.86ms
2026-07-02 10:28:07 | DEBUG    | yolo_service:199 | [cam_002] Thời gian xử lý frame 60.03ms
2026-07-02 10:28:07 | DEBUG    | yolo_service:199 | [cam_002] Thời gian xử lý frame 60.68ms
2026-07-02 10:28:07 | DEBUG    | yolo_service:199 | [cam_002] Thời gian xử lý frame 18.14ms
2026-07-02 10:28:07 | DEBUG    | yolo_service:199 | [cam_002] Thời gian xử lý frame 18.25ms
2026-07-02 10:28:07 | DEBUG    | yolo_service:199 | [cam_002] Thời gian xử lý frame 58.63ms
2026-07-02 10:28:07 | DEBUG    | yolo_service:199 | [cam_002] Thời gian xử lý frame 60.79ms
2026-07-02 10:28:07 | DEBUG    | yolo_service:199 | [cam_002] Thời gian xử lý frame 19.92ms
2026-07-02 10:28:07 | DEBUG    | yolo_service:199 | [cam_002] Thời gian xử lý frame 55.05ms
2026-07-02 10:28:07 | DEBUG    | yolo_service:199 | [cam_002] Thời gian xử lý frame 13.87ms
2026-07-02 10:28:07 | DEBUG    | heartbeat_service:58 | 💓 Nhịp tim gửi Master: {'server_id': 'SV_004', 'cpu_usage': 60.6, 'has_gpu': True, 'gpu_usage': 0, 'vram_free_gb': 3.69, 'max_cam': 2}
2026-07-02 10:28:07 | DEBUG    | connectionpool:241 | Starting new HTTP connection (1): 10.40.91.11:5000
2026-07-02 10:28:07 | DEBUG    | connectionpool:544 | http://10.40.91.11:5000 "POST /api/heartbeat HTTP/1.1" 200 68
2026-07-02 10:28:07 | DEBUG    | yolo_service:199 | [cam_002] Thời gian xử lý frame 55.59ms
2026-07-02 10:28:07 | DEBUG    | yolo_service:199 | [cam_002] Thời gian xử lý frame 56.92ms
2026-07-02 10:28:07 | DEBUG    | yolo_service:199 | [cam_002] Thời gian xử lý frame 16.78ms
2026-07-02 10:28:08 | DEBUG    | yolo_service:199 | [cam_002] Thời gian xử lý frame 61.09ms
2026-07-02 10:28:08 | DEBUG    | yolo_service:199 | [cam_002] Thời gian xử lý frame 17.44ms
2026-07-02 10:28:08 | DEBUG    | yolo_service:199 | [cam_002] Thời gian xử lý frame 54.34ms
2026-07-02 10:28:08 | DEBUG    | yolo_service:199 | [cam_002] Thời gian xử lý frame 13.48ms
2026-07-02 10:28:08 | DEBUG    | yolo_service:199 | [cam_002] Thời gian xử lý frame 68.43ms
2026-07-02 10:28:08 | DEBUG    | yolo_service:199 | [cam_002] Thời gian xử lý frame 60.06ms
2026-07-02 10:28:08 | DEBUG    | yolo_service:199 | [cam_002] Thời gian xử lý frame 58.69ms
2026-07-02 10:28:08 | DEBUG    | yolo_service:199 | [cam_002] Thời gian xử lý frame 19.29ms
2026-07-02 10:28:08 | DEBUG    | yolo_service:199 | [cam_002] Thời gian xử lý frame 60.08ms
2026-07-02 10:28:08 | DEBUG    | yolo_service:199 | [cam_002] Thời gian xử lý frame 18.96ms
2026-07-02 10:28:08 | DEBUG    | yolo_service:199 | [cam_002] Thời gian xử lý frame 60.05ms
2026-07-02 10:28:08 | DEBUG    | yolo_service:199 | [cam_002] Thời gian xử lý frame 59.30ms
2026-07-02 10:28:08 | DEBUG    | yolo_service:199 | [cam_002] Thời gian xử lý frame 60.76ms
2026-07-02 10:28:08 | DEBUG    | yolo_service:199 | [cam_002] Thời gian xử lý frame 19.84ms
2026-07-02 10:28:08 | DEBUG    | yolo_service:199 | [cam_002] Thời gian xử lý frame 57.85ms
2026-07-02 10:28:08 | DEBUG    | yolo_service:199 | [cam_002] Thời gian xử lý frame 22.37ms
2026-07-02 10:28:08 | DEBUG    | yolo_service:199 | [cam_002] Thời gian xử lý frame 61.58ms
2026-07-02 10:28:08 | DEBUG    | yolo_service:199 | [cam_002] Thời gian xử lý frame 21.82ms
2026-07-02 10:28:08 | DEBUG    | yolo_service:199 | [cam_002] Thời gian xử lý frame 60.57ms
2026-07-02 10:28:08 | DEBUG    | yolo_service:199 | [cam_002] Thời gian xử lý frame 64.84ms
2026-07-02 10:28:08 | DEBUG    | yolo_service:199 | [cam_002] Thời gian xử lý frame 20.80ms
2026-07-02 10:28:09 | DEBUG    | yolo_service:199 | [cam_002] Thời gian xử lý frame 67.00ms
2026-07-02 10:28:09 | DEBUG    | yolo_service:199 | [cam_002] Thời gian xử lý frame 23.32ms
2026-07-02 10:28:09 | DEBUG    | yolo_service:199 | [cam_002] Thời gian xử lý frame 61.32ms
2026-07-02 10:28:09 | DEBUG    | yolo_service:199 | [cam_002] Thời gian xử lý frame 26.72ms
2026-07-02 10:28:09 | DEBUG    | yolo_service:199 | [cam_002] Thời gian xử lý frame 62.76ms
2026-07-02 10:28:09 | DEBUG    | yolo_service:199 | [cam_002] Thời gian xử lý frame 62.72ms
2026-07-02 10:28:09 | DEBUG    | yolo_service:199 | [cam_002] Thời gian xử lý frame 23.70ms
2026-07-02 10:28:09 | DEBUG    | yolo_service:199 | [cam_002] Thời gian xử lý frame 60.03ms
2026-07-02 10:28:09 | DEBUG    | yolo_service:199 | [cam_002] Thời gian xử lý frame 29.76ms
2026-07-02 10:28:09 | DEBUG    | yolo_service:199 | [cam_002] Thời gian xử lý frame 62.59ms
2026-07-02 10:28:09 | DEBUG    | yolo_service:199 | [cam_002] Thời gian xử lý frame 63.00ms
2026-07-02 10:28:09 | DEBUG    | yolo_service:199 | [cam_002] Thời gian xử lý frame 60.85ms
2026-07-02 10:28:09 | DEBUG    | yolo_service:199 | [cam_002] Thời gian xử lý frame 61.97ms
2026-07-02 10:28:09 | DEBUG    | yolo_service:199 | [cam_002] Thời gian xử lý frame 20.89ms
2026-07-02 10:28:09 | DEBUG    | yolo_service:199 | [cam_002] Thời gian xử lý frame 19.94ms
2026-07-02 10:28:09 | DEBUG    | yolo_service:199 | [cam_002] Thời gian xử lý frame 61.04ms
2026-07-02 10:28:09 | DEBUG    | yolo_service:199 | [cam_002] Thời gian xử lý frame 20.08ms
2026-07-02 10:28:09 | DEBUG    | yolo_service:199 | [cam_002] Thời gian xử lý frame 72.32ms
2026-07-02 10:28:09 | DEBUG    | yolo_service:199 | [cam_002] Thời gian xử lý frame 29.61ms
2026-07-02 10:28:09 | DEBUG    | yolo_service:199 | [cam_002] Thời gian xử lý frame 34.31ms
2026-07-02 10:28:09 | DEBUG    | yolo_service:199 | [cam_002] Thời gian xử lý frame 29.06ms
2026-07-02 10:28:09 | DEBUG    | yolo_service:199 | [cam_002] Thời gian xử lý frame 66.24ms
2026-07-02 10:28:09 | DEBUG    | yolo_service:199 | [cam_002] Thời gian xử lý frame 22.98ms
2026-07-02 10:28:10 | DEBUG    | yolo_service:199 | [cam_002] Thời gian xử lý frame 21.21ms
2026-07-02 10:28:10 | DEBUG    | yolo_service:199 | [cam_002] Thời gian xử lý frame 64.97ms
2026-07-02 10:28:10 | DEBUG    | yolo_service:199 | [cam_002] Thời gian xử lý frame 23.44ms
2026-07-02 10:28:10 | DEBUG    | yolo_service:199 | [cam_002] Thời gian xử lý frame 62.10ms
2026-07-02 10:28:10 | DEBUG    | yolo_service:199 | [cam_002] Thời gian xử lý frame 19.99ms
2026-07-02 10:28:10 | DEBUG    | yolo_service:199 | [cam_002] Thời gian xử lý frame 64.85ms
2026-07-02 10:28:10 | DEBUG    | yolo_service:199 | [cam_002] Thời gian xử lý frame 64.64ms
2026-07-02 10:28:10 | DEBUG    | yolo_service:199 | [cam_002] Thời gian xử lý frame 22.93ms
2026-07-02 10:28:10 | DEBUG    | yolo_service:199 | [cam_002] Thời gian xử lý frame 60.04ms
2026-07-02 10:28:10 | DEBUG    | yolo_service:199 | [cam_002] Thời gian xử lý frame 22.81ms
2026-07-02 10:28:10 | DEBUG    | yolo_service:199 | [cam_002] Thời gian xử lý frame 63.40ms
2026-07-02 10:28:10 | DEBUG    | yolo_service:199 | [cam_002] Thời gian xử lý frame 23.72ms
2026-07-02 10:28:10 | DEBUG    | yolo_service:199 | [cam_002] Thời gian xử lý frame 103.38ms
2026-07-02 10:28:10 | DEBUG    | yolo_service:199 | [cam_002] Thời gian xử lý frame 23.54ms
2026-07-02 10:28:10 | DEBUG    | yolo_service:199 | [cam_002] Thời gian xử lý frame 23.68ms
2026-07-02 10:28:10 | DEBUG    | yolo_service:199 | [cam_002] Thời gian xử lý frame 63.09ms
2026-07-02 10:28:10 | DEBUG    | yolo_service:199 | [cam_002] Thời gian xử lý frame 23.48ms
2026-07-02 10:28:10 | DEBUG    | yolo_service:199 | [cam_002] Thời gian xử lý frame 21.96ms
2026-07-02 10:28:10 | DEBUG    | yolo_service:199 | [cam_002] Thời gian xử lý frame 61.12ms
2026-07-02 10:28:10 | DEBUG    | yolo_service:199 | [cam_002] Thời gian xử lý frame 23.11ms
2026-07-02 10:28:10 | DEBUG    | yolo_service:199 | [cam_002] Thời gian xử lý frame 63.90ms
2026-07-02 10:28:10 | DEBUG    | yolo_service:199 | [cam_002] Thời gian xử lý frame 20.25ms
2026-07-02 10:28:11 | DEBUG    | yolo_service:199 | [cam_002] Thời gian xử lý frame 65.71ms
2026-07-02 10:28:11 | DEBUG    | yolo_service:199 | [cam_002] Thời gian xử lý frame 24.09ms
2026-07-02 10:28:11 | DEBUG    | yolo_service:199 | [cam_002] Thời gian xử lý frame 22.87ms
2026-07-02 10:28:11 | DEBUG    | yolo_service:199 | [cam_002] Thời gian xử lý frame 65.21ms
2026-07-02 10:28:11 | DEBUG    | yolo_service:199 | [cam_002] Thời gian xử lý frame 24.85ms
2026-07-02 10:28:11 | DEBUG    | yolo_service:199 | [cam_002] Thời gian xử lý frame 62.93ms
2026-07-02 10:28:11 | DEBUG    | yolo_service:199 | [cam_002] Thời gian xử lý frame 64.64ms
2026-07-02 10:28:11 | DEBUG    | yolo_service:199 | [cam_002] Thời gian xử lý frame 24.89ms
2026-07-02 10:28:11 | DEBUG    | yolo_service:199 | [cam_002] Thời gian xử lý frame 65.20ms
2026-07-02 10:28:11 | DEBUG    | yolo_service:199 | [cam_002] Thời gian xử lý frame 25.08ms
2026-07-02 10:28:11 | DEBUG    | yolo_service:199 | [cam_002] Thời gian xử lý frame 24.25ms
2026-07-02 10:28:11 | DEBUG    | yolo_service:199 | [cam_002] Thời gian xử lý frame 65.15ms
2026-07-02 10:28:11 | DEBUG    | yolo_service:199 | [cam_002] Thời gian xử lý frame 22.87ms
2026-07-02 10:28:11 | DEBUG    | yolo_service:199 | [cam_002] Thời gian xử lý frame 103.89ms
2026-07-02 10:28:11 | DEBUG    | yolo_service:199 | [cam_002] Thời gian xử lý frame 27.01ms
2026-07-02 10:28:11 | DEBUG    | yolo_service:199 | [cam_002] Thời gian xử lý frame 65.31ms
2026-07-02 10:28:11 | DEBUG    | yolo_service:199 | [cam_002] Thời gian xử lý frame 24.33ms
2026-07-02 10:28:11 | DEBUG    | yolo_service:199 | [cam_002] Thời gian xử lý frame 62.60ms
2026-07-02 10:28:11 | DEBUG    | yolo_service:199 | [cam_002] Thời gian xử lý frame 63.30ms
2026-07-02 10:28:11 | DEBUG    | yolo_service:199 | [cam_002] Thời gian xử lý frame 65.56ms
2026-07-02 10:28:11 | DEBUG    | yolo_service:199 | [cam_002] Thời gian xử lý frame 24.81ms
2026-07-02 10:28:12 | DEBUG    | yolo_service:199 | [cam_002] Thời gian xử lý frame 63.02ms
2026-07-02 10:28:12 | DEBUG    | yolo_service:199 | [cam_002] Thời gian xử lý frame 22.45ms
2026-07-02 10:28:12 | DEBUG    | yolo_service:199 | [cam_002] Thời gian xử lý frame 20.79ms
2026-07-02 10:28:12 | DEBUG    | yolo_service:199 | [cam_002] Thời gian xử lý frame 63.95ms
2026-07-02 10:28:12 | DEBUG    | yolo_service:199 | [cam_002] Thời gian xử lý frame 23.49ms
2026-07-02 10:28:12 | DEBUG    | yolo_service:199 | [cam_002] Thời gian xử lý frame 61.67ms
2026-07-02 10:28:12 | DEBUG    | yolo_service:199 | [cam_002] Thời gian xử lý frame 21.20ms
2026-07-02 10:28:12 | DEBUG    | yolo_service:199 | [cam_002] Thời gian xử lý frame 23.34ms
2026-07-02 10:28:12 | DEBUG    | __init__:347 | matplotlib data path: C:\Users\Admin\AppData\Local\Programs\Python\Python312\Lib\site-packages\matplotlib\mpl-data
2026-07-02 10:28:12 | DEBUG    | __init__:347 | CONFIGDIR=C:\Users\Admin\.matplotlib
2026-07-02 10:28:12 | DEBUG    | __init__:1564 | interactive is False
2026-07-02 10:28:12 | DEBUG    | __init__:1565 | platform is win32
2026-07-02 10:28:12 | DEBUG    | yolo_service:199 | [cam_002] Thời gian xử lý frame 65.65ms
2026-07-02 10:28:12 | DEBUG    | __init__:347 | CACHEDIR=C:\Users\Admin\.matplotlib
2026-07-02 10:28:12 | DEBUG    | font_manager:1843 | Using fontManager instance from C:\Users\Admin\.matplotlib\fontlist-v3.11.0.json
2026-07-02 10:28:12 | DEBUG    | yolo_service:199 | [cam_002] Thời gian xử lý frame 60.60ms
2026-07-02 10:28:12 | DEBUG    | yolo_service:199 | [cam_002] Thời gian xử lý frame 61.07ms
2026-07-02 10:28:12 | DEBUG    | yolo_service:199 | [cam_002] Thời gian xử lý frame 19.65ms
2026-07-02 10:28:12 | DEBUG    | yolo_service:199 | [cam_002] Thời gian xử lý frame 61.58ms
2026-07-02 10:28:12 | DEBUG    | yolo_service:199 | [cam_002] Thời gian xử lý frame 63.49ms
2026-07-02 10:28:12 | DEBUG    | yolo_service:199 | [cam_002] Thời gian xử lý frame 22.00ms
2026-07-02 10:28:12 | DEBUG    | yolo_service:199 | [cam_002] Thời gian xử lý frame 64.23ms
2026-07-02 10:28:12 | DEBUG    | yolo_service:199 | [cam_002] Thời gian xử lý frame 23.80ms
2026-07-02 10:28:12 | DEBUG    | yolo_service:199 | [cam_002] Thời gian xử lý frame 61.55ms
2026-07-02 10:28:12 | DEBUG    | yolo_service:199 | [cam_002] Thời gian xử lý frame 24.84ms
2026-07-02 10:28:12 | DEBUG    | loader:96 | Environment variable FAISS_OPT_LEVEL is not set, so let's pick the instruction set according to the current CPU
2026-07-02 10:28:12 | INFO     | loader:132 | Loading faiss with AVX2 support.
2026-07-02 10:28:12 | INFO     | loader:137 | Could not load library with AVX2 support due to:
ModuleNotFoundError("No module named 'faiss.swigfaiss_avx2'")
2026-07-02 10:28:12 | INFO     | loader:156 | Loading faiss.
2026-07-02 10:28:12 | DEBUG    | yolo_service:199 | [cam_002] Thời gian xử lý frame 64.59ms
2026-07-02 10:28:12 | INFO     | loader:158 | Successfully loaded faiss.
2026-07-02 10:28:12 | DEBUG    | yolo_service:199 | [cam_002] Thời gian xử lý frame 23.25ms
2026-07-02 10:28:12 | DEBUG    | yolo_service:199 | [cam_002] Thời gian xử lý frame 27.91ms
2026-07-02 10:28:12 | DEBUG    | yolo_service:199 | [cam_002] Thời gian xử lý frame 64.99ms
2026-07-02 10:28:13 | DEBUG    | yolo_service:199 | [cam_002] Thời gian xử lý frame 22.39ms
2026-07-02 10:28:13 | DEBUG    | yolo_service:199 | [cam_002] Thời gian xử lý frame 20.65ms
2026-07-02 10:28:13 | DEBUG    | yolo_service:199 | [cam_002] Thời gian xử lý frame 64.38ms
2026-07-02 10:28:13 | INFO     | yolo_service:104 | ⚙️ [YOLO SỐ 2] TIẾP NHẬN LÔ...
2026-07-02 10:28:13 | INFO     | gallery:43 | Loading ONNX model from osnet_x1_0.onnx...
2026-07-02 10:28:13 | DEBUG    | yolo_service:199 | [cam_002] Thời gian xử lý frame 76.75ms
2026-07-02 10:28:13 | DEBUG    | yolo_service:199 | [cam_002] Thời gian xử lý frame 29.26ms
2026-07-02 10:28:13 | DEBUG    | yolo_service:199 | [cam_002] Thời gian xử lý frame 26.83ms
2026-07-02 10:28:13 | DEBUG    | yolo_service:199 | [cam_002] Thời gian xử lý frame 27.81ms
2026-07-02 10:28:13 | DEBUG    | yolo_service:199 | [cam_002] Thời gian xử lý frame 41.50ms
2026-07-02 10:28:13 | DEBUG    | yolo_service:199 | [cam_002] Thời gian xử lý frame 9.67ms
2026-07-02 10:28:13 | DEBUG    | yolo_service:199 | [cam_002] Thời gian xử lý frame 49.25ms
2026-07-02 10:28:13 | DEBUG    | yolo_service:199 | [cam_002] Thời gian xử lý frame 54.53ms
2026-07-02 10:28:13 | INFO     | yolo_service:122 | 🚀 Đang nạp model ReID vào CUDAExecutionProvider...
2026-07-02 10:28:13 | DEBUG    | yolo_service:199 | [cam_002] Thời gian xử lý frame 13.89ms
2026-07-02 10:28:13 | DEBUG    | yolo_service:199 | [cam_002] Thời gian xử lý frame 52.04ms
2026-07-02 10:28:13 | INFO     | yolo_service:131 | 🚀 [YOLO 2] Đang mở luồng cam_001...
2026-07-02 10:28:13 | INFO     | yolo_service:139 | 🚀 [ZMQ] Camera cam_001 đã cầm súng, nhắm thẳng Master tại tcp://10.40.91.11:5558
2026-07-02 10:28:13 | DEBUG    | yolo_service:199 | [cam_002] Thời gian xử lý frame 48.05ms
2026-07-02 10:28:13 | DEBUG    | yolo_service:199 | [cam_002] Thời gian xử lý frame 49.62ms
2026-07-02 10:28:13 | DEBUG    | yolo_service:199 | [cam_002] Thời gian xử lý frame 47.77ms
2026-07-02 10:28:13 | DEBUG    | yolo_service:199 | [cam_002] Thời gian xử lý frame 52.09ms
2026-07-02 10:28:13 | DEBUG    | yolo_service:199 | [cam_002] Thời gian xử lý frame 12.07ms
2026-07-02 10:28:13 | DEBUG    | yolo_service:199 | [cam_002] Thời gian xử lý frame 47.33ms
2026-07-02 10:28:13 | DEBUG    | yolo_service:199 | [cam_002] Thời gian xử lý frame 49.65ms
2026-07-02 10:28:13 | DEBUG    | yolo_service:199 | [cam_002] Thời gian xử lý frame 50.90ms
2026-07-02 10:28:13 | DEBUG    | yolo_service:199 | [cam_002] Thời gian xử lý frame 61.07ms
2026-07-02 10:28:13 | DEBUG    | yolo_service:199 | [cam_002] Thời gian xử lý frame 9.71ms
2026-07-02 10:28:13 | DEBUG    | yolo_service:199 | [cam_002] Thời gian xử lý frame 48.49ms
2026-07-02 10:28:13 | DEBUG    | heartbeat_service:58 | 💓 Nhịp tim gửi Master: {'server_id': 'SV_004', 'cpu_usage': 47.7, 'has_gpu': True, 'gpu_usage': 0, 'vram_free_gb': 3.69, 'max_cam': 2}
2026-07-02 10:28:13 | DEBUG    | connectionpool:241 | Starting new HTTP connection (1): 10.40.91.11:5000
2026-07-02 10:28:13 | DEBUG    | connectionpool:544 | http://10.40.91.11:5000 "POST /api/heartbeat HTTP/1.1" 200 68
2026-07-02 10:28:14 | DEBUG    | yolo_service:199 | [cam_002] Thời gian xử lý frame 56.07ms
2026-07-02 10:28:14 | DEBUG    | yolo_service:199 | [cam_002] Thời gian xử lý frame 7.17ms
2026-07-02 10:28:14 | DEBUG    | yolo_service:199 | [cam_002] Thời gian xử lý frame 51.56ms
2026-07-02 10:28:14 | DEBUG    | yolo_service:199 | [cam_002] Thời gian xử lý frame 50.82ms
2026-07-02 10:28:14 | DEBUG    | yolo_service:199 | [cam_002] Thời gian xử lý frame 89.26ms
2026-07-02 10:28:14 | DEBUG    | yolo_service:199 | [cam_002] Thời gian xử lý frame 59.00ms
2026-07-02 10:28:14 | DEBUG    | yolo_service:199 | [cam_002] Thời gian xử lý frame 56.34ms
2026-07-02 10:28:14 | DEBUG    | yolo_service:199 | [cam_002] Thời gian xử lý frame 8.98ms
2026-07-02 10:28:14 | DEBUG    | yolo_service:199 | [cam_002] Thời gian xử lý frame 48.02ms
2026-07-02 10:28:14 | DEBUG    | yolo_service:199 | [cam_002] Thời gian xử lý frame 49.89ms
2026-07-02 10:28:14 | DEBUG    | yolo_service:199 | [cam_002] Thời gian xử lý frame 53.37ms
2026-07-02 10:28:14 | INFO     | yolo_service:163 | 🎥 [START] YOLO bắt đầu ăn VRAM và quét frame cho cam_001...
2026-07-02 10:28:14 | DEBUG    | yolo_service:199 | [cam_002] Thời gian xử lý frame 58.56ms
2026-07-02 10:28:14 | DEBUG    | yolo_service:199 | [cam_002] Thời gian xử lý frame 10.95ms
2026-07-02 10:28:14 | DEBUG    | yolo_service:199 | [cam_002] Thời gian xử lý frame 7.69ms
2026-07-02 10:28:14 | DEBUG    | yolo_service:199 | [cam_002] Thời gian xử lý frame 49.93ms
2026-07-02 10:28:14 | DEBUG    | yolo_service:199 | [cam_002] Thời gian xử lý frame 47.49ms
2026-07-02 10:28:14 | DEBUG    | yolo_service:199 | [cam_002] Thời gian xử lý frame 53.36ms
2026-07-02 10:28:14 | DEBUG    | yolo_service:199 | [cam_002] Thời gian xử lý frame 52.15ms
2026-07-02 10:28:14 | DEBUG    | yolo_service:199 | [cam_002] Thời gian xử lý frame 48.82ms
2026-07-02 10:28:14 | DEBUG    | yolo_service:199 | [cam_002] Thời gian xử lý frame 61.25ms
2026-07-02 10:28:14 | DEBUG    | yolo_service:199 | [cam_002] Thời gian xử lý frame 12.00ms
2026-07-02 10:28:14 | DEBUG    | yolo_service:199 | [cam_002] Thời gian xử lý frame 51.43ms
2026-07-02 10:28:15 | DEBUG    | yolo_service:199 | [cam_002] Thời gian xử lý frame 50.16ms
2026-07-02 10:28:15 | DEBUG    | yolo_service:199 | [cam_002] Thời gian xử lý frame 10.86ms
2026-07-02 10:28:15 | DEBUG    | yolo_service:199 | [cam_002] Thời gian xử lý frame 49.00ms
2026-07-02 10:28:15 | DEBUG    | yolo_service:199 | [cam_002] Thời gian xử lý frame 52.37ms
2026-07-02 10:28:15 | DEBUG    | yolo_service:199 | [cam_002] Thời gian xử lý frame 64.16ms
2026-07-02 10:28:15 | DEBUG    | yolo_service:199 | [cam_002] Thời gian xử lý frame 24.89ms
2026-07-02 10:28:15 | DEBUG    | yolo_service:199 | [cam_002] Thời gian xử lý frame 49.21ms
2026-07-02 10:28:15 | DEBUG    | yolo_service:199 | [cam_002] Thời gian xử lý frame 53.94ms
2026-07-02 10:28:15 | DEBUG    | yolo_service:199 | [cam_002] Thời gian xử lý frame 52.15ms
2026-07-02 10:28:15 | DEBUG    | yolo_service:199 | [cam_002] Thời gian xử lý frame 51.17ms
2026-07-02 10:28:15 | DEBUG    | yolo_service:199 | [cam_002] Thời gian xử lý frame 48.35ms
2026-07-02 10:28:15 | DEBUG    | yolo_service:199 | [cam_002] Thời gian xử lý frame 50.61ms
2026-07-02 10:28:15 | DEBUG    | yolo_service:199 | [cam_002] Thời gian xử lý frame 50.82ms
2026-07-02 10:28:15 | DEBUG    | yolo_service:199 | [cam_002] Thời gian xử lý frame 61.59ms
2026-07-02 10:28:15 | DEBUG    | yolo_service:199 | [cam_002] Thời gian xử lý frame 65.40ms
2026-07-02 10:28:15 | DEBUG    | yolo_service:199 | [cam_002] Thời gian xử lý frame 52.39ms
2026-07-02 10:28:15 | DEBUG    | yolo_service:199 | [cam_002] Thời gian xử lý frame 63.28ms
2026-07-02 10:28:15 | DEBUG    | yolo_service:199 | [cam_002] Thời gian xử lý frame 12.97ms
2026-07-02 10:28:15 | DEBUG    | yolo_service:199 | [cam_002] Thời gian xử lý frame 53.56ms
2026-07-02 10:28:15 | DEBUG    | yolo_service:199 | [cam_002] Thời gian xử lý frame 9.96ms
2026-07-02 10:28:15 | DEBUG    | yolo_service:199 | [cam_002] Thời gian xử lý frame 49.24ms
2026-07-02 10:28:16 | DEBUG    | yolo_service:199 | [cam_002] Thời gian xử lý frame 76.00ms
2026-07-02 10:28:16 | DEBUG    | yolo_service:199 | [cam_002] Thời gian xử lý frame 23.62ms
2026-07-02 10:28:16 | DEBUG    | yolo_service:199 | [cam_002] Thời gian xử lý frame 49.88ms
2026-07-02 10:28:16 | DEBUG    | yolo_service:199 | [cam_002] Thời gian xử lý frame 52.95ms
2026-07-02 10:28:16 | DEBUG    | yolo_service:199 | [cam_002] Thời gian xử lý frame 50.44ms
2026-07-02 10:28:16 | DEBUG    | yolo_service:199 | [cam_002] Thời gian xử lý frame 14.85ms
2026-07-02 10:28:16 | DEBUG    | yolo_service:199 | [cam_002] Thời gian xử lý frame 50.44ms
2026-07-02 10:28:16 | DEBUG    | yolo_service:199 | [cam_002] Thời gian xử lý frame 58.54ms
2026-07-02 10:28:16 | DEBUG    | yolo_service:199 | [cam_002] Thời gian xử lý frame 56.57ms
2026-07-02 10:28:16 | DEBUG    | yolo_service:199 | [cam_002] Thời gian xử lý frame 62.20ms
2026-07-02 10:28:16 | DEBUG    | yolo_service:199 | [cam_002] Thời gian xử lý frame 59.26ms
2026-07-02 10:28:16 | DEBUG    | yolo_service:199 | [cam_002] Thời gian xử lý frame 59.54ms
2026-07-02 10:28:16 | DEBUG    | yolo_service:199 | [cam_002] Thời gian xử lý frame 50.23ms
2026-07-02 10:28:16 | DEBUG    | yolo_service:199 | [cam_002] Thời gian xử lý frame 12.26ms
2026-07-02 10:28:16 | DEBUG    | yolo_service:199 | [cam_002] Thời gian xử lý frame 48.93ms
2026-07-02 10:28:16 | DEBUG    | yolo_service:199 | [cam_002] Thời gian xử lý frame 60.46ms
2026-07-02 10:28:16 | DEBUG    | yolo_service:199 | [cam_002] Thời gian xử lý frame 9.51ms
2026-07-02 10:28:16 | DEBUG    | yolo_service:199 | [cam_002] Thời gian xử lý frame 52.06ms
2026-07-02 10:28:16 | DEBUG    | yolo_service:199 | [cam_002] Thời gian xử lý frame 53.56ms
2026-07-02 10:28:16 | DEBUG    | yolo_service:199 | [cam_002] Thời gian xử lý frame 86.41ms
2026-07-02 10:28:16 | DEBUG    | yolo_service:199 | [cam_002] Thời gian xử lý frame 23.07ms
2026-07-02 10:28:17 | DEBUG    | yolo_service:199 | [cam_002] Thời gian xử lý frame 124.32ms
2026-07-02 10:28:17 | DEBUG    | yolo_service:199 | [cam_002] Thời gian xử lý frame 41.09ms
2026-07-02 10:28:17 | DEBUG    | yolo_service:199 | [cam_002] Thời gian xử lý frame 67.41ms
2026-07-02 10:28:17 | DEBUG    | yolo_service:199 | [cam_002] Thời gian xử lý frame 21.85ms
2026-07-02 10:28:17 | DEBUG    | yolo_service:199 | [cam_002] Thời gian xử lý frame 20.68ms
2026-07-02 10:28:17 | DEBUG    | yolo_service:199 | [cam_002] Thời gian xử lý frame 70.20ms
2026-07-02 10:28:17 | DEBUG    | yolo_service:199 | [cam_002] Thời gian xử lý frame 19.22ms
2026-07-02 10:28:17 | DEBUG    | yolo_service:199 | [cam_002] Thời gian xử lý frame 22.58ms
2026-07-02 10:28:17 | DEBUG    | yolo_service:199 | [cam_002] Thời gian xử lý frame 59.36ms
2026-07-02 10:28:17 | DEBUG    | yolo_service:199 | [cam_002] Thời gian xử lý frame 19.01ms
2026-07-02 10:28:17 | DEBUG    | yolo_service:199 | [cam_002] Thời gian xử lý frame 58.82ms
2026-07-02 10:28:17 | DEBUG    | yolo_service:199 | [cam_002] Thời gian xử lý frame 61.48ms
2026-07-02 10:28:17 | DEBUG    | yolo_service:199 | [cam_002] Thời gian xử lý frame 62.36ms
2026-07-02 10:28:17 | DEBUG    | yolo_service:199 | [cam_002] Thời gian xử lý frame 18.39ms
2026-07-02 10:28:17 | DEBUG    | yolo_service:199 | [cam_002] Thời gian xử lý frame 14.48ms
2026-07-02 10:28:17 | DEBUG    | yolo_service:199 | [cam_002] Thời gian xử lý frame 101.92ms
2026-07-02 10:28:17 | DEBUG    | yolo_service:199 | [cam_002] Thời gian xử lý frame 37.56ms
2026-07-02 10:28:17 | DEBUG    | yolo_service:199 | [cam_002] Thời gian xử lý frame 43.85ms
2026-07-02 10:28:17 | DEBUG    | yolo_service:199 | [cam_002] Thời gian xử lý frame 45.60ms
2026-07-02 10:28:17 | DEBUG    | yolo_service:199 | [cam_002] Thời gian xử lý frame 42.30ms
2026-07-02 10:28:17 | DEBUG    | yolo_service:199 | [cam_002] Thời gian xử lý frame 27.26ms
2026-07-02 10:28:18 | DEBUG    | yolo_service:199 | [cam_002] Thời gian xử lý frame 51.57ms
2026-07-02 10:28:18 | DEBUG    | yolo_service:199 | [cam_002] Thời gian xử lý frame 32.23ms
2026-07-02 10:28:18 | DEBUG    | yolo_service:199 | [cam_002] Thời gian xử lý frame 60.91ms
2026-07-02 10:28:18 | DEBUG    | yolo_service:199 | [cam_002] Thời gian xử lý frame 61.66ms
2026-07-02 10:28:18 | DEBUG    | yolo_service:199 | [cam_002] Thời gian xử lý frame 20.86ms
2026-07-02 10:28:18 | DEBUG    | yolo_service:199 | [cam_002] Thời gian xử lý frame 36.60ms
2026-07-02 10:28:18 | DEBUG    | yolo_service:199 | [cam_002] Thời gian xử lý frame 61.77ms
2026-07-02 10:28:18 | DEBUG    | yolo_service:199 | [cam_002] Thời gian xử lý frame 19.99ms
2026-07-02 10:28:18 | DEBUG    | yolo_service:199 | [cam_001] Thời gian xử lý frame 3822.08ms
2026-07-02 10:28:18 | DEBUG    | yolo_service:199 | [cam_001] Thời gian xử lý frame 18.71ms
2026-07-02 10:28:18 | DEBUG    | yolo_service:199 | [cam_001] Thời gian xử lý frame 29.08ms
2026-07-02 10:28:18 | DEBUG    | yolo_service:199 | [cam_002] Thời gian xử lý frame 64.72ms
2026-07-02 10:28:18 | DEBUG    | yolo_service:199 | [cam_002] Thời gian xử lý frame 20.35ms
2026-07-02 10:28:18 | DEBUG    | yolo_service:199 | [cam_002] Thời gian xử lý frame 16.08ms
2026-07-02 10:28:18 | DEBUG    | yolo_service:199 | [cam_001] Thời gian xử lý frame 89.25ms
2026-07-02 10:28:18 | DEBUG    | yolo_service:199 | [cam_002] Thời gian xử lý frame 59.72ms
2026-07-02 10:28:18 | DEBUG    | yolo_service:199 | [cam_002] Thời gian xử lý frame 61.47ms
2026-07-02 10:28:18 | DEBUG    | yolo_service:199 | [cam_001] Thời gian xử lý frame 86.73ms
2026-07-02 10:28:18 | DEBUG    | yolo_service:199 | [cam_002] Thời gian xử lý frame 32.38ms
2026-07-02 10:28:18 | DEBUG    | yolo_service:199 | [cam_001] Thời gian xử lý frame 31.05ms
2026-07-02 10:28:18 | DEBUG    | yolo_service:199 | [cam_002] Thời gian xử lý frame 26.34ms
2026-07-02 10:28:18 | DEBUG    | yolo_service:199 | [cam_002] Thời gian xử lý frame 23.09ms
2026-07-02 10:28:18 | DEBUG    | yolo_service:199 | [cam_001] Thời gian xử lý frame 153.96ms
2026-07-02 10:28:18 | DEBUG    | yolo_service:199 | [cam_002] Thời gian xử lý frame 110.14ms
2026-07-02 10:28:18 | DEBUG    | yolo_service:199 | [cam_001] Thời gian xử lý frame 31.86ms
2026-07-02 10:28:18 | DEBUG    | yolo_service:199 | [cam_002] Thời gian xử lý frame 63.83ms
2026-07-02 10:28:18 | DEBUG    | yolo_service:199 | [cam_002] Thời gian xử lý frame 45.63ms
2026-07-02 10:28:18 | DEBUG    | yolo_service:199 | [cam_001] Thời gian xử lý frame 91.42ms
2026-07-02 10:28:18 | DEBUG    | yolo_service:199 | [cam_002] Thời gian xử lý frame 24.30ms
2026-07-02 10:28:18 | DEBUG    | yolo_service:199 | [cam_002] Thời gian xử lý frame 58.39ms
2026-07-02 10:28:18 | DEBUG    | yolo_service:199 | [cam_001] Thời gian xử lý frame 88.66ms
2026-07-02 10:28:18 | DEBUG    | yolo_service:199 | [cam_002] Thời gian xử lý frame 21.51ms
2026-07-02 10:28:19 | DEBUG    | yolo_service:199 | [cam_002] Thời gian xử lý frame 74.25ms
2026-07-02 10:28:19 | DEBUG    | yolo_service:199 | [cam_002] Thời gian xử lý frame 32.67ms
2026-07-02 10:28:19 | DEBUG    | yolo_service:199 | [cam_002] Thời gian xử lý frame 33.08ms
2026-07-02 10:28:19 | DEBUG    | yolo_service:199 | [cam_001] Thời gian xử lý frame 157.98ms
2026-07-02 10:28:19 | DEBUG    | yolo_service:199 | [cam_002] Thời gian xử lý frame 32.71ms
2026-07-02 10:28:19 | DEBUG    | yolo_service:199 | [cam_001] Thời gian xử lý frame 26.80ms
2026-07-02 10:28:19 | DEBUG    | yolo_service:199 | [cam_001] Thời gian xử lý frame 22.42ms
2026-07-02 10:28:19 | DEBUG    | yolo_service:199 | [cam_002] Thời gian xử lý frame 26.64ms
2026-07-02 10:28:19 | DEBUG    | yolo_service:199 | [cam_002] Thời gian xử lý frame 71.79ms
2026-07-02 10:28:19 | DEBUG    | yolo_service:199 | [cam_001] Thời gian xử lý frame 97.70ms
2026-07-02 10:28:19 | DEBUG    | yolo_service:199 | [cam_002] Thời gian xử lý frame 33.80ms
2026-07-02 10:28:19 | DEBUG    | yolo_service:199 | [cam_002] Thời gian xử lý frame 32.44ms
2026-07-02 10:28:19 | DEBUG    | yolo_service:199 | [cam_002] Thời gian xử lý frame 27.00ms
2026-07-02 10:28:19 | DEBUG    | yolo_service:199 | [cam_001] Thời gian xử lý frame 90.82ms
2026-07-02 10:28:19 | DEBUG    | yolo_service:199 | [cam_002] Thời gian xử lý frame 24.98ms
2026-07-02 10:28:19 | DEBUG    | yolo_service:199 | [cam_002] Thời gian xử lý frame 61.93ms
2026-07-02 10:28:19 | DEBUG    | yolo_service:199 | [cam_001] Thời gian xử lý frame 90.99ms
2026-07-02 10:28:19 | DEBUG    | yolo_service:199 | [cam_002] Thời gian xử lý frame 68.85ms
2026-07-02 10:28:19 | DEBUG    | yolo_service:199 | [cam_001] Thời gian xử lý frame 87.20ms
2026-07-02 10:28:19 | DEBUG    | yolo_service:199 | [cam_002] Thời gian xử lý frame 65.99ms
2026-07-02 10:28:19 | DEBUG    | yolo_service:199 | [cam_002] Thời gian xử lý frame 23.04ms
2026-07-02 10:28:19 | DEBUG    | yolo_service:199 | [cam_002] Thời gian xử lý frame 29.69ms
2026-07-02 10:28:19 | DEBUG    | yolo_service:199 | [cam_001] Thời gian xử lý frame 89.29ms
2026-07-02 10:28:19 | DEBUG    | yolo_service:199 | [cam_001] Thời gian xử lý frame 18.06ms
2026-07-02 10:28:19 | DEBUG    | yolo_service:199 | [cam_002] Thời gian xử lý frame 61.74ms
2026-07-02 10:28:19 | DEBUG    | yolo_service:199 | [cam_002] Thời gian xử lý frame 21.37ms
2026-07-02 10:28:19 | DEBUG    | yolo_service:199 | [cam_001] Thời gian xử lý frame 85.57ms
2026-07-02 10:28:19 | DEBUG    | yolo_service:199 | [cam_002] Thời gian xử lý frame 62.10ms
2026-07-02 10:28:19 | DEBUG    | yolo_service:199 | [cam_001] Thời gian xử lý frame 86.28ms
2026-07-02 10:28:19 | DEBUG    | yolo_service:199 | [cam_002] Thời gian xử lý frame 62.56ms
2026-07-02 10:28:19 | DEBUG    | yolo_service:199 | [cam_002] Thời gian xử lý frame 21.57ms
2026-07-02 10:28:19 | DEBUG    | yolo_service:199 | [cam_002] Thời gian xử lý frame 28.53ms
2026-07-02 10:28:19 | DEBUG    | yolo_service:199 | [cam_001] Thời gian xử lý frame 91.23ms
2026-07-02 10:28:19 | DEBUG    | yolo_service:199 | [cam_001] Thời gian xử lý frame 18.43ms
2026-07-02 10:28:19 | DEBUG    | yolo_service:199 | [cam_002] Thời gian xử lý frame 59.06ms
2026-07-02 10:28:19 | DEBUG    | yolo_service:199 | [cam_001] Thời gian xử lý frame 27.91ms
2026-07-02 10:28:19 | DEBUG    | yolo_service:199 | [cam_002] Thời gian xử lý frame 26.25ms
2026-07-02 10:28:19 | DEBUG    | yolo_service:199 | [cam_002] Thời gian xử lý frame 24.12ms
2026-07-02 10:28:20 | DEBUG    | yolo_service:199 | [cam_002] Thời gian xử lý frame 59.26ms
2026-07-02 10:28:20 | DEBUG    | yolo_service:199 | [cam_001] Thời gian xử lý frame 87.73ms
2026-07-02 10:28:20 | DEBUG    | yolo_service:199 | [cam_002] Thời gian xử lý frame 23.58ms
2026-07-02 10:28:20 | DEBUG    | heartbeat_service:58 | 💓 Nhịp tim gửi Master: {'server_id': 'SV_004', 'cpu_usage': 92.5, 'has_gpu': True, 'gpu_usage': 0, 'vram_free_gb': 3.51, 'max_cam': 2}
2026-07-02 10:28:20 | DEBUG    | connectionpool:241 | Starting new HTTP connection (1): 10.40.91.11:5000
2026-07-02 10:28:20 | DEBUG    | connectionpool:544 | http://10.40.91.11:5000 "POST /api/heartbeat HTTP/1.1" 200 68
2026-07-02 10:28:20 | DEBUG    | yolo_service:199 | [cam_002] Thời gian xử lý frame 272.04ms
2026-07-02 10:28:20 | DEBUG    | yolo_service:199 | [cam_001] Thời gian xử lý frame 299.65ms
2026-07-02 10:28:20 | DEBUG    | yolo_service:199 | [cam_002] Thời gian xử lý frame 26.80ms
2026-07-02 10:28:20 | DEBUG    | yolo_service:199 | [cam_001] Thời gian xử lý frame 33.03ms
2026-07-02 10:28:20 | DEBUG    | yolo_service:199 | [cam_002] Thời gian xử lý frame 24.24ms
2026-07-02 10:28:20 | DEBUG    | yolo_service:199 | [cam_002] Thời gian xử lý frame 21.97ms
2026-07-02 10:28:20 | DEBUG    | yolo_service:199 | [cam_001] Thời gian xử lý frame 86.33ms
2026-07-02 10:28:20 | DEBUG    | yolo_service:199 | [cam_002] Thời gian xử lý frame 72.23ms
2026-07-02 10:28:20 | DEBUG    | yolo_service:199 | [cam_002] Thời gian xử lý frame 25.51ms
2026-07-02 10:28:20 | DEBUG    | yolo_service:199 | [cam_001] Thời gian xử lý frame 91.09ms
2026-07-02 10:28:20 | DEBUG    | yolo_service:199 | [cam_002] Thời gian xử lý frame 60.02ms
2026-07-02 10:28:20 | DEBUG    | yolo_service:199 | [cam_002] Thời gian xử lý frame 60.14ms
2026-07-02 10:28:20 | DEBUG    | yolo_service:199 | [cam_001] Thời gian xử lý frame 84.95ms
2026-07-02 10:28:20 | DEBUG    | yolo_service:199 | [cam_002] Thời gian xử lý frame 23.84ms
2026-07-02 10:28:20 | DEBUG    | yolo_service:199 | [cam_002] Thời gian xử lý frame 36.02ms
2026-07-02 10:28:20 | DEBUG    | yolo_service:199 | [cam_001] Thời gian xử lý frame 114.68ms
2026-07-02 10:28:20 | DEBUG    | yolo_service:199 | [cam_001] Thời gian xử lý frame 41.54ms
2026-07-02 10:28:20 | DEBUG    | yolo_service:199 | [cam_002] Thời gian xử lý frame 118.16ms
2026-07-02 10:28:20 | DEBUG    | yolo_service:199 | [cam_002] Thời gian xử lý frame 33.39ms
2026-07-02 10:28:20 | DEBUG    | yolo_service:199 | [cam_002] Thời gian xử lý frame 75.01ms
2026-07-02 10:28:20 | DEBUG    | yolo_service:199 | [cam_001] Thời gian xử lý frame 139.57ms
2026-07-02 10:28:21 | DEBUG    | yolo_service:199 | [cam_002] Thời gian xử lý frame 94.07ms
2026-07-02 10:28:21 | DEBUG    | yolo_service:199 | [cam_001] Thời gian xử lý frame 135.63ms
2026-07-02 10:28:21 | DEBUG    | yolo_service:199 | [cam_002] Thời gian xử lý frame 48.88ms
2026-07-02 10:28:21 | DEBUG    | yolo_service:199 | [cam_001] Thời gian xử lý frame 116.57ms
2026-07-02 10:28:21 | DEBUG    | yolo_service:199 | [cam_002] Thời gian xử lý frame 147.75ms
2026-07-02 10:28:21 | DEBUG    | yolo_service:199 | [cam_001] Thời gian xử lý frame 95.50ms
2026-07-02 10:28:21 | DEBUG    | yolo_service:199 | [cam_002] Thời gian xử lý frame 81.04ms
2026-07-02 10:28:21 | DEBUG    | yolo_service:199 | [cam_001] Thời gian xử lý frame 65.32ms
2026-07-02 10:28:21 | DEBUG    | yolo_service:199 | [cam_002] Thời gian xử lý frame 71.64ms
2026-07-02 10:28:21 | DEBUG    | yolo_service:199 | [cam_001] Thời gian xử lý frame 69.67ms
2026-07-02 10:28:21 | DEBUG    | yolo_service:199 | [cam_002] Thời gian xử lý frame 57.79ms
2026-07-02 10:28:21 | DEBUG    | yolo_service:199 | [cam_001] Thời gian xử lý frame 46.31ms
2026-07-02 10:28:21 | DEBUG    | yolo_service:199 | [cam_002] Thời gian xử lý frame 58.07ms
2026-07-02 10:28:21 | DEBUG    | yolo_service:199 | [cam_001] Thời gian xử lý frame 94.12ms
2026-07-02 10:28:21 | DEBUG    | yolo_service:199 | [cam_002] Thời gian xử lý frame 85.03ms
2026-07-02 10:28:21 | DEBUG    | yolo_service:199 | [cam_001] Thời gian xử lý frame 73.36ms
2026-07-02 10:28:21 | DEBUG    | yolo_service:199 | [cam_002] Thời gian xử lý frame 90.73ms
2026-07-02 10:28:21 | DEBUG    | yolo_service:199 | [cam_001] Thời gian xử lý frame 70.49ms
2026-07-02 10:28:21 | DEBUG    | yolo_service:199 | [cam_002] Thời gian xử lý frame 61.80ms
2026-07-02 10:28:21 | DEBUG    | yolo_service:199 | [cam_001] Thời gian xử lý frame 56.61ms
2026-07-02 10:28:21 | DEBUG    | yolo_service:199 | [cam_002] Thời gian xử lý frame 58.06ms
2026-07-02 10:28:21 | DEBUG    | yolo_service:199 | [cam_002] Thời gian xử lý frame 53.51ms
2026-07-02 10:28:21 | DEBUG    | yolo_service:199 | [cam_001] Thời gian xử lý frame 127.76ms
2026-07-02 10:28:21 | DEBUG    | yolo_service:199 | [cam_002] Thời gian xử lý frame 64.81ms
2026-07-02 10:28:22 | DEBUG    | yolo_service:199 | [cam_001] Thời gian xử lý frame 67.93ms
2026-07-02 10:28:22 | DEBUG    | yolo_service:199 | [cam_002] Thời gian xử lý frame 77.78ms
2026-07-02 10:28:22 | DEBUG    | yolo_service:199 | [cam_001] Thời gian xử lý frame 57.95ms
2026-07-02 10:28:22 | DEBUG    | yolo_service:199 | [cam_002] Thời gian xử lý frame 47.88ms
2026-07-02 10:28:22 | DEBUG    | yolo_service:199 | [cam_001] Thời gian xử lý frame 43.68ms
2026-07-02 10:28:22 | DEBUG    | yolo_service:199 | [cam_002] Thời gian xử lý frame 76.74ms
2026-07-02 10:28:22 | DEBUG    | yolo_service:199 | [cam_001] Thời gian xử lý frame 59.91ms
2026-07-02 10:28:22 | DEBUG    | yolo_service:199 | [cam_001] Thời gian xử lý frame 47.00ms
2026-07-02 10:28:22 | DEBUG    | yolo_service:199 | [cam_002] Thời gian xử lý frame 54.17ms
2026-07-02 10:28:22 | DEBUG    | yolo_service:199 | [cam_001] Thời gian xử lý frame 42.52ms
2026-07-02 10:28:22 | DEBUG    | yolo_service:199 | [cam_002] Thời gian xử lý frame 46.07ms
2026-07-02 10:28:22 | DEBUG    | yolo_service:199 | [cam_002] Thời gian xử lý frame 33.47ms
2026-07-02 10:28:22 | DEBUG    | yolo_service:199 | [cam_001] Thời gian xử lý frame 91.26ms
2026-07-02 10:28:22 | DEBUG    | yolo_service:199 | [cam_002] Thời gian xử lý frame 74.47ms
2026-07-02 10:28:22 | DEBUG    | yolo_service:199 | [cam_002] Thời gian xử lý frame 26.80ms
2026-07-02 10:28:22 | DEBUG    | yolo_service:199 | [cam_002] Thời gian xử lý frame 32.49ms
2026-07-02 10:28:22 | DEBUG    | yolo_service:199 | [cam_001] Thời gian xử lý frame 93.65ms
2026-07-02 10:28:22 | DEBUG    | yolo_service:199 | [cam_002] Thời gian xử lý frame 33.69ms
2026-07-02 10:28:22 | DEBUG    | yolo_service:199 | [cam_002] Thời gian xử lý frame 30.13ms
2026-07-02 10:28:22 | DEBUG    | yolo_service:199 | [cam_002] Thời gian xử lý frame 35.00ms
2026-07-02 10:28:22 | DEBUG    | yolo_service:199 | [cam_001] Thời gian xử lý frame 89.97ms
2026-07-02 10:28:22 | DEBUG    | yolo_service:199 | [cam_002] Thời gian xử lý frame 25.60ms
2026-07-02 10:28:22 | DEBUG    | yolo_service:199 | [cam_002] Thời gian xử lý frame 23.74ms
2026-07-02 10:28:22 | DEBUG    | yolo_service:199 | [cam_002] Thời gian xử lý frame 29.01ms
2026-07-02 10:28:22 | DEBUG    | yolo_service:199 | [cam_001] Thời gian xử lý frame 101.49ms
2026-07-02 10:28:22 | DEBUG    | yolo_service:199 | [cam_002] Thời gian xử lý frame 40.04ms
2026-07-02 10:28:22 | DEBUG    | yolo_service:199 | [cam_001] Thời gian xử lý frame 36.17ms
2026-07-02 10:28:22 | DEBUG    | yolo_service:199 | [cam_002] Thời gian xử lý frame 30.56ms
2026-07-02 10:28:22 | DEBUG    | yolo_service:199 | [cam_001] Thời gian xử lý frame 25.70ms
2026-07-02 10:28:22 | DEBUG    | yolo_service:199 | [cam_002] Thời gian xử lý frame 32.24ms
2026-07-02 10:28:22 | DEBUG    | yolo_service:199 | [cam_002] Thời gian xử lý frame 32.47ms
2026-07-02 10:28:22 | DEBUG    | yolo_service:199 | [cam_002] Thời gian xử lý frame 32.61ms
2026-07-02 10:28:22 | DEBUG    | yolo_service:199 | [cam_001] Thời gian xử lý frame 92.76ms
2026-07-02 10:28:22 | DEBUG    | yolo_service:199 | [cam_002] Thời gian xử lý frame 22.15ms
2026-07-02 10:28:22 | DEBUG    | yolo_service:199 | [cam_002] Thời gian xử lý frame 29.60ms
2026-07-02 10:28:22 | DEBUG    | yolo_service:199 | [cam_002] Thời gian xử lý frame 30.50ms
2026-07-02 10:28:22 | DEBUG    | yolo_service:199 | [cam_001] Thời gian xử lý frame 97.06ms
2026-07-02 10:28:22 | DEBUG    | yolo_service:199 | [cam_002] Thời gian xử lý frame 32.54ms
2026-07-02 10:28:22 | DEBUG    | yolo_service:199 | [cam_002] Thời gian xử lý frame 29.40ms
2026-07-02 10:28:23 | DEBUG    | yolo_service:199 | [cam_002] Thời gian xử lý frame 32.80ms
2026-07-02 10:28:23 | DEBUG    | yolo_service:199 | [cam_001] Thời gian xử lý frame 90.04ms
2026-07-02 10:28:23 | DEBUG    | yolo_service:199 | [cam_002] Thời gian xử lý frame 42.10ms
2026-07-02 10:28:23 | DEBUG    | yolo_service:199 | [cam_002] Thời gian xử lý frame 70.57ms
2026-07-02 10:28:23 | DEBUG    | yolo_service:199 | [cam_001] Thời gian xử lý frame 109.93ms
2026-07-02 10:28:23 | DEBUG    | yolo_service:199 | [cam_001] Thời gian xử lý frame 29.69ms
2026-07-02 10:28:23 | DEBUG    | yolo_service:199 | [cam_002] Thời gian xử lý frame 34.63ms
2026-07-02 10:28:23 | DEBUG    | yolo_service:199 | [cam_001] Thời gian xử lý frame 29.26ms
2026-07-02 10:28:23 | DEBUG    | yolo_service:199 | [cam_002] Thời gian xử lý frame 37.71ms
2026-07-02 10:28:23 | DEBUG    | yolo_service:199 | [cam_002] Thời gian xử lý frame 24.78ms
2026-07-02 10:28:23 | DEBUG    | yolo_service:199 | [cam_001] Thời gian xử lý frame 88.87ms
2026-07-02 10:28:23 | DEBUG    | yolo_service:199 | [cam_002] Thời gian xử lý frame 62.12ms
2026-07-02 10:28:23 | DEBUG    | yolo_service:199 | [cam_002] Thời gian xử lý frame 91.48ms
2026-07-02 10:28:23 | DEBUG    | yolo_service:199 | [cam_001] Thời gian xử lý frame 120.05ms
2026-07-02 10:28:23 | DEBUG    | yolo_service:199 | [cam_002] Thời gian xử lý frame 61.97ms
2026-07-02 10:28:23 | DEBUG    | yolo_service:199 | [cam_001] Thời gian xử lý frame 44.28ms
2026-07-02 10:28:23 | DEBUG    | yolo_service:199 | [cam_002] Thời gian xử lý frame 53.44ms
2026-07-02 10:28:23 | DEBUG    | yolo_service:199 | [cam_002] Thời gian xử lý frame 63.59ms
2026-07-02 10:28:23 | DEBUG    | yolo_service:199 | [cam_001] Thời gian xử lý frame 127.76ms
2026-07-02 10:28:23 | DEBUG    | yolo_service:199 | [cam_001] Thời gian xử lý frame 109.65ms
2026-07-02 10:28:23 | DEBUG    | yolo_service:199 | [cam_002] Thời gian xử lý frame 158.26ms
2026-07-02 10:28:23 | DEBUG    | yolo_service:199 | [cam_001] Thời gian xử lý frame 76.76ms
2026-07-02 10:28:23 | DEBUG    | yolo_service:199 | [cam_002] Thời gian xử lý frame 60.67ms
2026-07-02 10:28:23 | DEBUG    | yolo_service:199 | [cam_001] Thời gian xử lý frame 78.98ms
2026-07-02 10:28:23 | DEBUG    | yolo_service:199 | [cam_002] Thời gian xử lý frame 85.71ms
2026-07-02 10:28:23 | DEBUG    | yolo_service:199 | [cam_001] Thời gian xử lý frame 56.23ms
2026-07-02 10:28:23 | DEBUG    | yolo_service:199 | [cam_002] Thời gian xử lý frame 60.87ms
2026-07-02 10:28:23 | DEBUG    | yolo_service:199 | [cam_001] Thời gian xử lý frame 65.68ms
2026-07-02 10:28:23 | DEBUG    | yolo_service:199 | [cam_002] Thời gian xử lý frame 56.93ms
2026-07-02 10:28:24 | DEBUG    | yolo_service:199 | [cam_001] Thời gian xử lý frame 76.44ms
2026-07-02 10:28:24 | DEBUG    | yolo_service:199 | [cam_002] Thời gian xử lý frame 76.69ms
2026-07-02 10:28:24 | DEBUG    | yolo_service:199 | [cam_001] Thời gian xử lý frame 82.15ms
2026-07-02 10:28:24 | DEBUG    | yolo_service:199 | [cam_002] Thời gian xử lý frame 83.37ms
2026-07-02 10:28:24 | DEBUG    | yolo_service:199 | [cam_001] Thời gian xử lý frame 57.10ms
2026-07-02 10:28:24 | DEBUG    | yolo_service:199 | [cam_002] Thời gian xử lý frame 62.24ms
2026-07-02 10:28:24 | DEBUG    | yolo_service:199 | [cam_001] Thời gian xử lý frame 124.94ms
2026-07-02 10:28:24 | DEBUG    | yolo_service:199 | [cam_002] Thời gian xử lý frame 113.85ms
2026-07-02 10:28:24 | DEBUG    | yolo_service:199 | [cam_001] Thời gian xử lý frame 77.18ms
2026-07-02 10:28:24 | DEBUG    | yolo_service:199 | [cam_002] Thời gian xử lý frame 71.74ms
2026-07-02 10:28:24 | DEBUG    | yolo_service:199 | [cam_001] Thời gian xử lý frame 68.29ms
2026-07-02 10:28:24 | DEBUG    | yolo_service:199 | [cam_002] Thời gian xử lý frame 82.34ms
2026-07-02 10:28:24 | DEBUG    | yolo_service:199 | [cam_001] Thời gian xử lý frame 109.29ms
2026-07-02 10:28:24 | DEBUG    | yolo_service:199 | [cam_002] Thời gian xử lý frame 105.59ms
2026-07-02 10:28:24 | DEBUG    | yolo_service:199 | [cam_001] Thời gian xử lý frame 100.22ms
2026-07-02 10:28:24 | DEBUG    | yolo_service:199 | [cam_002] Thời gian xử lý frame 117.89ms
2026-07-02 10:28:24 | DEBUG    | yolo_service:199 | [cam_001] Thời gian xử lý frame 96.20ms
2026-07-02 10:28:24 | DEBUG    | yolo_service:199 | [cam_002] Thời gian xử lý frame 120.12ms
2026-07-02 10:28:24 | DEBUG    | yolo_service:199 | [cam_001] Thời gian xử lý frame 96.96ms
2026-07-02 10:28:24 | DEBUG    | yolo_service:199 | [cam_002] Thời gian xử lý frame 111.80ms
2026-07-02 10:28:24 | DEBUG    | yolo_service:199 | [cam_001] Thời gian xử lý frame 81.27ms
2026-07-02 10:28:25 | DEBUG    | yolo_service:199 | [cam_001] Thời gian xử lý frame 113.31ms
2026-07-02 10:28:25 | DEBUG    | yolo_service:199 | [cam_002] Thời gian xử lý frame 142.93ms
2026-07-02 10:28:25 | DEBUG    | yolo_service:199 | [cam_001] Thời gian xử lý frame 72.78ms
2026-07-02 10:28:25 | DEBUG    | yolo_service:199 | [cam_002] Thời gian xử lý frame 87.83ms
2026-07-02 10:28:25 | DEBUG    | yolo_service:199 | [cam_001] Thời gian xử lý frame 77.45ms
2026-07-02 10:28:25 | DEBUG    | yolo_service:199 | [cam_002] Thời gian xử lý frame 113.55ms
2026-07-02 10:28:25 | DEBUG    | yolo_service:199 | [cam_002] Thời gian xử lý frame 220.72ms
2026-07-02 10:28:25 | DEBUG    | yolo_service:199 | [cam_001] Thời gian xử lý frame 300.73ms
2026-07-02 10:28:25 | DEBUG    | yolo_service:199 | [cam_002] Thời gian xử lý frame 91.02ms
2026-07-02 10:28:25 | DEBUG    | yolo_service:199 | [cam_001] Thời gian xử lý frame 98.22ms
2026-07-02 10:28:25 | DEBUG    | yolo_service:199 | [cam_001] Thời gian xử lý frame 67.90ms
2026-07-02 10:28:25 | DEBUG    | yolo_service:199 | [cam_002] Thời gian xử lý frame 90.25ms
2026-07-02 10:28:25 | DEBUG    | yolo_service:199 | [cam_001] Thời gian xử lý frame 69.61ms
2026-07-02 10:28:25 | DEBUG    | yolo_service:199 | [cam_002] Thời gian xử lý frame 76.01ms
2026-07-02 10:28:25 | DEBUG    | yolo_service:199 | [cam_002] Thời gian xử lý frame 59.57ms
2026-07-02 10:28:25 | DEBUG    | yolo_service:199 | [cam_001] Thời gian xử lý frame 127.63ms
2026-07-02 10:28:25 | DEBUG    | yolo_service:199 | [cam_002] Thời gian xử lý frame 61.82ms
2026-07-02 10:28:25 | DEBUG    | yolo_service:199 | [cam_001] Thời gian xử lý frame 55.96ms
2026-07-02 10:28:26 | DEBUG    | yolo_service:199 | [cam_002] Thời gian xử lý frame 70.93ms
2026-07-02 10:28:26 | DEBUG    | yolo_service:199 | [cam_001] Thời gian xử lý frame 76.94ms
2026-07-02 10:28:26 | DEBUG    | yolo_service:199 | [cam_002] Thời gian xử lý frame 124.66ms
2026-07-02 10:28:26 | DEBUG    | yolo_service:199 | [cam_001] Thời gian xử lý frame 113.17ms
2026-07-02 10:28:26 | DEBUG    | yolo_service:199 | [cam_002] Thời gian xử lý frame 83.34ms
2026-07-02 10:28:26 | DEBUG    | yolo_service:199 | [cam_001] Thời gian xử lý frame 94.01ms
2026-07-02 10:28:26 | DEBUG    | yolo_service:199 | [cam_002] Thời gian xử lý frame 99.22ms
2026-07-02 10:28:26 | DEBUG    | yolo_service:199 | [cam_001] Thời gian xử lý frame 91.16ms
2026-07-02 10:28:26 | DEBUG    | yolo_service:199 | [cam_002] Thời gian xử lý frame 80.92ms
2026-07-02 10:28:26 | DEBUG    | yolo_service:199 | [cam_001] Thời gian xử lý frame 85.02ms
2026-07-02 10:28:26 | DEBUG    | heartbeat_service:58 | 💓 Nhịp tim gửi Master: {'server_id': 'SV_004', 'cpu_usage': 97.0, 'has_gpu': True, 'gpu_usage': 0, 'vram_free_gb': 3.51, 'max_cam': 2}
2026-07-02 10:28:26 | DEBUG    | connectionpool:241 | Starting new HTTP connection (1): 10.40.91.11:5000
2026-07-02 10:28:26 | DEBUG    | connectionpool:544 | http://10.40.91.11:5000 "POST /api/heartbeat HTTP/1.1" 200 68
2026-07-02 10:28:26 | DEBUG    | yolo_service:199 | [cam_002] Thời gian xử lý frame 101.18ms
2026-07-02 10:28:26 | DEBUG    | yolo_service:199 | [cam_001] Thời gian xử lý frame 95.31ms
2026-07-02 10:28:26 | DEBUG    | yolo_service:199 | [cam_001] Thời gian xử lý frame 41.53ms
2026-07-02 10:28:26 | DEBUG    | yolo_service:199 | [cam_002] Thời gian xử lý frame 77.90ms
2026-07-02 10:28:26 | DEBUG    | yolo_service:199 | [cam_002] Thời gian xử lý frame 40.89ms
2026-07-02 10:28:26 | DEBUG    | yolo_service:199 | [cam_002] Thời gian xử lý frame 36.11ms
2026-07-02 10:28:26 | DEBUG    | yolo_service:199 | [cam_001] Thời gian xử lý frame 92.72ms
2026-07-02 10:28:26 | DEBUG    | yolo_service:199 | [cam_002] Thời gian xử lý frame 38.76ms
2026-07-02 10:28:26 | DEBUG    | yolo_service:199 | [cam_001] Thời gian xử lý frame 33.54ms
2026-07-02 10:28:26 | DEBUG    | yolo_service:199 | [cam_001] Thời gian xử lý frame 46.50ms
2026-07-02 10:28:26 | DEBUG    | yolo_service:199 | [cam_002] Thời gian xử lý frame 72.12ms
2026-07-02 10:28:26 | DEBUG    | yolo_service:199 | [cam_002] Thời gian xử lý frame 81.03ms
2026-07-02 10:28:26 | DEBUG    | yolo_service:199 | [cam_001] Thời gian xử lý frame 134.92ms
2026-07-02 10:28:27 | DEBUG    | yolo_service:199 | [cam_002] Thời gian xử lý frame 112.75ms
2026-07-02 10:28:27 | DEBUG    | yolo_service:199 | [cam_001] Thời gian xử lý frame 77.99ms
2026-07-02 10:28:27 | DEBUG    | yolo_service:199 | [cam_002] Thời gian xử lý frame 81.19ms
2026-07-02 10:28:27 | DEBUG    | yolo_service:199 | [cam_001] Thời gian xử lý frame 95.93ms
2026-07-02 10:28:27 | DEBUG    | yolo_service:199 | [cam_002] Thời gian xử lý frame 45.35ms
2026-07-02 10:28:27 | DEBUG    | yolo_service:199 | [cam_001] Thời gian xử lý frame 36.72ms
2026-07-02 10:28:27 | DEBUG    | yolo_service:199 | [cam_001] Thời gian xử lý frame 26.01ms
2026-07-02 10:28:27 | DEBUG    | yolo_service:199 | [cam_002] Thời gian xử lý frame 34.98ms
2026-07-02 10:28:27 | DEBUG    | yolo_service:199 | [cam_002] Thời gian xử lý frame 48.49ms
2026-07-02 10:28:27 | DEBUG    | yolo_service:199 | [cam_002] Thời gian xử lý frame 41.54ms
2026-07-02 10:28:27 | DEBUG    | yolo_service:199 | [cam_001] Thời gian xử lý frame 97.53ms
2026-07-02 10:28:27 | DEBUG    | yolo_service:199 | [cam_002] Thời gian xử lý frame 46.94ms
2026-07-02 10:28:27 | DEBUG    | yolo_service:199 | [cam_002] Thời gian xử lý frame 47.68ms
2026-07-02 10:28:27 | DEBUG    | yolo_service:199 | [cam_001] Thời gian xử lý frame 98.70ms
2026-07-02 10:28:27 | DEBUG    | yolo_service:199 | [cam_002] Thời gian xử lý frame 38.70ms
2026-07-02 10:28:27 | DEBUG    | yolo_service:199 | [cam_002] Thời gian xử lý frame 32.72ms
2026-07-02 10:28:27 | DEBUG    | yolo_service:199 | [cam_001] Thời gian xử lý frame 159.06ms
2026-07-02 10:28:27 | DEBUG    | yolo_service:199 | [cam_002] Thời gian xử lý frame 102.14ms
2026-07-02 10:28:27 | DEBUG    | yolo_service:199 | [cam_001] Thời gian xử lý frame 42.57ms
2026-07-02 10:28:27 | DEBUG    | yolo_service:199 | [cam_002] Thời gian xử lý frame 40.83ms
2026-07-02 10:28:27 | DEBUG    | yolo_service:199 | [cam_002] Thời gian xử lý frame 29.25ms
2026-07-02 10:28:27 | DEBUG    | yolo_service:199 | [cam_002] Thời gian xử lý frame 19.85ms
2026-07-02 10:28:27 | DEBUG    | yolo_service:199 | [cam_001] Thời gian xử lý frame 89.84ms
2026-07-02 10:28:27 | DEBUG    | yolo_service:199 | [cam_002] Thời gian xử lý frame 28.27ms
2026-07-02 10:28:27 | DEBUG    | yolo_service:199 | [cam_002] Thời gian xử lý frame 33.01ms
2026-07-02 10:28:27 | DEBUG    | yolo_service:199 | [cam_002] Thời gian xử lý frame 37.20ms
2026-07-02 10:28:27 | DEBUG    | yolo_service:199 | [cam_001] Thời gian xử lý frame 98.09ms
2026-07-02 10:28:27 | DEBUG    | yolo_service:199 | [cam_002] Thời gian xử lý frame 29.35ms
2026-07-02 10:28:27 | DEBUG    | yolo_service:199 | [cam_002] Thời gian xử lý frame 25.33ms
2026-07-02 10:28:27 | DEBUG    | yolo_service:199 | [cam_002] Thời gian xử lý frame 26.12ms
2026-07-02 10:28:27 | DEBUG    | yolo_service:199 | [cam_002] Thời gian xử lý frame 25.29ms
2026-07-02 10:28:27 | DEBUG    | yolo_service:199 | [cam_002] Thời gian xử lý frame 29.00ms
2026-07-02 10:28:27 | DEBUG    | yolo_service:199 | [cam_002] Thời gian xử lý frame 29.51ms
2026-07-02 10:28:27 | DEBUG    | yolo_service:199 | [cam_001] Thời gian xử lý frame 164.09ms
2026-07-02 10:28:27 | DEBUG    | yolo_service:199 | [cam_002] Thời gian xử lý frame 38.59ms
2026-07-02 10:28:27 | DEBUG    | yolo_service:199 | [cam_001] Thời gian xử lý frame 27.53ms
2026-07-02 10:28:27 | DEBUG    | yolo_service:199 | [cam_002] Thời gian xử lý frame 28.13ms
2026-07-02 10:28:28 | DEBUG    | yolo_service:199 | [cam_002] Thời gian xử lý frame 24.43ms
2026-07-02 10:28:28 | DEBUG    | yolo_service:199 | [cam_002] Thời gian xử lý frame 27.75ms
2026-07-02 10:28:28 | DEBUG    | yolo_service:199 | [cam_001] Thời gian xử lý frame 92.61ms
2026-07-02 10:28:28 | DEBUG    | yolo_service:199 | [cam_002] Thời gian xử lý frame 31.45ms
2026-07-02 10:28:28 | DEBUG    | yolo_service:199 | [cam_002] Thời gian xử lý frame 29.86ms
2026-07-02 10:28:28 | DEBUG    | yolo_service:199 | [cam_002] Thời gian xử lý frame 40.26ms
2026-07-02 10:28:28 | DEBUG    | yolo_service:199 | [cam_001] Thời gian xử lý frame 100.89ms
2026-07-02 10:28:28 | DEBUG    | yolo_service:199 | [cam_002] Thời gian xử lý frame 31.66ms
2026-07-02 10:28:28 | DEBUG    | yolo_service:199 | [cam_002] Thời gian xử lý frame 28.24ms
2026-07-02 10:28:28 | DEBUG    | yolo_service:199 | [cam_002] Thời gian xử lý frame 35.42ms
2026-07-02 10:28:28 | DEBUG    | yolo_service:199 | [cam_002] Thời gian xử lý frame 38.10ms
2026-07-02 10:28:28 | DEBUG    | yolo_service:199 | [cam_002] Thời gian xử lý frame 32.84ms
2026-07-02 10:28:28 | DEBUG    | yolo_service:199 | [cam_001] Thời gian xử lý frame 163.26ms
2026-07-02 10:28:28 | DEBUG    | yolo_service:199 | [cam_002] Thời gian xử lý frame 27.58ms
2026-07-02 10:28:28 | DEBUG    | yolo_service:199 | [cam_002] Thời gian xử lý frame 26.68ms
2026-07-02 10:28:28 | DEBUG    | yolo_service:199 | [cam_002] Thời gian xử lý frame 37.00ms
2026-07-02 10:28:28 | DEBUG    | yolo_service:199 | [cam_001] Thời gian xử lý frame 95.98ms
2026-07-02 10:28:28 | DEBUG    | yolo_service:199 | [cam_002] Thời gian xử lý frame 26.19ms
2026-07-02 10:28:28 | DEBUG    | yolo_service:199 | [cam_002] Thời gian xử lý frame 26.83ms
2026-07-02 10:28:28 | DEBUG    | yolo_service:199 | [cam_002] Thời gian xử lý frame 28.40ms
2026-07-02 10:28:28 | DEBUG    | yolo_service:199 | [cam_001] Thời gian xử lý frame 96.68ms
2026-07-02 10:28:28 | DEBUG    | yolo_service:199 | [cam_002] Thời gian xử lý frame 30.12ms
2026-07-02 10:28:28 | DEBUG    | yolo_service:199 | [cam_002] Thời gian xử lý frame 27.31ms
2026-07-02 10:28:28 | DEBUG    | yolo_service:199 | [cam_002] Thời gian xử lý frame 31.58ms
2026-07-02 10:28:28 | DEBUG    | yolo_service:199 | [cam_001] Thời gian xử lý frame 97.64ms
2026-07-02 10:28:28 | DEBUG    | yolo_service:199 | [cam_002] Thời gian xử lý frame 32.05ms
2026-07-02 10:28:28 | DEBUG    | yolo_service:199 | [cam_002] Thời gian xử lý frame 27.75ms
2026-07-02 10:28:28 | DEBUG    | yolo_service:199 | [cam_002] Thời gian xử lý frame 26.64ms
2026-07-02 10:28:28 | DEBUG    | yolo_service:199 | [cam_001] Thời gian xử lý frame 91.08ms
2026-07-02 10:28:28 | DEBUG    | yolo_service:199 | [cam_002] Thời gian xử lý frame 26.33ms
2026-07-02 10:28:28 | DEBUG    | yolo_service:199 | [cam_002] Thời gian xử lý frame 32.42ms
2026-07-02 10:28:28 | DEBUG    | yolo_service:199 | [cam_002] Thời gian xử lý frame 41.15ms
2026-07-02 10:28:28 | DEBUG    | yolo_service:199 | [cam_001] Thời gian xử lý frame 106.91ms
2026-07-02 10:28:28 | DEBUG    | yolo_service:199 | [cam_002] Thời gian xử lý frame 33.91ms
2026-07-02 10:28:28 | DEBUG    | yolo_service:199 | [cam_002] Thời gian xử lý frame 32.23ms
2026-07-02 10:28:28 | DEBUG    | yolo_service:199 | [cam_002] Thời gian xử lý frame 31.09ms
2026-07-02 10:28:28 | DEBUG    | yolo_service:199 | [cam_001] Thời gian xử lý frame 100.90ms
2026-07-02 10:28:28 | DEBUG    | yolo_service:199 | [cam_002] Thời gian xử lý frame 27.42ms
2026-07-02 10:28:28 | DEBUG    | yolo_service:199 | [cam_002] Thời gian xử lý frame 29.94ms
2026-07-02 10:28:28 | DEBUG    | yolo_service:199 | [cam_002] Thời gian xử lý frame 29.52ms
2026-07-02 10:28:29 | DEBUG    | yolo_service:199 | [cam_001] Thời gian xử lý frame 98.26ms
2026-07-02 10:28:29 | DEBUG    | yolo_service:199 | [cam_002] Thời gian xử lý frame 32.83ms
2026-07-02 10:28:29 | DEBUG    | yolo_service:199 | [cam_002] Thời gian xử lý frame 29.08ms
2026-07-02 10:28:29 | DEBUG    | yolo_service:199 | [cam_002] Thời gian xử lý frame 26.23ms
2026-07-02 10:28:29 | DEBUG    | yolo_service:199 | [cam_002] Thời gian xử lý frame 31.61ms
2026-07-02 10:28:29 | DEBUG    | yolo_service:199 | [cam_001] Thời gian xử lý frame 96.66ms
2026-07-02 10:28:29 | DEBUG    | yolo_service:199 | [cam_002] Thời gian xử lý frame 78.03ms
2026-07-02 10:28:29 | DEBUG    | yolo_service:199 | [cam_001] Thời gian xử lý frame 96.29ms
2026-07-02 10:28:29 | DEBUG    | yolo_service:199 | [cam_002] Thời gian xử lý frame 63.01ms
2026-07-02 10:28:29 | DEBUG    | yolo_service:199 | [cam_001] Thời gian xử lý frame 97.50ms
2026-07-02 10:28:29 | DEBUG    | yolo_service:199 | [cam_002] Thời gian xử lý frame 63.07ms
2026-07-02 10:28:29 | DEBUG    | yolo_service:199 | [cam_002] Thời gian xử lý frame 25.74ms
2026-07-02 10:28:29 | DEBUG    | yolo_service:199 | [cam_002] Thời gian xử lý frame 26.96ms
2026-07-02 10:28:29 | DEBUG    | yolo_service:199 | [cam_001] Thời gian xử lý frame 94.36ms
2026-07-02 10:28:29 | DEBUG    | yolo_service:199 | [cam_002] Thời gian xử lý frame 70.11ms
2026-07-02 10:28:29 | DEBUG    | yolo_service:199 | [cam_002] Thời gian xử lý frame 21.79ms
2026-07-02 10:28:29 | DEBUG    | yolo_service:199 | [cam_001] Thời gian xử lý frame 93.55ms
2026-07-02 10:28:29 | DEBUG    | yolo_service:199 | [cam_002] Thời gian xử lý frame 67.97ms
2026-07-02 10:28:29 | DEBUG    | yolo_service:199 | [cam_001] Thời gian xử lý frame 98.28ms
2026-07-02 10:28:29 | DEBUG    | yolo_service:199 | [cam_002] Thời gian xử lý frame 65.23ms
2026-07-02 10:28:29 | DEBUG    | yolo_service:199 | [cam_002] Thời gian xử lý frame 26.47ms
2026-07-02 10:28:29 | DEBUG    | yolo_service:199 | [cam_002] Thời gian xử lý frame 27.39ms
2026-07-02 10:28:29 | DEBUG    | yolo_service:199 | [cam_001] Thời gian xử lý frame 90.37ms
2026-07-02 10:28:29 | DEBUG    | yolo_service:199 | [cam_002] Thời gian xử lý frame 68.36ms
2026-07-02 10:28:29 | DEBUG    | yolo_service:199 | [cam_002] Thời gian xử lý frame 22.61ms
2026-07-02 10:28:29 | DEBUG    | yolo_service:199 | [cam_002] Thời gian xử lý frame 50.10ms
2026-07-02 10:28:29 | DEBUG    | yolo_service:199 | [cam_001] Thời gian xử lý frame 129.62ms
2026-07-02 10:28:29 | DEBUG    | yolo_service:199 | [cam_002] Thời gian xử lý frame 31.96ms
2026-07-02 10:28:29 | DEBUG    | yolo_service:199 | [cam_002] Thời gian xử lý frame 24.46ms
2026-07-02 10:28:29 | DEBUG    | yolo_service:199 | [cam_001] Thời gian xử lý frame 92.00ms
2026-07-02 10:28:30 | DEBUG    | yolo_service:199 | [cam_002] Thời gian xử lý frame 273.81ms
2026-07-02 10:28:30 | DEBUG    | yolo_service:199 | [cam_001] Thời gian xử lý frame 221.22ms
2026-07-02 10:28:30 | DEBUG    | yolo_service:199 | [cam_001] Thời gian xử lý frame 22.75ms
2026-07-02 10:28:30 | DEBUG    | yolo_service:199 | [cam_002] Thời gian xử lý frame 23.89ms
2026-07-02 10:28:30 | DEBUG    | yolo_service:199 | [cam_002] Thời gian xử lý frame 28.54ms
2026-07-02 10:28:30 | DEBUG    | yolo_service:199 | [cam_001] Thời gian xử lý frame 122.12ms
2026-07-02 10:28:30 | DEBUG    | yolo_service:199 | [cam_002] Thời gian xử lý frame 102.54ms
2026-07-02 10:28:30 | DEBUG    | yolo_service:199 | [cam_001] Thời gian xử lý frame 41.93ms
2026-07-02 10:28:30 | DEBUG    | yolo_service:199 | [cam_002] Thời gian xử lý frame 42.66ms
2026-07-02 10:28:30 | DEBUG    | yolo_service:199 | [cam_001] Thời gian xử lý frame 41.12ms
2026-07-02 10:28:30 | DEBUG    | yolo_service:199 | [cam_002] Thời gian xử lý frame 35.67ms
2026-07-02 10:28:30 | DEBUG    | yolo_service:199 | [cam_002] Thời gian xử lý frame 32.71ms
2026-07-02 10:28:30 | DEBUG    | yolo_service:199 | [cam_001] Thời gian xử lý frame 86.17ms
2026-07-02 10:28:30 | DEBUG    | yolo_service:199 | [cam_002] Thời gian xử lý frame 74.21ms
2026-07-02 10:28:30 | DEBUG    | yolo_service:199 | [cam_001] Thời gian xử lý frame 94.12ms
2026-07-02 10:28:30 | DEBUG    | yolo_service:199 | [cam_002] Thời gian xử lý frame 63.43ms
2026-07-02 10:28:30 | DEBUG    | yolo_service:199 | [cam_001] Thời gian xử lý frame 17.28ms
2026-07-02 10:28:30 | DEBUG    | yolo_service:199 | [cam_002] Thời gian xử lý frame 18.13ms
2026-07-02 10:28:30 | DEBUG    | yolo_service:199 | [cam_002] Thời gian xử lý frame 17.01ms
2026-07-02 10:28:30 | DEBUG    | yolo_service:199 | [cam_002] Thời gian xử lý frame 101.60ms
2026-07-02 10:28:30 | DEBUG    | yolo_service:199 | [cam_001] Thời gian xử lý frame 150.27ms
2026-07-02 10:28:30 | DEBUG    | yolo_service:199 | [cam_001] Thời gian xử lý frame 20.64ms
2026-07-02 10:28:30 | DEBUG    | yolo_service:199 | [cam_002] Thời gian xử lý frame 60.20ms
2026-07-02 10:28:30 | DEBUG    | yolo_service:199 | [cam_002] Thời gian xử lý frame 32.22ms
2026-07-02 10:28:30 | DEBUG    | yolo_service:199 | [cam_002] Thời gian xử lý frame 57.36ms
2026-07-02 10:28:30 | DEBUG    | yolo_service:199 | [cam_001] Thời gian xử lý frame 153.06ms
2026-07-02 10:28:30 | DEBUG    | yolo_service:199 | [cam_002] Thời gian xử lý frame 58.05ms
2026-07-02 10:28:30 | DEBUG    | yolo_service:199 | [cam_002] Thời gian xử lý frame 16.15ms
2026-07-02 10:28:30 | DEBUG    | yolo_service:199 | [cam_001] Thời gian xử lý frame 85.72ms
2026-07-02 10:28:31 | DEBUG    | yolo_service:199 | [cam_002] Thời gian xử lý frame 60.55ms
2026-07-02 10:28:31 | DEBUG    | yolo_service:199 | [cam_002] Thời gian xử lý frame 20.82ms
2026-07-02 10:28:31 | DEBUG    | yolo_service:199 | [cam_002] Thời gian xử lý frame 59.22ms
2026-07-02 10:28:31 | DEBUG    | yolo_service:199 | [cam_001] Thời gian xử lý frame 83.69ms
2026-07-02 10:28:31 | DEBUG    | yolo_service:199 | [cam_001] Thời gian xử lý frame 14.74ms
2026-07-02 10:28:31 | DEBUG    | yolo_service:199 | [cam_002] Thời gian xử lý frame 17.13ms
2026-07-02 10:28:31 | DEBUG    | yolo_service:199 | [cam_002] Thời gian xử lý frame 57.81ms
2026-07-02 10:28:31 | DEBUG    | yolo_service:199 | [cam_002] Thời gian xử lý frame 17.25ms
2026-07-02 10:28:31 | DEBUG    | yolo_service:199 | [cam_001] Thời gian xử lý frame 85.32ms
2026-07-02 10:28:31 | DEBUG    | yolo_service:199 | [cam_002] Thời gian xử lý frame 57.35ms
2026-07-02 10:28:31 | DEBUG    | yolo_service:199 | [cam_002] Thời gian xử lý frame 14.41ms
2026-07-02 10:28:31 | DEBUG    | yolo_service:199 | [cam_001] Thời gian xử lý frame 84.29ms
2026-07-02 10:28:31 | DEBUG    | yolo_service:199 | [cam_002] Thời gian xử lý frame 56.54ms
2026-07-02 10:28:31 | DEBUG    | yolo_service:199 | [cam_001] Thời gian xử lý frame 86.24ms
2026-07-02 10:28:31 | DEBUG    | yolo_service:199 | [cam_002] Thời gian xử lý frame 59.10ms
2026-07-02 10:28:31 | DEBUG    | yolo_service:199 | [cam_002] Thời gian xử lý frame 18.16ms
2026-07-02 10:28:31 | DEBUG    | yolo_service:199 | [cam_002] Thời gian xử lý frame 58.63ms
2026-07-02 10:28:31 | DEBUG    | yolo_service:199 | [cam_002] Thời gian xử lý frame 17.33ms
2026-07-02 10:28:31 | DEBUG    | yolo_service:199 | [cam_001] Thời gian xử lý frame 163.99ms
2026-07-02 10:28:31 | DEBUG    | yolo_service:199 | [cam_002] Thời gian xử lý frame 103.37ms
2026-07-02 10:28:31 | DEBUG    | yolo_service:199 | [cam_001] Thời gian xử lý frame 95.35ms
2026-07-02 10:28:31 | DEBUG    | yolo_service:199 | [cam_002] Thời gian xử lý frame 65.64ms
2026-07-02 10:28:31 | DEBUG    | yolo_service:199 | [cam_002] Thời gian xử lý frame 21.42ms
2026-07-02 10:28:31 | DEBUG    | yolo_service:199 | [cam_002] Thời gian xử lý frame 23.03ms
2026-07-02 10:28:31 | DEBUG    | yolo_service:199 | [cam_001] Thời gian xử lý frame 79.63ms
2026-07-02 10:28:31 | DEBUG    | yolo_service:199 | [cam_002] Thời gian xử lý frame 67.41ms
2026-07-02 10:28:31 | DEBUG    | yolo_service:199 | [cam_001] Thời gian xử lý frame 84.05ms
2026-07-02 10:28:31 | DEBUG    | yolo_service:199 | [cam_002] Thời gian xử lý frame 62.04ms
2026-07-02 10:28:31 | DEBUG    | yolo_service:199 | [cam_002] Thời gian xử lý frame 28.91ms
2026-07-02 10:28:31 | DEBUG    | yolo_service:199 | [cam_001] Thời gian xử lý frame 127.27ms
2026-07-02 10:28:31 | DEBUG    | yolo_service:199 | [cam_002] Thời gian xử lý frame 69.70ms
2026-07-02 10:28:31 | DEBUG    | yolo_service:199 | [cam_001] Thời gian xử lý frame 18.38ms
2026-07-02 10:28:31 | DEBUG    | yolo_service:199 | [cam_002] Thời gian xử lý frame 23.29ms
2026-07-02 10:28:31 | DEBUG    | yolo_service:199 | [cam_001] Thời gian xử lý frame 22.81ms
2026-07-02 10:28:31 | DEBUG    | yolo_service:199 | [cam_002] Thời gian xử lý frame 26.81ms
2026-07-02 10:28:31 | DEBUG    | yolo_service:199 | [cam_002] Thời gian xử lý frame 23.65ms
2026-07-02 10:28:32 | DEBUG    | yolo_service:199 | [cam_002] Thời gian xử lý frame 67.56ms
2026-07-02 10:28:32 | DEBUG    | yolo_service:199 | [cam_002] Thời gian xử lý frame 29.94ms
2026-07-02 10:28:32 | DEBUG    | yolo_service:199 | [cam_002] Thời gian xử lý frame 29.48ms
2026-07-02 10:28:32 | DEBUG    | yolo_service:199 | [cam_001] Thời gian xử lý frame 161.99ms
2026-07-02 10:28:32 | DEBUG    | yolo_service:199 | [cam_001] Thời gian xử lý frame 24.07ms
2026-07-02 10:28:32 | DEBUG    | yolo_service:199 | [cam_002] Thời gian xử lý frame 31.02ms
2026-07-02 10:28:32 | DEBUG    | yolo_service:199 | [cam_001] Thời gian xử lý frame 21.59ms
2026-07-02 10:28:32 | DEBUG    | yolo_service:199 | [cam_002] Thời gian xử lý frame 63.40ms
2026-07-02 10:28:32 | DEBUG    | yolo_service:199 | [cam_001] Thời gian xử lý frame 81.74ms
2026-07-02 10:28:32 | DEBUG    | yolo_service:199 | [cam_002] Thời gian xử lý frame 57.26ms
2026-07-02 10:28:32 | DEBUG    | yolo_service:199 | [cam_002] Thời gian xử lý frame 58.88ms
2026-07-02 10:28:32 | DEBUG    | yolo_service:199 | [cam_001] Thời gian xử lý frame 106.97ms
2026-07-02 10:28:32 | DEBUG    | yolo_service:199 | [cam_002] Thời gian xử lý frame 35.47ms
2026-07-02 10:28:32 | DEBUG    | yolo_service:199 | [cam_001] Thời gian xử lý frame 19.37ms
2026-07-02 10:28:32 | DEBUG    | yolo_service:199 | [cam_002] Thời gian xử lý frame 27.44ms
2026-07-02 10:28:32 | DEBUG    | yolo_service:199 | [cam_002] Thời gian xử lý frame 22.17ms
2026-07-02 10:28:32 | DEBUG    | yolo_service:199 | [cam_001] Thời gian xử lý frame 84.15ms
2026-07-02 10:28:32 | DEBUG    | yolo_service:199 | [cam_002] Thời gian xử lý frame 57.86ms
2026-07-02 10:28:32 | DEBUG    | yolo_service:199 | [cam_002] Thời gian xử lý frame 69.44ms
2026-07-02 10:28:32 | DEBUG    | yolo_service:199 | [cam_001] Thời gian xử lý frame 92.38ms
2026-07-02 10:28:32 | DEBUG    | yolo_service:199 | [cam_002] Thời gian xử lý frame 23.68ms
2026-07-02 10:28:32 | DEBUG    | yolo_service:199 | [cam_002] Thời gian xử lý frame 31.90ms
2026-07-02 10:28:32 | DEBUG    | yolo_service:199 | [cam_002] Thời gian xử lý frame 22.74ms
2026-07-02 10:28:32 | DEBUG    | heartbeat_service:58 | 💓 Nhịp tim gửi Master: {'server_id': 'SV_004', 'cpu_usage': 82.5, 'has_gpu': True, 'gpu_usage': 0, 'vram_free_gb': 3.51, 'max_cam': 2}
2026-07-02 10:28:32 | DEBUG    | connectionpool:241 | Starting new HTTP connection (1): 10.40.91.11:5000
2026-07-02 10:28:32 | DEBUG    | yolo_service:199 | [cam_002] Thời gian xử lý frame 18.30ms
2026-07-02 10:28:32 | DEBUG    | connectionpool:544 | http://10.40.91.11:5000 "POST /api/heartbeat HTTP/1.1" 200 68
2026-07-02 10:28:32 | DEBUG    | yolo_service:199 | [cam_001] Thời gian xử lý frame 160.27ms
2026-07-02 10:28:32 | DEBUG    | yolo_service:199 | [cam_002] Thời gian xử lý frame 62.98ms
2026-07-02 10:28:32 | DEBUG    | yolo_service:199 | [cam_001] Thời gian xử lý frame 22.59ms
2026-07-02 10:28:32 | DEBUG    | yolo_service:199 | [cam_002] Thời gian xử lý frame 24.05ms
2026-07-02 10:28:32 | DEBUG    | yolo_service:199 | [cam_001] Thời gian xử lý frame 19.05ms
2026-07-02 10:28:32 | DEBUG    | yolo_service:199 | [cam_002] Thời gian xử lý frame 61.01ms
2026-07-02 10:28:32 | DEBUG    | yolo_service:199 | [cam_002] Thời gian xử lý frame 23.80ms
2026-07-02 10:28:32 | DEBUG    | yolo_service:199 | [cam_002] Thời gian xử lý frame 58.45ms
2026-07-02 10:28:32 | DEBUG    | yolo_service:199 | [cam_001] Thời gian xử lý frame 160.32ms
2026-07-02 10:28:32 | DEBUG    | yolo_service:199 | [cam_002] Thời gian xử lý frame 62.68ms
2026-07-02 10:28:32 | DEBUG    | yolo_service:199 | [cam_002] Thời gian xử lý frame 17.94ms
2026-07-02 10:28:33 | DEBUG    | yolo_service:199 | [cam_001] Thời gian xử lý frame 85.50ms
2026-07-02 10:28:33 | DEBUG    | yolo_service:199 | [cam_002] Thời gian xử lý frame 60.68ms
2026-07-02 10:28:33 | DEBUG    | yolo_service:199 | [cam_002] Thời gian xử lý frame 18.72ms
2026-07-02 10:28:33 | DEBUG    | yolo_service:199 | [cam_001] Thời gian xử lý frame 84.68ms
2026-07-02 10:28:33 | DEBUG    | yolo_service:199 | [cam_001] Thời gian xử lý frame 35.32ms
2026-07-02 10:28:33 | DEBUG    | yolo_service:199 | [cam_002] Thời gian xử lý frame 72.88ms
2026-07-02 10:28:33 | DEBUG    | yolo_service:199 | [cam_002] Thời gian xử lý frame 22.29ms
2026-07-02 10:28:33 | DEBUG    | yolo_service:199 | [cam_002] Thời gian xử lý frame 17.33ms
2026-07-02 10:28:33 | DEBUG    | yolo_service:199 | [cam_001] Thời gian xử lý frame 81.87ms
2026-07-02 10:28:33 | DEBUG    | yolo_service:199 | [cam_002] Thời gian xử lý frame 62.27ms
2026-07-02 10:28:33 | DEBUG    | yolo_service:199 | [cam_002] Thời gian xử lý frame 24.68ms
2026-07-02 10:28:33 | DEBUG    | yolo_service:199 | [cam_002] Thời gian xử lý frame 62.15ms
2026-07-02 10:28:33 | DEBUG    | yolo_service:199 | [cam_002] Thời gian xử lý frame 22.04ms
2026-07-02 10:28:33 | DEBUG    | yolo_service:199 | [cam_001] Thời gian xử lý frame 157.50ms
2026-07-02 10:28:33 | DEBUG    | yolo_service:199 | [cam_002] Thời gian xử lý frame 61.22ms
2026-07-02 10:28:33 | DEBUG    | yolo_service:199 | [cam_002] Thời gian xử lý frame 20.38ms
2026-07-02 10:28:33 | DEBUG    | yolo_service:199 | [cam_001] Thời gian xử lý frame 89.47ms
2026-07-02 10:28:33 | DEBUG    | yolo_service:199 | [cam_002] Thời gian xử lý frame 67.32ms
2026-07-02 10:28:33 | DEBUG    | yolo_service:199 | [cam_001] Thời gian xử lý frame 94.05ms
2026-07-02 10:28:33 | DEBUG    | yolo_service:199 | [cam_002] Thời gian xử lý frame 71.06ms
2026-07-02 10:28:33 | DEBUG    | yolo_service:199 | [cam_002] Thời gian xử lý frame 27.09ms
2026-07-02 10:28:33 | DEBUG    | yolo_service:199 | [cam_002] Thời gian xử lý frame 38.86ms
2026-07-02 10:28:33 | DEBUG    | yolo_service:199 | [cam_002] Thời gian xử lý frame 22.88ms
2026-07-02 10:28:33 | DEBUG    | yolo_service:199 | [cam_002] Thời gian xử lý frame 19.57ms
2026-07-02 10:28:33 | DEBUG    | yolo_service:199 | [cam_002] Thời gian xử lý frame 30.97ms
2026-07-02 10:28:33 | DEBUG    | yolo_service:199 | [cam_001] Thời gian xử lý frame 182.07ms
2026-07-02 10:28:33 | DEBUG    | yolo_service:199 | [cam_002] Thời gian xử lý frame 39.82ms
2026-07-02 10:28:33 | DEBUG    | yolo_service:199 | [cam_002] Thời gian xử lý frame 67.72ms
2026-07-02 10:28:33 | DEBUG    | yolo_service:199 | [cam_001] Thời gian xử lý frame 94.68ms
2026-07-02 10:28:33 | DEBUG    | yolo_service:199 | [cam_002] Thời gian xử lý frame 60.36ms
2026-07-02 10:28:33 | DEBUG    | yolo_service:199 | [cam_002] Thời gian xử lý frame 28.36ms
2026-07-02 10:28:33 | DEBUG    | yolo_service:199 | [cam_001] Thời gian xử lý frame 101.69ms
2026-07-02 10:28:33 | DEBUG    | yolo_service:199 | [cam_002] Thời gian xử lý frame 36.55ms
2026-07-02 10:28:33 | DEBUG    | yolo_service:199 | [cam_001] Thời gian xử lý frame 28.00ms
2026-07-02 10:28:34 | DEBUG    | yolo_service:199 | [cam_002] Thời gian xử lý frame 59.13ms
2026-07-02 10:28:34 | DEBUG    | yolo_service:199 | [cam_001] Thời gian xử lý frame 95.39ms
2026-07-02 10:28:34 | DEBUG    | yolo_service:199 | [cam_002] Thời gian xử lý frame 66.44ms
2026-07-02 10:28:34 | DEBUG    | yolo_service:199 | [cam_002] Thời gian xử lý frame 24.05ms
2026-07-02 10:28:34 | DEBUG    | yolo_service:199 | [cam_001] Thời gian xử lý frame 96.11ms
2026-07-02 10:28:34 | DEBUG    | yolo_service:199 | [cam_002] Thời gian xử lý frame 74.00ms
2026-07-02 10:28:34 | DEBUG    | yolo_service:199 | [cam_002] Thời gian xử lý frame 29.62ms
2026-07-02 10:28:34 | DEBUG    | yolo_service:199 | [cam_002] Thời gian xử lý frame 26.91ms
2026-07-02 10:28:34 | DEBUG    | yolo_service:199 | [cam_002] Thời gian xử lý frame 27.21ms
2026-07-02 10:28:34 | DEBUG    | yolo_service:199 | [cam_001] Thời gian xử lý frame 170.12ms
2026-07-02 10:28:34 | DEBUG    | yolo_service:199 | [cam_002] Thời gian xử lý frame 76.89ms
2026-07-02 10:28:34 | DEBUG    | yolo_service:199 | [cam_002] Thời gian xử lý frame 22.85ms
2026-07-02 10:28:34 | DEBUG    | yolo_service:199 | [cam_002] Thời gian xử lý frame 28.38ms
2026-07-02 10:28:34 | DEBUG    | yolo_service:199 | [cam_001] Thời gian xử lý frame 406.85ms
2026-07-02 10:28:34 | DEBUG    | yolo_service:199 | [cam_002] Thời gian xử lý frame 337.30ms
2026-07-02 10:28:34 | DEBUG    | yolo_service:199 | [cam_001] Thời gian xử lý frame 19.24ms
2026-07-02 10:28:34 | DEBUG    | yolo_service:199 | [cam_002] Thời gian xử lý frame 21.26ms
2026-07-02 10:28:34 | DEBUG    | yolo_service:199 | [cam_002] Thời gian xử lý frame 19.96ms
2026-07-02 10:28:34 | DEBUG    | yolo_service:199 | [cam_002] Thời gian xử lý frame 59.79ms
2026-07-02 10:28:34 | DEBUG    | yolo_service:199 | [cam_002] Thời gian xử lý frame 20.84ms
2026-07-02 10:28:34 | DEBUG    | yolo_service:199 | [cam_001] Thời gian xử lý frame 153.62ms
2026-07-02 10:28:34 | DEBUG    | yolo_service:199 | [cam_002] Thời gian xử lý frame 58.93ms
2026-07-02 10:28:34 | DEBUG    | yolo_service:199 | [cam_002] Thời gian xử lý frame 21.26ms
2026-07-02 10:28:35 | DEBUG    | yolo_service:199 | [cam_001] Thời gian xử lý frame 85.61ms
2026-07-02 10:28:35 | DEBUG    | yolo_service:199 | [cam_002] Thời gian xử lý frame 57.19ms
2026-07-02 10:28:35 | DEBUG    | yolo_service:199 | [cam_002] Thời gian xử lý frame 66.20ms
2026-07-02 10:28:35 | DEBUG    | yolo_service:199 | [cam_001] Thời gian xử lý frame 97.49ms
2026-07-02 10:28:35 | DEBUG    | yolo_service:199 | [cam_001] Thời gian xử lý frame 22.32ms
2026-07-02 10:28:35 | DEBUG    | yolo_service:199 | [cam_002] Thời gian xử lý frame 68.85ms
2026-07-02 10:28:35 | DEBUG    | yolo_service:199 | [cam_001] Thời gian xử lý frame 28.56ms
2026-07-02 10:28:35 | DEBUG    | yolo_service:199 | [cam_002] Thời gian xử lý frame 62.48ms
2026-07-02 10:28:35 | DEBUG    | yolo_service:199 | [cam_002] Thời gian xử lý frame 30.64ms
2026-07-02 10:28:35 | DEBUG    | yolo_service:199 | [cam_002] Thời gian xử lý frame 23.99ms
2026-07-02 10:28:35 | DEBUG    | yolo_service:199 | [cam_001] Thời gian xử lý frame 170.37ms
2026-07-02 10:28:35 | DEBUG    | yolo_service:199 | [cam_002] Thời gian xử lý frame 70.51ms
2026-07-02 10:28:35 | DEBUG    | yolo_service:199 | [cam_002] Thời gian xử lý frame 36.50ms
2026-07-02 10:28:35 | DEBUG    | yolo_service:199 | [cam_002] Thời gian xử lý frame 26.24ms
2026-07-02 10:28:35 | DEBUG    | yolo_service:199 | [cam_001] Thời gian xử lý frame 87.64ms
2026-07-02 10:28:35 | DEBUG    | yolo_service:199 | [cam_002] Thời gian xử lý frame 25.87ms
2026-07-02 10:28:35 | DEBUG    | yolo_service:199 | [cam_002] Thời gian xử lý frame 59.57ms
2026-07-02 10:28:35 | DEBUG    | yolo_service:199 | [cam_001] Thời gian xử lý frame 83.93ms
2026-07-02 10:28:35 | DEBUG    | yolo_service:199 | [cam_002] Thời gian xử lý frame 74.23ms
2026-07-02 10:28:35 | DEBUG    | yolo_service:199 | [cam_001] Thời gian xử lý frame 89.95ms
2026-07-02 10:28:35 | DEBUG    | yolo_service:199 | [cam_002] Thời gian xử lý frame 24.65ms
2026-07-02 10:28:35 | DEBUG    | yolo_service:199 | [cam_002] Thời gian xử lý frame 23.82ms
2026-07-02 10:28:35 | DEBUG    | yolo_service:199 | [cam_001] Thời gian xử lý frame 91.15ms
2026-07-02 10:28:35 | DEBUG    | yolo_service:199 | [cam_002] Thời gian xử lý frame 64.03ms
2026-07-02 10:28:35 | DEBUG    | yolo_service:199 | [cam_001] Thời gian xử lý frame 38.13ms
2026-07-02 10:28:35 | DEBUG    | yolo_service:199 | [cam_002] Thời gian xử lý frame 37.88ms
2026-07-02 10:28:35 | DEBUG    | yolo_service:199 | [cam_002] Thời gian xử lý frame 29.92ms
2026-07-02 10:28:35 | DEBUG    | yolo_service:199 | [cam_002] Thời gian xử lý frame 21.49ms
2026-07-02 10:28:35 | DEBUG    | yolo_service:199 | [cam_001] Thời gian xử lý frame 86.14ms
2026-07-02 10:28:35 | DEBUG    | yolo_service:199 | [cam_002] Thời gian xử lý frame 68.02ms
2026-07-02 10:28:35 | DEBUG    | yolo_service:199 | [cam_002] Thời gian xử lý frame 21.34ms
2026-07-02 10:28:35 | DEBUG    | yolo_service:199 | [cam_001] Thời gian xử lý frame 87.29ms
2026-07-02 10:28:35 | DEBUG    | yolo_service:199 | [cam_002] Thời gian xử lý frame 22.75ms
2026-07-02 10:28:35 | DEBUG    | yolo_service:199 | [cam_001] Thời gian xử lý frame 18.22ms
2026-07-02 10:28:35 | DEBUG    | yolo_service:199 | [cam_002] Thời gian xử lý frame 59.22ms
2026-07-02 10:28:36 | DEBUG    | yolo_service:199 | [cam_001] Thời gian xử lý frame 86.00ms
2026-07-02 10:28:36 | DEBUG    | yolo_service:199 | [cam_002] Thời gian xử lý frame 57.05ms
2026-07-02 10:28:36 | DEBUG    | yolo_service:199 | [cam_002] Thời gian xử lý frame 62.72ms
2026-07-02 10:28:36 | DEBUG    | yolo_service:199 | [cam_001] Thời gian xử lý frame 85.77ms
2026-07-02 10:28:36 | DEBUG    | yolo_service:199 | [cam_002] Thời gian xử lý frame 17.83ms
2026-07-02 10:28:36 | DEBUG    | yolo_service:199 | [cam_001] Thời gian xử lý frame 18.21ms
2026-07-02 10:28:36 | DEBUG    | yolo_service:199 | [cam_002] Thời gian xử lý frame 68.77ms
2026-07-02 10:28:36 | DEBUG    | yolo_service:199 | [cam_002] Thời gian xử lý frame 21.46ms
2026-07-02 10:28:36 | DEBUG    | yolo_service:199 | [cam_001] Thời gian xử lý frame 88.53ms
2026-07-02 10:28:36 | DEBUG    | yolo_service:199 | [cam_002] Thời gian xử lý frame 58.79ms
2026-07-02 10:28:36 | DEBUG    | yolo_service:199 | [cam_002] Thời gian xử lý frame 24.84ms
2026-07-02 10:28:36 | DEBUG    | yolo_service:199 | [cam_001] Thời gian xử lý frame 96.02ms
2026-07-02 10:28:36 | DEBUG    | yolo_service:199 | [cam_002] Thời gian xử lý frame 74.06ms
2026-07-02 10:28:36 | DEBUG    | yolo_service:199 | [cam_002] Thời gian xử lý frame 21.27ms
2026-07-02 10:28:36 | DEBUG    | yolo_service:199 | [cam_001] Thời gian xử lý frame 86.56ms
2026-07-02 10:28:36 | DEBUG    | yolo_service:199 | [cam_002] Thời gian xử lý frame 22.30ms
2026-07-02 10:28:36 | DEBUG    | yolo_service:199 | [cam_002] Thời gian xử lý frame 58.00ms
2026-07-02 10:28:36 | DEBUG    | yolo_service:199 | [cam_001] Thời gian xử lý frame 84.07ms
2026-07-02 10:28:36 | DEBUG    | yolo_service:199 | [cam_002] Thời gian xử lý frame 22.35ms
2026-07-02 10:28:36 | DEBUG    | yolo_service:199 | [cam_002] Thời gian xử lý frame 60.45ms
2026-07-02 10:28:36 | DEBUG    | yolo_service:199 | [cam_001] Thời gian xử lý frame 80.65ms
2026-07-02 10:28:36 | DEBUG    | yolo_service:199 | [cam_002] Thời gian xử lý frame 62.34ms
2026-07-02 10:28:36 | DEBUG    | yolo_service:199 | [cam_002] Thời gian xử lý frame 35.55ms
2026-07-02 10:28:36 | DEBUG    | yolo_service:199 | [cam_002] Thời gian xử lý frame 42.94ms
2026-07-02 10:28:36 | DEBUG    | yolo_service:199 | [cam_001] Thời gian xử lý frame 159.80ms
2026-07-02 10:28:36 | DEBUG    | yolo_service:199 | [cam_002] Thời gian xử lý frame 31.58ms
2026-07-02 10:28:36 | DEBUG    | yolo_service:199 | [cam_002] Thời gian xử lý frame 25.63ms
2026-07-02 10:28:36 | DEBUG    | yolo_service:199 | [cam_002] Thời gian xử lý frame 26.66ms
2026-07-02 10:28:36 | DEBUG    | yolo_service:199 | [cam_001] Thời gian xử lý frame 102.40ms
2026-07-02 10:28:36 | DEBUG    | yolo_service:199 | [cam_002] Thời gian xử lý frame 65.29ms
2026-07-02 10:28:36 | DEBUG    | yolo_service:199 | [cam_002] Thời gian xử lý frame 22.62ms
2026-07-02 10:28:36 | DEBUG    | yolo_service:199 | [cam_002] Thời gian xử lý frame 30.14ms
2026-07-02 10:28:36 | DEBUG    | yolo_service:199 | [cam_001] Thời gian xử lý frame 84.46ms
2026-07-02 10:28:36 | DEBUG    | yolo_service:199 | [cam_002] Thời gian xử lý frame 23.72ms
2026-07-02 10:28:36 | DEBUG    | yolo_service:199 | [cam_002] Thời gian xử lý frame 68.24ms
2026-07-02 10:28:36 | DEBUG    | yolo_service:199 | [cam_001] Thời gian xử lý frame 85.49ms
2026-07-02 10:28:37 | DEBUG    | yolo_service:199 | [cam_002] Thời gian xử lý frame 26.22ms
2026-07-02 10:28:37 | DEBUG    | yolo_service:199 | [cam_002] Thời gian xử lý frame 22.24ms
2026-07-02 10:28:37 | DEBUG    | yolo_service:199 | [cam_001] Thời gian xử lý frame 85.38ms
2026-07-02 10:28:37 | DEBUG    | yolo_service:199 | [cam_002] Thời gian xử lý frame 60.99ms
2026-07-02 10:28:37 | DEBUG    | yolo_service:199 | [cam_002] Thời gian xử lý frame 28.04ms
2026-07-02 10:28:37 | DEBUG    | yolo_service:199 | [cam_002] Thời gian xử lý frame 27.64ms
2026-07-02 10:28:37 | DEBUG    | yolo_service:199 | [cam_001] Thời gian xử lý frame 93.61ms
2026-07-02 10:28:37 | DEBUG    | yolo_service:199 | [cam_002] Thời gian xử lý frame 62.53ms
2026-07-02 10:28:37 | DEBUG    | yolo_service:199 | [cam_002] Thời gian xử lý frame 25.03ms
2026-07-02 10:28:37 | DEBUG    | yolo_service:199 | [cam_001] Thời gian xử lý frame 120.77ms
2026-07-02 10:28:37 | DEBUG    | yolo_service:199 | [cam_002] Thời gian xử lý frame 66.21ms
2026-07-02 10:28:37 | DEBUG    | yolo_service:199 | [cam_001] Thời gian xử lý frame 22.78ms
2026-07-02 10:28:37 | DEBUG    | yolo_service:199 | [cam_002] Thời gian xử lý frame 18.78ms
2026-07-02 10:28:37 | DEBUG    | yolo_service:199 | [cam_002] Thời gian xử lý frame 22.59ms
2026-07-02 10:28:37 | DEBUG    | yolo_service:199 | [cam_002] Thời gian xử lý frame 62.29ms
2026-07-02 10:28:37 | DEBUG    | yolo_service:199 | [cam_002] Thời gian xử lý frame 28.37ms
2026-07-02 10:28:37 | DEBUG    | yolo_service:199 | [cam_002] Thời gian xử lý frame 20.31ms
2026-07-02 10:28:37 | DEBUG    | yolo_service:199 | [cam_002] Thời gian xử lý frame 60.86ms
2026-07-02 10:28:37 | DEBUG    | yolo_service:199 | [cam_002] Thời gian xử lý frame 65.06ms
2026-07-02 10:28:37 | DEBUG    | yolo_service:199 | [cam_002] Thời gian xử lý frame 60.86ms
2026-07-02 10:28:37 | DEBUG    | yolo_service:199 | [cam_002] Thời gian xử lý frame 25.22ms
2026-07-02 10:28:37 | DEBUG    | yolo_service:199 | [cam_002] Thời gian xử lý frame 33.36ms
2026-07-02 10:28:37 | DEBUG    | yolo_service:199 | [cam_002] Thời gian xử lý frame 59.52ms
2026-07-02 10:28:37 | DEBUG    | yolo_service:199 | [cam_002] Thời gian xử lý frame 77.19ms
2026-07-02 10:28:37 | DEBUG    | yolo_service:199 | [cam_002] Thời gian xử lý frame 27.29ms
2026-07-02 10:28:37 | DEBUG    | yolo_service:199 | [cam_002] Thời gian xử lý frame 29.91ms
2026-07-02 10:28:37 | DEBUG    | yolo_service:199 | [cam_002] Thời gian xử lý frame 68.15ms
2026-07-02 10:28:38 | DEBUG    | yolo_service:199 | [cam_002] Thời gian xử lý frame 36.70ms
2026-07-02 10:28:38 | DEBUG    | yolo_service:199 | [cam_002] Thời gian xử lý frame 27.14ms
2026-07-02 10:28:38 | DEBUG    | yolo_service:199 | [cam_002] Thời gian xử lý frame 28.33ms
2026-07-02 10:28:38 | DEBUG    | yolo_service:199 | [cam_002] Thời gian xử lý frame 64.28ms
2026-07-02 10:28:38 | DEBUG    | yolo_service:199 | [cam_002] Thời gian xử lý frame 76.96ms
2026-07-02 10:28:38 | DEBUG    | yolo_service:199 | [cam_002] Thời gian xử lý frame 32.09ms
2026-07-02 10:28:38 | DEBUG    | yolo_service:199 | [cam_002] Thời gian xử lý frame 27.92ms
2026-07-02 10:28:38 | DEBUG    | yolo_service:199 | [cam_002] Thời gian xử lý frame 33.28ms
2026-07-02 10:28:38 | DEBUG    | yolo_service:199 | [cam_002] Thời gian xử lý frame 60.32ms
2026-07-02 10:28:38 | DEBUG    | yolo_service:199 | [cam_002] Thời gian xử lý frame 23.24ms
2026-07-02 10:28:38 | DEBUG    | yolo_service:199 | [cam_002] Thời gian xử lý frame 24.74ms
2026-07-02 10:28:38 | DEBUG    | yolo_service:199 | [cam_002] Thời gian xử lý frame 60.47ms
2026-07-02 10:28:38 | DEBUG    | yolo_service:199 | [cam_002] Thời gian xử lý frame 62.27ms
2026-07-02 10:28:38 | DEBUG    | yolo_service:199 | [cam_002] Thời gian xử lý frame 23.26ms
2026-07-02 10:28:38 | DEBUG    | yolo_service:199 | [cam_002] Thời gian xử lý frame 29.08ms
2026-07-02 10:28:38 | DEBUG    | yolo_service:199 | [cam_002] Thời gian xử lý frame 72.80ms
2026-07-02 10:28:38 | DEBUG    | yolo_service:199 | [cam_002] Thời gian xử lý frame 64.94ms
2026-07-02 10:28:38 | DEBUG    | heartbeat_service:58 | 💓 Nhịp tim gửi Master: {'server_id': 'SV_004', 'cpu_usage': 78.1, 'has_gpu': True, 'gpu_usage': 0, 'vram_free_gb': 3.49, 'max_cam': 2}
2026-07-02 10:28:38 | DEBUG    | connectionpool:241 | Starting new HTTP connection (1): 10.40.91.11:5000
2026-07-02 10:28:38 | DEBUG    | yolo_service:199 | [cam_002] Thời gian xử lý frame 63.37ms
2026-07-02 10:28:38 | DEBUG    | connectionpool:544 | http://10.40.91.11:5000 "POST /api/heartbeat HTTP/1.1" 200 68
2026-07-02 10:28:38 | DEBUG    | yolo_service:199 | [cam_002] Thời gian xử lý frame 66.58ms
2026-07-02 10:28:38 | DEBUG    | yolo_service:199 | [cam_002] Thời gian xử lý frame 47.91ms
2026-07-02 10:28:39 | DEBUG    | yolo_service:199 | [cam_002] Thời gian xử lý frame 118.87ms
2026-07-02 10:28:39 | DEBUG    | yolo_service:199 | [cam_002] Thời gian xử lý frame 47.46ms
2026-07-02 10:28:39 | DEBUG    | yolo_service:199 | [cam_002] Thời gian xử lý frame 53.33ms
2026-07-02 10:28:39 | DEBUG    | yolo_service:199 | [cam_002] Thời gian xử lý frame 68.73ms
2026-07-02 10:28:39 | DEBUG    | yolo_service:199 | [cam_002] Thời gian xử lý frame 38.36ms
2026-07-02 10:28:39 | DEBUG    | yolo_service:199 | [cam_002] Thời gian xử lý frame 62.82ms
2026-07-02 10:28:39 | DEBUG    | yolo_service:199 | [cam_002] Thời gian xử lý frame 39.20ms
2026-07-02 10:28:39 | DEBUG    | yolo_service:199 | [cam_002] Thời gian xử lý frame 44.08ms
2026-07-02 10:28:39 | DEBUG    | yolo_service:199 | [cam_002] Thời gian xử lý frame 42.53ms
2026-07-02 10:28:39 | DEBUG    | yolo_service:199 | [cam_002] Thời gian xử lý frame 34.62ms
2026-07-02 10:28:39 | DEBUG    | yolo_service:199 | [cam_002] Thời gian xử lý frame 46.19ms
2026-07-02 10:28:39 | DEBUG    | yolo_service:199 | [cam_002] Thời gian xử lý frame 41.87ms
2026-07-02 10:28:39 | DEBUG    | yolo_service:199 | [cam_002] Thời gian xử lý frame 36.04ms
2026-07-02 10:28:39 | DEBUG    | yolo_service:199 | [cam_002] Thời gian xử lý frame 36.50ms
2026-07-02 10:28:39 | DEBUG    | yolo_service:199 | [cam_001] Thời gian xử lý frame 2376.83ms
2026-07-02 10:28:39 | DEBUG    | yolo_service:199 | [cam_001] Thời gian xử lý frame 249.62ms
2026-07-02 10:28:39 | DEBUG    | yolo_service:199 | [cam_002] Thời gian xử lý frame 252.11ms
2026-07-02 10:28:39 | DEBUG    | yolo_service:199 | [cam_002] Thời gian xử lý frame 33.75ms
2026-07-02 10:28:39 | DEBUG    | yolo_service:199 | [cam_001] Thời gian xử lý frame 37.22ms
2026-07-02 10:28:40 | DEBUG    | yolo_service:199 | [cam_002] Thời gian xử lý frame 85.26ms
2026-07-02 10:28:40 | DEBUG    | yolo_service:199 | [cam_001] Thời gian xử lý frame 101.29ms
2026-07-02 10:28:40 | DEBUG    | yolo_service:199 | [cam_002] Thời gian xử lý frame 38.99ms
2026-07-02 10:28:40 | DEBUG    | yolo_service:199 | [cam_002] Thời gian xử lý frame 28.74ms
2026-07-02 10:28:40 | DEBUG    | yolo_service:199 | [cam_001] Thời gian xử lý frame 68.71ms
2026-07-02 10:28:40 | DEBUG    | yolo_service:199 | [cam_002] Thời gian xử lý frame 22.67ms
2026-07-02 10:28:40 | DEBUG    | yolo_service:199 | [cam_002] Thời gian xử lý frame 87.14ms
2026-07-02 10:28:40 | DEBUG    | yolo_service:199 | [cam_001] Thời gian xử lý frame 100.18ms
2026-07-02 10:28:40 | DEBUG    | yolo_service:199 | [cam_002] Thời gian xử lý frame 29.86ms
2026-07-02 10:28:40 | DEBUG    | yolo_service:199 | [cam_002] Thời gian xử lý frame 30.11ms
2026-07-02 10:28:40 | DEBUG    | yolo_service:199 | [cam_001] Thời gian xử lý frame 56.10ms
2026-07-02 10:28:40 | DEBUG    | yolo_service:199 | [cam_002] Thời gian xử lý frame 31.91ms
2026-07-02 10:28:40 | DEBUG    | yolo_service:199 | [cam_002] Thời gian xử lý frame 32.93ms
2026-07-02 10:28:40 | DEBUG    | yolo_service:199 | [cam_001] Thời gian xử lý frame 70.68ms
2026-07-02 10:28:40 | DEBUG    | yolo_service:199 | [cam_002] Thời gian xử lý frame 23.82ms
2026-07-02 10:28:40 | DEBUG    | yolo_service:199 | [cam_002] Thời gian xử lý frame 21.59ms
2026-07-02 10:28:40 | DEBUG    | yolo_service:199 | [cam_002] Thời gian xử lý frame 79.32ms
2026-07-02 10:28:40 | DEBUG    | yolo_service:199 | [cam_001] Thời gian xử lý frame 134.81ms
2026-07-02 10:28:40 | DEBUG    | yolo_service:199 | [cam_002] Thời gian xử lý frame 27.12ms
2026-07-02 10:28:40 | DEBUG    | yolo_service:199 | [cam_001] Thời gian xử lý frame 53.26ms
2026-07-02 10:28:40 | DEBUG    | yolo_service:199 | [cam_002] Thời gian xử lý frame 68.18ms
2026-07-02 10:28:40 | DEBUG    | yolo_service:199 | [cam_001] Thời gian xử lý frame 49.88ms
2026-07-02 10:28:40 | DEBUG    | yolo_service:199 | [cam_002] Thời gian xử lý frame 28.02ms
2026-07-02 10:28:40 | DEBUG    | yolo_service:199 | [cam_002] Thời gian xử lý frame 24.45ms
2026-07-02 10:28:40 | DEBUG    | yolo_service:199 | [cam_001] Thời gian xử lý frame 51.47ms
2026-07-02 10:28:40 | DEBUG    | yolo_service:199 | [cam_002] Thời gian xử lý frame 27.77ms
2026-07-02 10:28:40 | DEBUG    | yolo_service:199 | [cam_002] Thời gian xử lý frame 24.72ms
2026-07-02 10:28:40 | DEBUG    | yolo_service:199 | [cam_001] Thời gian xử lý frame 50.20ms
2026-07-02 10:28:40 | DEBUG    | yolo_service:199 | [cam_002] Thời gian xử lý frame 67.65ms
2026-07-02 10:28:40 | DEBUG    | yolo_service:199 | [cam_001] Thời gian xử lý frame 60.30ms
2026-07-02 10:28:40 | DEBUG    | yolo_service:199 | [cam_002] Thời gian xử lý frame 25.98ms
2026-07-02 10:28:40 | DEBUG    | yolo_service:199 | [cam_002] Thời gian xử lý frame 21.72ms
2026-07-02 10:28:40 | DEBUG    | yolo_service:199 | [cam_002] Thời gian xử lý frame 59.45ms
2026-07-02 10:28:40 | DEBUG    | yolo_service:199 | [cam_001] Thời gian xử lý frame 114.17ms
2026-07-02 10:28:40 | DEBUG    | yolo_service:199 | [cam_002] Thời gian xử lý frame 28.40ms
2026-07-02 10:28:40 | DEBUG    | yolo_service:199 | [cam_002] Thời gian xử lý frame 23.66ms
2026-07-02 10:28:40 | DEBUG    | yolo_service:199 | [cam_001] Thời gian xử lý frame 46.23ms
2026-07-02 10:28:41 | DEBUG    | yolo_service:199 | [cam_001] Thời gian xử lý frame 43.40ms
2026-07-02 10:28:41 | DEBUG    | yolo_service:199 | [cam_002] Thời gian xử lý frame 61.93ms
2026-07-02 10:28:41 | DEBUG    | yolo_service:199 | [cam_002] Thời gian xử lý frame 25.67ms
2026-07-02 10:28:41 | DEBUG    | yolo_service:199 | [cam_002] Thời gian xử lý frame 22.91ms
2026-07-02 10:28:41 | DEBUG    | yolo_service:199 | [cam_002] Thời gian xử lý frame 61.90ms
2026-07-02 10:28:41 | DEBUG    | yolo_service:199 | [cam_002] Thời gian xử lý frame 23.23ms
2026-07-02 10:28:41 | DEBUG    | yolo_service:199 | [cam_001] Thời gian xử lý frame 177.52ms
2026-07-02 10:28:41 | DEBUG    | yolo_service:199 | [cam_002] Thời gian xử lý frame 63.83ms
2026-07-02 10:28:41 | DEBUG    | yolo_service:199 | [cam_002] Thời gian xử lý frame 23.60ms
2026-07-02 10:28:41 | DEBUG    | yolo_service:199 | [cam_002] Thời gian xử lý frame 61.58ms
2026-07-02 10:28:41 | DEBUG    | yolo_service:199 | [cam_001] Thời gian xử lý frame 113.47ms
2026-07-02 10:28:41 | DEBUG    | yolo_service:199 | [cam_001] Thời gian xử lý frame 57.16ms
2026-07-02 10:28:41 | DEBUG    | yolo_service:199 | [cam_002] Thời gian xử lý frame 67.49ms
2026-07-02 10:28:41 | DEBUG    | yolo_service:199 | [cam_002] Thời gian xử lý frame 22.07ms
2026-07-02 10:28:41 | DEBUG    | yolo_service:199 | [cam_001] Thời gian xử lý frame 38.68ms
2026-07-02 10:28:41 | DEBUG    | yolo_service:199 | [cam_002] Thời gian xử lý frame 18.09ms
2026-07-02 10:28:41 | DEBUG    | yolo_service:199 | [cam_002] Thời gian xử lý frame 62.72ms
2026-07-02 10:28:41 | DEBUG    | yolo_service:199 | [cam_001] Thời gian xử lý frame 116.53ms
2026-07-02 10:28:41 | DEBUG    | yolo_service:199 | [cam_002] Thời gian xử lý frame 60.66ms
2026-07-02 10:28:41 | DEBUG    | yolo_service:199 | [cam_001] Thời gian xử lý frame 40.52ms
2026-07-02 10:28:41 | DEBUG    | yolo_service:199 | [cam_002] Thời gian xử lý frame 73.24ms
2026-07-02 10:28:41 | DEBUG    | yolo_service:199 | [cam_001] Thời gian xử lý frame 56.60ms
2026-07-02 10:28:41 | DEBUG    | yolo_service:199 | [cam_002] Thời gian xử lý frame 60.19ms
2026-07-02 10:28:41 | DEBUG    | yolo_service:199 | [cam_001] Thời gian xử lý frame 108.00ms
2026-07-02 10:28:41 | DEBUG    | yolo_service:199 | [cam_002] Thời gian xử lý frame 64.74ms
2026-07-02 10:28:41 | DEBUG    | yolo_service:199 | [cam_002] Thời gian xử lý frame 22.29ms
2026-07-02 10:28:41 | DEBUG    | yolo_service:199 | [cam_002] Thời gian xử lý frame 29.21ms
2026-07-02 10:28:41 | DEBUG    | yolo_service:199 | [cam_001] Thời gian xử lý frame 118.29ms
2026-07-02 10:28:41 | DEBUG    | yolo_service:199 | [cam_002] Thời gian xử lý frame 64.89ms
2026-07-02 10:28:41 | DEBUG    | yolo_service:199 | [cam_002] Thời gian xử lý frame 24.32ms
2026-07-02 10:28:41 | DEBUG    | yolo_service:199 | [cam_001] Thời gian xử lý frame 42.46ms
2026-07-02 10:28:41 | DEBUG    | yolo_service:199 | [cam_002] Thời gian xử lý frame 21.71ms
2026-07-02 10:28:41 | DEBUG    | yolo_service:199 | [cam_001] Thời gian xử lý frame 42.40ms
2026-07-02 10:28:41 | DEBUG    | yolo_service:199 | [cam_002] Thời gian xử lý frame 61.48ms
2026-07-02 10:28:41 | DEBUG    | yolo_service:199 | [cam_002] Thời gian xử lý frame 25.63ms
2026-07-02 10:28:42 | DEBUG    | yolo_service:199 | [cam_001] Thời gian xử lý frame 110.00ms
2026-07-02 10:28:42 | DEBUG    | yolo_service:199 | [cam_002] Thời gian xử lý frame 63.31ms
2026-07-02 10:28:42 | DEBUG    | yolo_service:199 | [cam_001] Thời gian xử lý frame 47.89ms
2026-07-02 10:28:42 | DEBUG    | yolo_service:199 | [cam_002] Thời gian xử lý frame 61.11ms
2026-07-02 10:28:42 | DEBUG    | yolo_service:199 | [cam_001] Thời gian xử lý frame 41.59ms
2026-07-02 10:28:42 | DEBUG    | yolo_service:199 | [cam_002] Thời gian xử lý frame 24.91ms
2026-07-02 10:28:42 | DEBUG    | yolo_service:199 | [cam_001] Thời gian xử lý frame 42.18ms
2026-07-02 10:28:42 | DEBUG    | yolo_service:199 | [cam_002] Thời gian xử lý frame 58.98ms
2026-07-02 10:28:42 | DEBUG    | yolo_service:199 | [cam_002] Thời gian xử lý frame 18.24ms
2026-07-02 10:28:42 | DEBUG    | yolo_service:199 | [cam_002] Thời gian xử lý frame 71.92ms
2026-07-02 10:28:42 | DEBUG    | yolo_service:199 | [cam_001] Thời gian xử lý frame 119.95ms
2026-07-02 10:28:42 | DEBUG    | yolo_service:199 | [cam_001] Thời gian xử lý frame 53.54ms
2026-07-02 10:28:42 | DEBUG    | yolo_service:199 | [cam_002] Thời gian xử lý frame 64.56ms
2026-07-02 10:28:42 | DEBUG    | yolo_service:199 | [cam_002] Thời gian xử lý frame 20.57ms
2026-07-02 10:28:42 | DEBUG    | yolo_service:199 | [cam_001] Thời gian xử lý frame 44.89ms
2026-07-02 10:28:42 | DEBUG    | yolo_service:199 | [cam_002] Thời gian xử lý frame 20.65ms
2026-07-02 10:28:42 | DEBUG    | yolo_service:199 | [cam_002] Thời gian xử lý frame 16.78ms
2026-07-02 10:28:42 | DEBUG    | yolo_service:199 | [cam_002] Thời gian xử lý frame 75.38ms
2026-07-02 10:28:42 | DEBUG    | yolo_service:199 | [cam_001] Thời gian xử lý frame 130.12ms
2026-07-02 10:28:42 | DEBUG    | yolo_service:199 | [cam_002] Thời gian xử lý frame 61.78ms
2026-07-02 10:28:42 | DEBUG    | yolo_service:199 | [cam_001] Thời gian xử lý frame 44.88ms
2026-07-02 10:28:42 | DEBUG    | yolo_service:199 | [cam_002] Thời gian xử lý frame 27.98ms
2026-07-02 10:28:42 | DEBUG    | yolo_service:199 | [cam_002] Thời gian xử lý frame 22.32ms
2026-07-02 10:28:42 | DEBUG    | yolo_service:199 | [cam_002] Thời gian xử lý frame 24.47ms
2026-07-02 10:28:42 | DEBUG    | yolo_service:199 | [cam_002] Thời gian xử lý frame 21.44ms
2026-07-02 10:28:42 | DEBUG    | yolo_service:199 | [cam_001] Thời gian xử lý frame 108.27ms
2026-07-02 10:28:42 | DEBUG    | yolo_service:199 | [cam_001] Thời gian xử lý frame 53.19ms
2026-07-02 10:28:42 | DEBUG    | yolo_service:199 | [cam_002] Thời gian xử lý frame 75.59ms
2026-07-02 10:28:42 | DEBUG    | yolo_service:199 | [cam_002] Thời gian xử lý frame 26.99ms
2026-07-02 10:28:42 | DEBUG    | yolo_service:199 | [cam_001] Thời gian xử lý frame 51.81ms
2026-07-02 10:28:42 | DEBUG    | yolo_service:199 | [cam_002] Thời gian xử lý frame 26.98ms
2026-07-02 10:28:42 | DEBUG    | yolo_service:199 | [cam_002] Thời gian xử lý frame 21.14ms
2026-07-02 10:28:42 | DEBUG    | yolo_service:199 | [cam_002] Thời gian xử lý frame 61.73ms
2026-07-02 10:28:42 | DEBUG    | yolo_service:199 | [cam_001] Thời gian xử lý frame 110.59ms
2026-07-02 10:28:42 | DEBUG    | yolo_service:199 | [cam_002] Thời gian xử lý frame 27.09ms
2026-07-02 10:28:42 | DEBUG    | yolo_service:199 | [cam_001] Thời gian xử lý frame 51.51ms
2026-07-02 10:28:42 | DEBUG    | yolo_service:199 | [cam_002] Thời gian xử lý frame 65.29ms
2026-07-02 10:28:43 | DEBUG    | yolo_service:199 | [cam_001] Thời gian xử lý frame 41.84ms
2026-07-02 10:28:43 | DEBUG    | yolo_service:199 | [cam_002] Thời gian xử lý frame 22.12ms
2026-07-02 10:28:43 | DEBUG    | yolo_service:199 | [cam_002] Thời gian xử lý frame 19.53ms
2026-07-02 10:28:43 | DEBUG    | yolo_service:199 | [cam_002] Thời gian xử lý frame 78.86ms
2026-07-02 10:28:43 | DEBUG    | yolo_service:199 | [cam_002] Thời gian xử lý frame 69.41ms
2026-07-02 10:28:43 | DEBUG    | yolo_service:199 | [cam_001] Thời gian xử lý frame 194.41ms
2026-07-02 10:28:43 | DEBUG    | yolo_service:199 | [cam_002] Thời gian xử lý frame 26.71ms
2026-07-02 10:28:43 | DEBUG    | yolo_service:199 | [cam_002] Thời gian xử lý frame 62.52ms
2026-07-02 10:28:43 | DEBUG    | yolo_service:199 | [cam_001] Thời gian xử lý frame 111.04ms
2026-07-02 10:28:43 | DEBUG    | yolo_service:199 | [cam_002] Thời gian xử lý frame 62.16ms
2026-07-02 10:28:43 | DEBUG    | yolo_service:199 | [cam_002] Thời gian xử lý frame 24.44ms
2026-07-02 10:28:43 | DEBUG    | yolo_service:199 | [cam_001] Thời gian xử lý frame 44.60ms
2026-07-02 10:28:43 | DEBUG    | yolo_service:199 | [cam_002] Thời gian xử lý frame 60.42ms
2026-07-02 10:28:43 | DEBUG    | yolo_service:199 | [cam_002] Thời gian xử lý frame 24.41ms
2026-07-02 10:28:43 | DEBUG    | yolo_service:199 | [cam_001] Thời gian xử lý frame 113.20ms
2026-07-02 10:28:43 | DEBUG    | yolo_service:199 | [cam_002] Thời gian xử lý frame 66.53ms
2026-07-02 10:28:43 | DEBUG    | yolo_service:199 | [cam_001] Thời gian xử lý frame 51.13ms
2026-07-02 10:28:43 | DEBUG    | yolo_service:199 | [cam_002] Thời gian xử lý frame 24.16ms
2026-07-02 10:28:43 | DEBUG    | yolo_service:199 | [cam_001] Thời gian xử lý frame 18.25ms
2026-07-02 10:28:43 | DEBUG    | yolo_service:199 | [cam_002] Thời gian xử lý frame 59.90ms
2026-07-02 10:28:43 | DEBUG    | yolo_service:199 | [cam_002] Thời gian xử lý frame 18.92ms
2026-07-02 10:28:43 | DEBUG    | yolo_service:199 | [cam_001] Thời gian xử lý frame 110.57ms
2026-07-02 10:28:43 | DEBUG    | yolo_service:199 | [cam_002] Thời gian xử lý frame 63.33ms
2026-07-02 10:28:43 | DEBUG    | yolo_service:199 | [cam_001] Thời gian xử lý frame 42.74ms
2026-07-02 10:28:43 | DEBUG    | yolo_service:199 | [cam_002] Thời gian xử lý frame 23.65ms
2026-07-02 10:28:43 | DEBUG    | yolo_service:199 | [cam_001] Thời gian xử lý frame 44.08ms
2026-07-02 10:28:43 | DEBUG    | yolo_service:199 | [cam_002] Thời gian xử lý frame 60.97ms
2026-07-02 10:28:43 | DEBUG    | yolo_service:199 | [cam_002] Thời gian xử lý frame 18.78ms
2026-07-02 10:28:43 | DEBUG    | yolo_service:199 | [cam_002] Thời gian xử lý frame 63.98ms
2026-07-02 10:28:43 | DEBUG    | yolo_service:199 | [cam_001] Thời gian xử lý frame 108.56ms
2026-07-02 10:28:43 | DEBUG    | yolo_service:199 | [cam_002] Thời gian xử lý frame 29.82ms
2026-07-02 10:28:43 | DEBUG    | yolo_service:199 | [cam_001] Thời gian xử lý frame 53.00ms
2026-07-02 10:28:43 | DEBUG    | yolo_service:199 | [cam_002] Thời gian xử lý frame 26.39ms
2026-07-02 10:28:43 | DEBUG    | yolo_service:199 | [cam_001] Thời gian xử lý frame 42.02ms
2026-07-02 10:28:43 | DEBUG    | yolo_service:199 | [cam_002] Thời gian xử lý frame 59.49ms
2026-07-02 10:28:44 | DEBUG    | yolo_service:199 | [cam_002] Thời gian xử lý frame 39.98ms
2026-07-02 10:28:44 | DEBUG    | yolo_service:199 | [cam_001] Thời gian xử lý frame 107.42ms
2026-07-02 10:28:44 | DEBUG    | yolo_service:199 | [cam_002] Thời gian xử lý frame 63.41ms
2026-07-02 10:28:44 | DEBUG    | yolo_service:199 | [cam_001] Thời gian xử lý frame 47.51ms
2026-07-02 10:28:44 | DEBUG    | yolo_service:199 | [cam_002] Thời gian xử lý frame 69.47ms
2026-07-02 10:28:44 | DEBUG    | yolo_service:199 | [cam_001] Thời gian xử lý frame 59.29ms
2026-07-02 10:28:44 | DEBUG    | yolo_service:199 | [cam_002] Thời gian xử lý frame 23.32ms
2026-07-02 10:28:44 | DEBUG    | yolo_service:199 | [cam_002] Thời gian xử lý frame 21.51ms
2026-07-02 10:28:44 | DEBUG    | yolo_service:199 | [cam_002] Thời gian xử lý frame 64.57ms
2026-07-02 10:28:44 | DEBUG    | yolo_service:199 | [cam_001] Thời gian xử lý frame 117.56ms
2026-07-02 10:28:44 | DEBUG    | yolo_service:199 | [cam_002] Thời gian xử lý frame 25.84ms
2026-07-02 10:28:44 | DEBUG    | yolo_service:199 | [cam_001] Thời gian xử lý frame 39.12ms
2026-07-02 10:28:44 | DEBUG    | yolo_service:199 | [cam_002] Thời gian xử lý frame 59.87ms
2026-07-02 10:28:44 | DEBUG    | yolo_service:199 | [cam_002] Thời gian xử lý frame 61.40ms
2026-07-02 10:28:44 | DEBUG    | yolo_service:199 | [cam_001] Thời gian xử lý frame 105.01ms
2026-07-02 10:28:44 | DEBUG    | yolo_service:199 | [cam_002] Thời gian xử lý frame 22.66ms
2026-07-02 10:28:44 | DEBUG    | yolo_service:199 | [cam_002] Thời gian xử lý frame 60.84ms
2026-07-02 10:28:44 | DEBUG    | yolo_service:199 | [cam_001] Thời gian xử lý frame 85.16ms
2026-07-02 10:28:44 | DEBUG    | yolo_service:199 | [cam_002] Thời gian xử lý frame 22.34ms
2026-07-02 10:28:44 | DEBUG    | yolo_service:199 | [cam_002] Thời gian xử lý frame 66.74ms
2026-07-02 10:28:44 | DEBUG    | yolo_service:199 | [cam_001] Thời gian xử lý frame 92.12ms
2026-07-02 10:28:44 | DEBUG    | yolo_service:199 | [cam_002] Thời gian xử lý frame 32.38ms
2026-07-02 10:28:44 | DEBUG    | yolo_service:199 | [cam_002] Thời gian xử lý frame 22.82ms
2026-07-02 10:28:44 | DEBUG    | yolo_service:199 | [cam_002] Thời gian xử lý frame 20.42ms
2026-07-02 10:28:44 | DEBUG    | yolo_service:199 | [cam_001] Thời gian xử lý frame 80.58ms
2026-07-02 10:28:44 | DEBUG    | yolo_service:199 | [cam_001] Thời gian xử lý frame 17.33ms
2026-07-02 10:28:44 | DEBUG    | yolo_service:199 | [cam_002] Thời gian xử lý frame 69.31ms
2026-07-02 10:28:44 | DEBUG    | yolo_service:199 | [cam_002] Thời gian xử lý frame 24.06ms
2026-07-02 10:28:44 | DEBUG    | yolo_service:199 | [cam_002] Thời gian xử lý frame 21.83ms
2026-07-02 10:28:44 | DEBUG    | yolo_service:199 | [cam_002] Thời gian xử lý frame 61.10ms
2026-07-02 10:28:44 | DEBUG    | yolo_service:199 | [cam_001] Thời gian xử lý frame 156.88ms
2026-07-02 10:28:44 | DEBUG    | yolo_service:199 | [cam_002] Thời gian xử lý frame 31.37ms
2026-07-02 10:28:44 | DEBUG    | yolo_service:199 | [cam_002] Thời gian xử lý frame 21.72ms
2026-07-02 10:28:44 | DEBUG    | yolo_service:199 | [cam_001] Thời gian xử lý frame 85.55ms
2026-07-02 10:28:44 | DEBUG    | heartbeat_service:58 | 💓 Nhịp tim gửi Master: {'server_id': 'SV_004', 'cpu_usage': 68.9, 'has_gpu': True, 'gpu_usage': 0, 'vram_free_gb': 3.47, 'max_cam': 2}
2026-07-02 10:28:44 | DEBUG    | connectionpool:241 | Starting new HTTP connection (1): 10.40.91.11:5000
2026-07-02 10:28:44 | DEBUG    | yolo_service:199 | [cam_002] Thời gian xử lý frame 61.95ms
2026-07-02 10:28:44 | DEBUG    | connectionpool:544 | http://10.40.91.11:5000 "POST /api/heartbeat HTTP/1.1" 200 68
2026-07-02 10:28:44 | DEBUG    | yolo_service:199 | [cam_002] Thời gian xử lý frame 23.98ms
2026-07-02 10:28:45 | DEBUG    | yolo_service:199 | [cam_001] Thời gian xử lý frame 81.97ms
2026-07-02 10:28:45 | DEBUG    | yolo_service:199 | [cam_001] Thời gian xử lý frame 46.97ms
2026-07-02 10:28:45 | DEBUG    | yolo_service:199 | [cam_002] Thời gian xử lý frame 98.52ms
2026-07-02 10:28:45 | DEBUG    | yolo_service:199 | [cam_002] Thời gian xử lý frame 26.67ms
2026-07-02 10:28:45 | DEBUG    | yolo_service:199 | [cam_002] Thời gian xử lý frame 23.60ms
2026-07-02 10:28:45 | DEBUG    | yolo_service:199 | [cam_001] Thời gian xử lý frame 82.92ms
2026-07-02 10:28:45 | DEBUG    | yolo_service:199 | [cam_002] Thời gian xử lý frame 63.86ms
2026-07-02 10:28:45 | DEBUG    | yolo_service:199 | [cam_002] Thời gian xử lý frame 32.11ms
2026-07-02 10:28:45 | DEBUG    | yolo_service:199 | [cam_001] Thời gian xử lý frame 87.02ms
2026-07-02 10:28:45 | DEBUG    | yolo_service:199 | [cam_002] Thời gian xử lý frame 66.05ms
2026-07-02 10:28:45 | DEBUG    | yolo_service:199 | [cam_002] Thời gian xử lý frame 29.77ms
2026-07-02 10:28:45 | DEBUG    | yolo_service:199 | [cam_001] Thời gian xử lý frame 93.92ms
2026-07-02 10:28:45 | DEBUG    | yolo_service:199 | [cam_002] Thời gian xử lý frame 27.56ms
2026-07-02 10:28:45 | DEBUG    | yolo_service:199 | [cam_002] Thời gian xử lý frame 26.95ms
2026-07-02 10:28:45 | DEBUG    | yolo_service:199 | [cam_001] Thời gian xử lý frame 86.45ms
2026-07-02 10:28:45 | DEBUG    | yolo_service:199 | [cam_001] Thời gian xử lý frame 101.03ms
2026-07-02 10:28:45 | DEBUG    | yolo_service:199 | [cam_002] Thời gian xử lý frame 148.18ms
2026-07-02 10:28:45 | DEBUG    | yolo_service:199 | [cam_001] Thời gian xử lý frame 17.69ms
2026-07-02 10:28:45 | DEBUG    | yolo_service:199 | [cam_002] Thời gian xử lý frame 43.74ms
2026-07-02 10:28:45 | DEBUG    | yolo_service:199 | [cam_002] Thời gian xử lý frame 56.82ms
2026-07-02 10:28:45 | DEBUG    | yolo_service:199 | [cam_001] Thời gian xử lý frame 97.75ms
2026-07-02 10:28:45 | DEBUG    | yolo_service:199 | [cam_002] Thời gian xử lý frame 29.30ms
2026-07-02 10:28:45 | DEBUG    | yolo_service:199 | [cam_001] Thời gian xử lý frame 24.54ms
2026-07-02 10:28:45 | DEBUG    | yolo_service:199 | [cam_001] Thời gian xử lý frame 21.10ms
2026-07-02 10:28:45 | DEBUG    | yolo_service:199 | [cam_002] Thời gian xử lý frame 28.23ms
2026-07-02 10:28:45 | DEBUG    | yolo_service:199 | [cam_002] Thời gian xử lý frame 39.58ms
2026-07-02 10:28:45 | DEBUG    | yolo_service:199 | [cam_002] Thời gian xử lý frame 27.09ms
2026-07-02 10:28:45 | DEBUG    | yolo_service:199 | [cam_002] Thời gian xử lý frame 18.78ms
2026-07-02 10:28:45 | DEBUG    | yolo_service:199 | [cam_002] Thời gian xử lý frame 24.42ms
2026-07-02 10:28:45 | DEBUG    | yolo_service:199 | [cam_001] Thời gian xử lý frame 150.96ms
2026-07-02 10:28:45 | DEBUG    | yolo_service:199 | [cam_002] Thời gian xử lý frame 76.56ms
2026-07-02 10:28:45 | DEBUG    | yolo_service:199 | [cam_002] Thời gian xử lý frame 31.34ms
2026-07-02 10:28:45 | DEBUG    | yolo_service:199 | [cam_001] Thời gian xử lý frame 83.09ms
2026-07-02 10:28:45 | DEBUG    | yolo_service:199 | [cam_002] Thời gian xử lý frame 28.21ms
2026-07-02 10:28:46 | DEBUG    | yolo_service:199 | [cam_002] Thời gian xử lý frame 31.07ms
2026-07-02 10:28:46 | DEBUG    | yolo_service:199 | [cam_001] Thời gian xử lý frame 87.59ms
2026-07-02 10:28:46 | DEBUG    | yolo_service:199 | [cam_002] Thời gian xử lý frame 64.46ms
2026-07-02 10:28:46 | DEBUG    | yolo_service:199 | [cam_001] Thời gian xử lý frame 85.75ms
2026-07-02 10:28:46 | DEBUG    | yolo_service:199 | [cam_002] Thời gian xử lý frame 68.86ms
2026-07-02 10:28:46 | DEBUG    | yolo_service:199 | [cam_002] Thời gian xử lý frame 39.25ms
2026-07-02 10:28:46 | DEBUG    | yolo_service:199 | [cam_002] Thời gian xử lý frame 71.56ms
2026-07-02 10:28:46 | DEBUG    | yolo_service:199 | [cam_001] Thời gian xử lý frame 158.30ms
2026-07-02 10:28:46 | DEBUG    | yolo_service:199 | [cam_002] Thời gian xử lý frame 69.28ms
2026-07-02 10:28:46 | DEBUG    | yolo_service:199 | [cam_001] Thời gian xử lý frame 88.85ms
2026-07-02 10:28:46 | DEBUG    | yolo_service:199 | [cam_002] Thời gian xử lý frame 76.78ms
2026-07-02 10:28:46 | DEBUG    | yolo_service:199 | [cam_002] Thời gian xử lý frame 34.55ms
2026-07-02 10:28:46 | DEBUG    | yolo_service:199 | [cam_001] Thời gian xử lý frame 106.19ms
2026-07-02 10:28:46 | DEBUG    | yolo_service:199 | [cam_002] Thời gian xử lý frame 50.83ms
2026-07-02 10:28:46 | DEBUG    | yolo_service:199 | [cam_002] Thời gian xử lý frame 35.26ms
2026-07-02 10:28:46 | DEBUG    | yolo_service:199 | [cam_002] Thời gian xử lý frame 19.36ms
2026-07-02 10:28:46 | DEBUG    | yolo_service:199 | [cam_001] Thời gian xử lý frame 89.74ms
2026-07-02 10:28:46 | DEBUG    | yolo_service:199 | [cam_002] Thời gian xử lý frame 65.94ms
2026-07-02 10:28:46 | DEBUG    | yolo_service:199 | [cam_002] Thời gian xử lý frame 31.08ms
2026-07-02 10:28:46 | DEBUG    | yolo_service:199 | [cam_001] Thời gian xử lý frame 89.77ms
2026-07-02 10:28:46 | DEBUG    | yolo_service:199 | [cam_002] Thời gian xử lý frame 29.34ms
2026-07-02 10:28:46 | DEBUG    | yolo_service:199 | [cam_001] Thời gian xử lý frame 30.82ms
2026-07-02 10:28:46 | DEBUG    | yolo_service:199 | [cam_002] Thời gian xử lý frame 42.55ms
2026-07-02 10:28:46 | DEBUG    | yolo_service:199 | [cam_001] Thời gian xử lý frame 38.23ms
2026-07-02 10:28:46 | DEBUG    | yolo_service:199 | [cam_002] Thời gian xử lý frame 21.29ms
2026-07-02 10:28:46 | DEBUG    | yolo_service:199 | [cam_002] Thời gian xử lý frame 25.15ms
2026-07-02 10:28:46 | DEBUG    | yolo_service:199 | [cam_002] Thời gian xử lý frame 20.69ms
2026-07-02 10:28:46 | DEBUG    | yolo_service:199 | [cam_001] Thời gian xử lý frame 80.37ms
2026-07-02 10:28:46 | DEBUG    | yolo_service:199 | [cam_002] Thời gian xử lý frame 62.48ms
2026-07-02 10:28:46 | DEBUG    | yolo_service:199 | [cam_002] Thời gian xử lý frame 32.53ms
2026-07-02 10:28:46 | DEBUG    | yolo_service:199 | [cam_001] Thời gian xử lý frame 87.91ms
2026-07-02 10:28:46 | DEBUG    | yolo_service:199 | [cam_001] Thời gian xử lý frame 24.01ms
2026-07-02 10:28:46 | DEBUG    | yolo_service:199 | [cam_002] Thời gian xử lý frame 60.06ms
2026-07-02 10:28:47 | DEBUG    | yolo_service:199 | [cam_001] Thời gian xử lý frame 84.65ms
2026-07-02 10:28:47 | DEBUG    | yolo_service:199 | [cam_002] Thời gian xử lý frame 58.36ms
2026-07-02 10:28:47 | DEBUG    | yolo_service:199 | [cam_002] Thời gian xử lý frame 19.08ms
2026-07-02 10:28:47 | DEBUG    | yolo_service:199 | [cam_002] Thời gian xử lý frame 60.09ms
2026-07-02 10:28:47 | DEBUG    | yolo_service:199 | [cam_001] Thời gian xử lý frame 84.21ms
2026-07-02 10:28:47 | DEBUG    | yolo_service:199 | [cam_001] Thời gian xử lý frame 18.60ms
2026-07-02 10:28:47 | DEBUG    | yolo_service:199 | [cam_002] Thời gian xử lý frame 21.52ms
2026-07-02 10:28:47 | DEBUG    | yolo_service:199 | [cam_002] Thời gian xử lý frame 59.26ms
2026-07-02 10:28:47 | DEBUG    | yolo_service:199 | [cam_001] Thời gian xử lý frame 84.62ms
2026-07-02 10:28:47 | DEBUG    | yolo_service:199 | [cam_002] Thời gian xử lý frame 64.06ms
2026-07-02 10:28:47 | DEBUG    | yolo_service:199 | [cam_002] Thời gian xử lý frame 23.47ms
2026-07-02 10:28:47 | DEBUG    | yolo_service:199 | [cam_001] Thời gian xử lý frame 83.03ms
2026-07-02 10:28:47 | DEBUG    | yolo_service:199 | [cam_001] Thời gian xử lý frame 13.90ms
2026-07-02 10:28:47 | DEBUG    | yolo_service:199 | [cam_002] Thời gian xử lý frame 62.92ms
2026-07-02 10:28:47 | DEBUG    | yolo_service:199 | [cam_002] Thời gian xử lý frame 24.34ms
2026-07-02 10:28:47 | DEBUG    | yolo_service:199 | [cam_002] Thời gian xử lý frame 63.24ms
2026-07-02 10:28:47 | DEBUG    | yolo_service:199 | [cam_002] Thời gian xử lý frame 23.29ms
2026-07-02 10:28:47 | DEBUG    | yolo_service:199 | [cam_001] Thời gian xử lý frame 149.65ms
2026-07-02 10:28:47 | DEBUG    | yolo_service:199 | [cam_002] Thời gian xử lý frame 20.43ms
2026-07-02 10:28:47 | DEBUG    | yolo_service:199 | [cam_002] Thời gian xử lý frame 63.62ms
2026-07-02 10:28:47 | DEBUG    | yolo_service:199 | [cam_001] Thời gian xử lý frame 84.03ms
2026-07-02 10:28:47 | DEBUG    | yolo_service:199 | [cam_002] Thời gian xử lý frame 64.07ms
2026-07-02 10:28:47 | DEBUG    | yolo_service:199 | [cam_001] Thời gian xử lý frame 91.97ms
2026-07-02 10:28:47 | DEBUG    | yolo_service:199 | [cam_002] Thời gian xử lý frame 38.75ms
2026-07-02 10:28:47 | DEBUG    | yolo_service:199 | [cam_002] Thời gian xử lý frame 55.11ms
2026-07-02 10:28:47 | DEBUG    | yolo_service:199 | [cam_001] Thời gian xử lý frame 84.10ms
2026-07-02 10:28:47 | DEBUG    | yolo_service:199 | [cam_001] Thời gian xử lý frame 13.11ms
2026-07-02 10:28:47 | DEBUG    | yolo_service:199 | [cam_002] Thời gian xử lý frame 57.49ms
2026-07-02 10:28:47 | DEBUG    | yolo_service:199 | [cam_001] Thời gian xử lý frame 87.44ms
2026-07-02 10:28:47 | DEBUG    | yolo_service:199 | [cam_002] Thời gian xử lý frame 67.72ms
2026-07-02 10:28:47 | DEBUG    | yolo_service:199 | [cam_002] Thời gian xử lý frame 30.65ms
2026-07-02 10:28:47 | DEBUG    | yolo_service:199 | [cam_002] Thời gian xử lý frame 21.07ms
2026-07-02 10:28:47 | DEBUG    | yolo_service:199 | [cam_002] Thời gian xử lý frame 20.14ms
2026-07-02 10:28:47 | DEBUG    | yolo_service:199 | [cam_001] Thời gian xử lý frame 80.64ms
2026-07-02 10:28:47 | DEBUG    | yolo_service:199 | [cam_002] Thời gian xử lý frame 63.99ms
2026-07-02 10:28:47 | DEBUG    | yolo_service:199 | [cam_002] Thời gian xử lý frame 16.80ms
2026-07-02 10:28:48 | DEBUG    | yolo_service:199 | [cam_002] Thời gian xử lý frame 68.37ms
2026-07-02 10:28:48 | DEBUG    | yolo_service:199 | [cam_001] Thời gian xử lý frame 152.33ms
2026-07-02 10:28:48 | DEBUG    | yolo_service:199 | [cam_002] Thời gian xử lý frame 26.66ms
2026-07-02 10:28:48 | DEBUG    | yolo_service:199 | [cam_001] Thời gian xử lý frame 21.07ms
2026-07-02 10:28:48 | DEBUG    | yolo_service:199 | [cam_002] Thời gian xử lý frame 57.58ms
2026-07-02 10:28:48 | DEBUG    | yolo_service:199 | [cam_001] Thời gian xử lý frame 89.62ms
2026-07-02 10:28:48 | DEBUG    | yolo_service:199 | [cam_002] Thời gian xử lý frame 62.21ms
2026-07-02 10:28:48 | DEBUG    | yolo_service:199 | [cam_001] Thời gian xử lý frame 87.71ms
2026-07-02 10:28:48 | DEBUG    | yolo_service:199 | [cam_002] Thời gian xử lý frame 60.82ms
2026-07-02 10:28:48 | DEBUG    | yolo_service:199 | [cam_001] Thời gian xử lý frame 41.39ms
2026-07-02 10:28:48 | DEBUG    | yolo_service:199 | [cam_002] Thời gian xử lý frame 40.29ms
2026-07-02 10:28:48 | DEBUG    | yolo_service:199 | [cam_001] Thời gian xử lý frame 20.32ms
2026-07-02 10:28:48 | DEBUG    | yolo_service:199 | [cam_002] Thời gian xử lý frame 61.42ms
2026-07-02 10:28:48 | DEBUG    | yolo_service:199 | [cam_001] Thời gian xử lý frame 86.41ms
2026-07-02 10:28:48 | DEBUG    | yolo_service:199 | [cam_002] Thời gian xử lý frame 65.53ms
2026-07-02 10:28:48 | DEBUG    | yolo_service:199 | [cam_002] Thời gian xử lý frame 16.71ms
2026-07-02 10:28:48 | DEBUG    | yolo_service:199 | [cam_002] Thời gian xử lý frame 16.91ms
2026-07-02 10:28:48 | DEBUG    | yolo_service:199 | [cam_001] Thời gian xử lý frame 90.31ms
2026-07-02 10:28:48 | DEBUG    | yolo_service:199 | [cam_001] Thời gian xử lý frame 22.89ms
2026-07-02 10:28:48 | DEBUG    | yolo_service:199 | [cam_002] Thời gian xử lý frame 118.57ms
2026-07-02 10:28:48 | DEBUG    | yolo_service:199 | [cam_002] Thời gian xử lý frame 329.14ms
2026-07-02 10:28:48 | DEBUG    | yolo_service:199 | [cam_001] Thời gian xử lý frame 405.17ms
2026-07-02 10:28:48 | DEBUG    | yolo_service:199 | [cam_002] Thời gian xử lý frame 53.59ms
2026-07-02 10:28:48 | DEBUG    | yolo_service:199 | [cam_001] Thời gian xử lý frame 52.69ms
2026-07-02 10:28:49 | DEBUG    | yolo_service:199 | [cam_002] Thời gian xử lý frame 41.64ms
2026-07-02 10:28:49 | DEBUG    | yolo_service:199 | [cam_002] Thời gian xử lý frame 28.17ms
2026-07-02 10:28:49 | DEBUG    | yolo_service:199 | [cam_002] Thời gian xử lý frame 48.34ms
2026-07-02 10:28:49 | DEBUG    | yolo_service:199 | [cam_001] Thời gian xử lý frame 136.03ms
2026-07-02 10:28:49 | DEBUG    | yolo_service:199 | [cam_002] Thời gian xử lý frame 44.69ms
2026-07-02 10:28:49 | DEBUG    | yolo_service:199 | [cam_001] Thời gian xử lý frame 26.37ms
2026-07-02 10:28:49 | DEBUG    | yolo_service:199 | [cam_002] Thời gian xử lý frame 22.65ms
2026-07-02 10:28:49 | DEBUG    | yolo_service:199 | [cam_001] Thời gian xử lý frame 22.14ms
2026-07-02 10:28:49 | DEBUG    | yolo_service:199 | [cam_002] Thời gian xử lý frame 27.11ms
2026-07-02 10:28:49 | DEBUG    | yolo_service:199 | [cam_002] Thời gian xử lý frame 24.68ms
2026-07-02 10:28:49 | DEBUG    | yolo_service:199 | [cam_002] Thời gian xử lý frame 27.32ms
2026-07-02 10:28:49 | DEBUG    | yolo_service:199 | [cam_001] Thời gian xử lý frame 91.62ms
2026-07-02 10:28:49 | DEBUG    | yolo_service:199 | [cam_001] Thời gian xử lý frame 35.64ms
2026-07-02 10:28:49 | DEBUG    | yolo_service:199 | [cam_002] Thời gian xử lý frame 88.92ms
2026-07-02 10:28:49 | DEBUG    | yolo_service:199 | [cam_002] Thời gian xử lý frame 32.18ms
2026-07-02 10:28:49 | DEBUG    | yolo_service:199 | [cam_001] Thời gian xử lý frame 91.91ms
2026-07-02 10:28:49 | DEBUG    | yolo_service:199 | [cam_002] Thời gian xử lý frame 28.20ms
2026-07-02 10:28:49 | DEBUG    | yolo_service:199 | [cam_001] Thời gian xử lý frame 20.95ms
2026-07-02 10:28:49 | DEBUG    | yolo_service:199 | [cam_002] Thời gian xử lý frame 65.01ms
2026-07-02 10:28:49 | DEBUG    | yolo_service:199 | [cam_002] Thời gian xử lý frame 44.79ms
2026-07-02 10:28:49 | DEBUG    | yolo_service:199 | [cam_001] Thời gian xử lý frame 96.51ms
2026-07-02 10:28:49 | DEBUG    | yolo_service:199 | [cam_001] Thời gian xử lý frame 20.97ms
2026-07-02 10:28:49 | DEBUG    | yolo_service:199 | [cam_002] Thời gian xử lý frame 69.20ms
2026-07-02 10:28:49 | DEBUG    | yolo_service:199 | [cam_002] Thời gian xử lý frame 24.92ms
2026-07-02 10:28:49 | DEBUG    | yolo_service:199 | [cam_001] Thời gian xử lý frame 87.89ms
2026-07-02 10:28:49 | DEBUG    | yolo_service:199 | [cam_002] Thời gian xử lý frame 23.53ms
2026-07-02 10:28:49 | DEBUG    | yolo_service:199 | [cam_002] Thời gian xử lý frame 24.41ms
2026-07-02 10:28:49 | DEBUG    | yolo_service:199 | [cam_002] Thời gian xử lý frame 27.89ms
2026-07-02 10:28:49 | DEBUG    | yolo_service:199 | [cam_002] Thời gian xử lý frame 27.32ms
2026-07-02 10:28:49 | DEBUG    | yolo_service:199 | [cam_001] Thời gian xử lý frame 89.56ms
2026-07-02 10:28:49 | DEBUG    | yolo_service:199 | [cam_002] Thời gian xử lý frame 59.95ms
2026-07-02 10:28:49 | DEBUG    | yolo_service:199 | [cam_002] Thời gian xử lý frame 29.26ms
2026-07-02 10:28:49 | DEBUG    | yolo_service:199 | [cam_001] Thời gian xử lý frame 94.01ms
2026-07-02 10:28:49 | DEBUG    | yolo_service:199 | [cam_002] Thời gian xử lý frame 25.75ms
2026-07-02 10:28:49 | DEBUG    | yolo_service:199 | [cam_002] Thời gian xử lý frame 61.64ms
2026-07-02 10:28:49 | DEBUG    | yolo_service:199 | [cam_001] Thời gian xử lý frame 84.26ms
2026-07-02 10:28:49 | DEBUG    | yolo_service:199 | [cam_001] Thời gian xử lý frame 23.04ms
2026-07-02 10:28:49 | DEBUG    | yolo_service:199 | [cam_002] Thời gian xử lý frame 26.42ms
2026-07-02 10:28:49 | DEBUG    | yolo_service:199 | [cam_002] Thời gian xử lý frame 28.64ms
2026-07-02 10:28:50 | DEBUG    | yolo_service:199 | [cam_001] Thời gian xử lý frame 86.85ms
2026-07-02 10:28:50 | DEBUG    | yolo_service:199 | [cam_002] Thời gian xử lý frame 62.01ms
2026-07-02 10:28:50 | DEBUG    | yolo_service:199 | [cam_002] Thời gian xử lý frame 26.30ms
2026-07-02 10:28:50 | DEBUG    | yolo_service:199 | [cam_001] Thời gian xử lý frame 85.58ms
2026-07-02 10:28:50 | DEBUG    | yolo_service:199 | [cam_002] Thời gian xử lý frame 63.09ms
2026-07-02 10:28:50 | DEBUG    | yolo_service:199 | [cam_001] Thời gian xử lý frame 21.45ms
2026-07-02 10:28:50 | DEBUG    | yolo_service:199 | [cam_002] Thời gian xử lý frame 26.86ms
2026-07-02 10:28:50 | DEBUG    | yolo_service:199 | [cam_002] Thời gian xử lý frame 24.10ms
2026-07-02 10:28:50 | DEBUG    | yolo_service:199 | [cam_002] Thời gian xử lý frame 57.31ms
2026-07-02 10:28:50 | DEBUG    | yolo_service:199 | [cam_002] Thời gian xử lý frame 26.10ms
2026-07-02 10:28:50 | DEBUG    | yolo_service:199 | [cam_001] Thời gian xử lý frame 156.35ms
2026-07-02 10:28:50 | DEBUG    | yolo_service:199 | [cam_002] Thời gian xử lý frame 66.07ms
2026-07-02 10:28:50 | DEBUG    | yolo_service:199 | [cam_001] Thời gian xử lý frame 92.48ms
2026-07-02 10:28:50 | DEBUG    | yolo_service:199 | [cam_002] Thời gian xử lý frame 58.81ms
2026-07-02 10:28:50 | DEBUG    | yolo_service:199 | [cam_002] Thời gian xử lý frame 22.15ms
2026-07-02 10:28:50 | DEBUG    | yolo_service:199 | [cam_001] Thời gian xử lý frame 93.78ms
2026-07-02 10:28:50 | DEBUG    | yolo_service:199 | [cam_002] Thời gian xử lý frame 67.91ms
2026-07-02 10:28:50 | DEBUG    | yolo_service:199 | [cam_002] Thời gian xử lý frame 16.79ms
2026-07-02 10:28:50 | DEBUG    | yolo_service:199 | [cam_001] Thời gian xử lý frame 111.21ms
2026-07-02 10:28:50 | DEBUG    | yolo_service:199 | [cam_002] Thời gian xử lý frame 110.10ms
2026-07-02 10:28:50 | DEBUG    | yolo_service:199 | [cam_002] Thời gian xử lý frame 23.25ms
2026-07-02 10:28:50 | DEBUG    | yolo_service:199 | [cam_002] Thời gian xử lý frame 30.76ms
2026-07-02 10:28:50 | DEBUG    | yolo_service:199 | [cam_001] Thời gian xử lý frame 89.60ms
2026-07-02 10:28:50 | DEBUG    | yolo_service:199 | [cam_002] Thời gian xử lý frame 25.78ms
2026-07-02 10:28:50 | DEBUG    | yolo_service:199 | [cam_002] Thời gian xử lý frame 21.70ms
2026-07-02 10:28:50 | DEBUG    | yolo_service:199 | [cam_002] Thời gian xử lý frame 20.83ms
2026-07-02 10:28:50 | DEBUG    | yolo_service:199 | [cam_001] Thời gian xử lý frame 90.49ms
2026-07-02 10:28:50 | DEBUG    | yolo_service:199 | [cam_002] Thời gian xử lý frame 61.79ms
2026-07-02 10:28:50 | DEBUG    | yolo_service:199 | [cam_002] Thời gian xử lý frame 21.07ms
2026-07-02 10:28:50 | DEBUG    | yolo_service:199 | [cam_002] Thời gian xử lý frame 22.55ms
2026-07-02 10:28:50 | DEBUG    | yolo_service:199 | [cam_001] Thời gian xử lý frame 93.57ms
2026-07-02 10:28:50 | DEBUG    | yolo_service:199 | [cam_001] Thời gian xử lý frame 35.22ms
2026-07-02 10:28:50 | DEBUG    | yolo_service:199 | [cam_002] Thời gian xử lý frame 73.50ms
2026-07-02 10:28:50 | DEBUG    | yolo_service:199 | [cam_001] Thời gian xử lý frame 39.05ms
2026-07-02 10:28:50 | DEBUG    | yolo_service:199 | [cam_002] Thời gian xử lý frame 29.61ms
2026-07-02 10:28:50 | DEBUG    | yolo_service:199 | [cam_002] Thời gian xử lý frame 21.52ms
2026-07-02 10:28:51 | DEBUG    | yolo_service:199 | [cam_001] Thời gian xử lý frame 106.15ms
2026-07-02 10:28:51 | DEBUG    | yolo_service:199 | [cam_002] Thời gian xử lý frame 90.57ms
2026-07-02 10:28:51 | DEBUG    | heartbeat_service:58 | 💓 Nhịp tim gửi Master: {'server_id': 'SV_004', 'cpu_usage': 76.4, 'has_gpu': True, 'gpu_usage': 0, 'vram_free_gb': 3.47, 'max_cam': 2}
2026-07-02 10:28:51 | DEBUG    | connectionpool:241 | Starting new HTTP connection (1): 10.40.91.11:5000
2026-07-02 10:28:51 | DEBUG    | yolo_service:199 | [cam_001] Thời gian xử lý frame 66.76ms
2026-07-02 10:28:51 | DEBUG    | yolo_service:199 | [cam_002] Thời gian xử lý frame 53.78ms
2026-07-02 10:28:51 | DEBUG    | connectionpool:544 | http://10.40.91.11:5000 "POST /api/heartbeat HTTP/1.1" 200 68
2026-07-02 10:28:51 | DEBUG    | yolo_service:199 | [cam_002] Thời gian xử lý frame 66.66ms
2026-07-02 10:28:51 | DEBUG    | yolo_service:199 | [cam_001] Thời gian xử lý frame 82.76ms
2026-07-02 10:28:51 | DEBUG    | yolo_service:199 | [cam_002] Thời gian xử lý frame 29.17ms
2026-07-02 10:28:51 | DEBUG    | yolo_service:199 | [cam_001] Thời gian xử lý frame 28.74ms
2026-07-02 10:28:51 | DEBUG    | yolo_service:199 | [cam_002] Thời gian xử lý frame 24.77ms
2026-07-02 10:28:51 | DEBUG    | yolo_service:199 | [cam_002] Thời gian xử lý frame 58.09ms
2026-07-02 10:28:51 | DEBUG    | yolo_service:199 | [cam_001] Thời gian xử lý frame 95.75ms
2026-07-02 10:28:51 | DEBUG    | yolo_service:199 | [cam_002] Thời gian xử lý frame 29.53ms
2026-07-02 10:28:51 | DEBUG    | yolo_service:199 | [cam_002] Thời gian xử lý frame 24.66ms
2026-07-02 10:28:51 | DEBUG    | yolo_service:199 | [cam_001] Thời gian xử lý frame 93.86ms
2026-07-02 10:28:51 | DEBUG    | yolo_service:199 | [cam_002] Thời gian xử lý frame 68.72ms
2026-07-02 10:28:51 | DEBUG    | yolo_service:199 | [cam_002] Thời gian xử lý frame 22.98ms
2026-07-02 10:28:51 | DEBUG    | yolo_service:199 | [cam_002] Thời gian xử lý frame 22.05ms
2026-07-02 10:28:51 | DEBUG    | yolo_service:199 | [cam_001] Thời gian xử lý frame 92.73ms
2026-07-02 10:28:51 | DEBUG    | yolo_service:199 | [cam_002] Thời gian xử lý frame 106.64ms
2026-07-02 10:28:51 | DEBUG    | yolo_service:199 | [cam_002] Thời gian xử lý frame 30.98ms
2026-07-02 10:28:51 | DEBUG    | yolo_service:199 | [cam_002] Thời gian xử lý frame 45.97ms
2026-07-02 10:28:51 | DEBUG    | yolo_service:199 | [cam_001] Thời gian xử lý frame 165.83ms
2026-07-02 10:28:51 | DEBUG    | yolo_service:199 | [cam_002] Thời gian xử lý frame 60.89ms
2026-07-02 10:28:51 | DEBUG    | yolo_service:199 | [cam_002] Thời gian xử lý frame 15.39ms
2026-07-02 10:28:51 | DEBUG    | yolo_service:199 | [cam_001] Thời gian xử lý frame 107.92ms
2026-07-02 10:28:51 | DEBUG    | yolo_service:199 | [cam_001] Thời gian xử lý frame 29.62ms
2026-07-02 10:28:51 | DEBUG    | yolo_service:199 | [cam_002] Thời gian xử lý frame 111.99ms
2026-07-02 10:28:51 | DEBUG    | yolo_service:199 | [cam_002] Thời gian xử lý frame 36.08ms
2026-07-02 10:28:51 | DEBUG    | yolo_service:199 | [cam_001] Thời gian xử lý frame 91.43ms
2026-07-02 10:28:51 | DEBUG    | yolo_service:199 | [cam_002] Thời gian xử lý frame 53.68ms
2026-07-02 10:28:52 | DEBUG    | yolo_service:199 | [cam_001] Thời gian xử lý frame 90.24ms
2026-07-02 10:28:52 | DEBUG    | yolo_service:199 | [cam_002] Thời gian xử lý frame 70.66ms
2026-07-02 10:28:52 | DEBUG    | yolo_service:199 | [cam_002] Thời gian xử lý frame 30.06ms
2026-07-02 10:28:52 | DEBUG    | yolo_service:199 | [cam_002] Thời gian xử lý frame 23.28ms
2026-07-02 10:28:52 | DEBUG    | yolo_service:199 | [cam_001] Thời gian xử lý frame 90.60ms
2026-07-02 10:28:52 | DEBUG    | yolo_service:199 | [cam_001] Thời gian xử lý frame 28.84ms
2026-07-02 10:28:52 | DEBUG    | yolo_service:199 | [cam_002] Thời gian xử lý frame 65.14ms
2026-07-02 10:28:52 | DEBUG    | yolo_service:199 | [cam_002] Thời gian xử lý frame 24.11ms
2026-07-02 10:28:52 | DEBUG    | yolo_service:199 | [cam_002] Thời gian xử lý frame 47.53ms
2026-07-02 10:28:52 | DEBUG    | yolo_service:199 | [cam_002] Thời gian xử lý frame 29.50ms
2026-07-02 10:28:52 | DEBUG    | yolo_service:199 | [cam_001] Thời gian xử lý frame 131.04ms
2026-07-02 10:28:52 | DEBUG    | yolo_service:199 | [cam_002] Thời gian xử lý frame 38.80ms
2026-07-02 10:28:52 | DEBUG    | yolo_service:199 | [cam_001] Thời gian xử lý frame 48.60ms
2026-07-02 10:28:52 | DEBUG    | yolo_service:199 | [cam_002] Thời gian xử lý frame 55.12ms
2026-07-02 10:28:52 | DEBUG    | yolo_service:199 | [cam_001] Thời gian xử lý frame 29.50ms
2026-07-02 10:28:52 | DEBUG    | yolo_service:199 | [cam_002] Thời gian xử lý frame 55.09ms
2026-07-02 10:28:52 | DEBUG    | yolo_service:199 | [cam_002] Thời gian xử lý frame 11.98ms
2026-07-02 10:28:52 | DEBUG    | yolo_service:199 | [cam_001] Thời gian xử lý frame 108.65ms
2026-07-02 10:28:52 | DEBUG    | yolo_service:199 | [cam_002] Thời gian xử lý frame 55.87ms
2026-07-02 10:28:52 | DEBUG    | yolo_service:199 | [cam_001] Thời gian xử lý frame 20.54ms
2026-07-02 10:28:52 | DEBUG    | yolo_service:199 | [cam_002] Thời gian xử lý frame 109.94ms
2026-07-02 10:28:52 | DEBUG    | yolo_service:199 | [cam_001] Thời gian xử lý frame 122.20ms
2026-07-02 10:28:52 | DEBUG    | yolo_service:199 | [cam_002] Thời gian xử lý frame 26.96ms
2026-07-02 10:28:52 | DEBUG    | yolo_service:199 | [cam_002] Thời gian xử lý frame 30.08ms
2026-07-02 10:28:52 | DEBUG    | yolo_service:199 | [cam_001] Thời gian xử lý frame 53.91ms
2026-07-02 10:28:52 | DEBUG    | yolo_service:199 | [cam_002] Thời gian xử lý frame 66.99ms
2026-07-02 10:28:52 | DEBUG    | yolo_service:199 | [cam_001] Thời gian xử lý frame 46.67ms
2026-07-02 10:28:52 | DEBUG    | yolo_service:199 | [cam_002] Thời gian xử lý frame 23.39ms
2026-07-02 10:28:52 | DEBUG    | yolo_service:199 | [cam_001] Thời gian xử lý frame 35.66ms
2026-07-02 10:28:52 | DEBUG    | yolo_service:199 | [cam_002] Thời gian xử lý frame 59.82ms
2026-07-02 10:28:52 | DEBUG    | yolo_service:199 | [cam_001] Thời gian xử lý frame 106.39ms
2026-07-02 10:28:52 | DEBUG    | yolo_service:199 | [cam_002] Thời gian xử lý frame 59.15ms
2026-07-02 10:28:52 | DEBUG    | yolo_service:199 | [cam_002] Thời gian xử lý frame 16.64ms
2026-07-02 10:28:52 | DEBUG    | yolo_service:199 | [cam_001] Thời gian xử lý frame 26.98ms
2026-07-02 10:28:52 | DEBUG    | yolo_service:199 | [cam_002] Thời gian xử lý frame 55.64ms
2026-07-02 10:28:52 | DEBUG    | yolo_service:199 | [cam_002] Thời gian xử lý frame 14.88ms
2026-07-02 10:28:52 | DEBUG    | yolo_service:199 | [cam_001] Thời gian xử lý frame 103.08ms
2026-07-02 10:28:52 | DEBUG    | yolo_service:199 | [cam_002] Thời gian xử lý frame 60.44ms
2026-07-02 10:28:53 | DEBUG    | yolo_service:199 | [cam_002] Thời gian xử lý frame 17.88ms
2026-07-02 10:28:53 | DEBUG    | yolo_service:199 | [cam_002] Thời gian xử lý frame 70.49ms
2026-07-02 10:28:53 | DEBUG    | yolo_service:199 | [cam_001] Thời gian xử lý frame 120.71ms
2026-07-02 10:28:53 | DEBUG    | yolo_service:199 | [cam_001] Thời gian xử lý frame 38.01ms
2026-07-02 10:28:53 | DEBUG    | yolo_service:199 | [cam_002] Thời gian xử lý frame 84.82ms
2026-07-02 10:28:53 | DEBUG    | yolo_service:199 | [cam_002] Thời gian xử lý frame 67.71ms
2026-07-02 10:28:53 | DEBUG    | yolo_service:199 | [cam_001] Thời gian xử lý frame 122.99ms
2026-07-02 10:28:53 | DEBUG    | yolo_service:199 | [cam_002] Thời gian xử lý frame 25.06ms
2026-07-02 10:28:53 | DEBUG    | yolo_service:199 | [cam_001] Thời gian xử lý frame 32.10ms
2026-07-02 10:28:53 | DEBUG    | yolo_service:199 | [cam_001] Thời gian xử lý frame 32.45ms
2026-07-02 10:28:53 | DEBUG    | yolo_service:199 | [cam_002] Thời gian xử lý frame 58.74ms
2026-07-02 10:28:53 | DEBUG    | yolo_service:199 | [cam_002] Thời gian xử lý frame 55.45ms
2026-07-02 10:28:53 | DEBUG    | yolo_service:199 | [cam_002] Thời gian xử lý frame 56.19ms
2026-07-02 10:28:53 | DEBUG    | yolo_service:199 | [cam_002] Thời gian xử lý frame 9.19ms
2026-07-02 10:28:53 | DEBUG    | yolo_service:199 | [cam_001] Thời gian xử lý frame 157.96ms
2026-07-02 10:28:53 | DEBUG    | yolo_service:199 | [cam_002] Thời gian xử lý frame 108.57ms
2026-07-02 10:28:53 | DEBUG    | yolo_service:199 | [cam_002] Thời gian xử lý frame 18.19ms
2026-07-02 10:28:53 | DEBUG    | yolo_service:199 | [cam_002] Thời gian xử lý frame 23.83ms
2026-07-02 10:28:53 | DEBUG    | yolo_service:199 | [cam_001] Thời gian xử lý frame 117.19ms
2026-07-02 10:28:53 | DEBUG    | yolo_service:199 | [cam_002] Thời gian xử lý frame 22.55ms
2026-07-02 10:28:53 | DEBUG    | yolo_service:199 | [cam_001] Thời gian xử lý frame 39.39ms
2026-07-02 10:28:53 | DEBUG    | yolo_service:199 | [cam_001] Thời gian xử lý frame 32.69ms
2026-07-02 10:28:53 | DEBUG    | yolo_service:199 | [cam_002] Thời gian xử lý frame 56.65ms
2026-07-02 10:28:53 | DEBUG    | yolo_service:199 | [cam_002] Thời gian xử lý frame 12.27ms
2026-07-02 10:28:53 | DEBUG    | yolo_service:199 | [cam_002] Thời gian xử lý frame 58.70ms
2026-07-02 10:28:53 | DEBUG    | yolo_service:199 | [cam_002] Thời gian xử lý frame 16.23ms
2026-07-02 10:28:53 | DEBUG    | yolo_service:199 | [cam_001] Thời gian xử lý frame 100.52ms
2026-07-02 10:28:53 | DEBUG    | yolo_service:199 | [cam_002] Thời gian xử lý frame 57.05ms
2026-07-02 10:28:53 | DEBUG    | yolo_service:199 | [cam_001] Thời gian xử lý frame 99.21ms
2026-07-02 10:28:53 | DEBUG    | yolo_service:199 | [cam_002] Thời gian xử lý frame 54.82ms
2026-07-02 10:28:53 | DEBUG    | yolo_service:199 | [cam_002] Thời gian xử lý frame 81.79ms
2026-07-02 10:28:53 | DEBUG    | yolo_service:199 | [cam_002] Thời gian xử lý frame 29.92ms
2026-07-02 10:28:54 | DEBUG    | yolo_service:199 | [cam_001] Thời gian xử lý frame 126.92ms
2026-07-02 10:28:54 | DEBUG    | yolo_service:199 | [cam_001] Thời gian xử lý frame 41.70ms
2026-07-02 10:28:54 | DEBUG    | yolo_service:199 | [cam_002] Thời gian xử lý frame 69.36ms
2026-07-02 10:28:54 | DEBUG    | yolo_service:199 | [cam_001] Thời gian xử lý frame 38.33ms
2026-07-02 10:28:54 | DEBUG    | yolo_service:199 | [cam_001] Thời gian xử lý frame 44.83ms
2026-07-02 10:28:54 | DEBUG    | yolo_service:199 | [cam_002] Thời gian xử lý frame 64.57ms
2026-07-02 10:28:54 | DEBUG    | yolo_service:199 | [cam_002] Thời gian xử lý frame 55.71ms
2026-07-02 10:28:54 | DEBUG    | yolo_service:199 | [cam_001] Thời gian xử lý frame 94.59ms
2026-07-02 10:28:54 | DEBUG    | yolo_service:199 | [cam_002] Thời gian xử lý frame 61.28ms
2026-07-02 10:28:54 | DEBUG    | yolo_service:199 | [cam_002] Thời gian xử lý frame 14.07ms
2026-07-02 10:28:54 | DEBUG    | yolo_service:199 | [cam_002] Thời gian xử lý frame 13.02ms
2026-07-02 10:28:54 | DEBUG    | yolo_service:199 | [cam_001] Thời gian xử lý frame 98.98ms
2026-07-02 10:28:54 | DEBUG    | yolo_service:199 | [cam_002] Thời gian xử lý frame 56.43ms
2026-07-02 10:28:54 | DEBUG    | yolo_service:199 | [cam_002] Thời gian xử lý frame 55.06ms
2026-07-02 10:28:54 | DEBUG    | yolo_service:199 | [cam_002] Thời gian xử lý frame 141.05ms
2026-07-02 10:28:54 | DEBUG    | yolo_service:199 | [cam_001] Thời gian xử lý frame 224.11ms
2026-07-02 10:28:54 | DEBUG    | yolo_service:199 | [cam_002] Thời gian xử lý frame 17.42ms
2026-07-02 10:28:54 | DEBUG    | yolo_service:199 | [cam_001] Thời gian xử lý frame 28.64ms
2026-07-02 10:28:54 | DEBUG    | yolo_service:199 | [cam_002] Thời gian xử lý frame 50.97ms
2026-07-02 10:28:54 | DEBUG    | yolo_service:199 | [cam_002] Thời gian xử lý frame 11.45ms
2026-07-02 10:28:54 | DEBUG    | yolo_service:199 | [cam_001] Thời gian xử lý frame 95.00ms
2026-07-02 10:28:54 | DEBUG    | yolo_service:199 | [cam_002] Thời gian xử lý frame 58.95ms
2026-07-02 10:28:54 | DEBUG    | yolo_service:199 | [cam_002] Thời gian xử lý frame 9.98ms
2026-07-02 10:28:54 | DEBUG    | yolo_service:199 | [cam_002] Thời gian xử lý frame 48.48ms
2026-07-02 10:28:54 | DEBUG    | yolo_service:199 | [cam_001] Thời gian xử lý frame 83.26ms
2026-07-02 10:28:54 | DEBUG    | yolo_service:199 | [cam_002] Thời gian xử lý frame 55.40ms
2026-07-02 10:28:54 | DEBUG    | yolo_service:199 | [cam_002] Thời gian xử lý frame 7.62ms
2026-07-02 10:28:54 | DEBUG    | yolo_service:199 | [cam_001] Thời gian xử lý frame 96.07ms
2026-07-02 10:28:54 | DEBUG    | yolo_service:199 | [cam_002] Thời gian xử lý frame 55.45ms
2026-07-02 10:28:54 | DEBUG    | yolo_service:199 | [cam_001] Thời gian xử lý frame 20.18ms
2026-07-02 10:28:54 | DEBUG    | yolo_service:199 | [cam_002] Thời gian xử lý frame 49.68ms
2026-07-02 10:28:54 | DEBUG    | yolo_service:199 | [cam_002] Thời gian xử lý frame 52.92ms
2026-07-02 10:28:54 | DEBUG    | yolo_service:199 | [cam_001] Thời gian xử lý frame 86.67ms
2026-07-02 10:28:54 | DEBUG    | yolo_service:199 | [cam_002] Thời gian xử lý frame 9.03ms
2026-07-02 10:28:55 | DEBUG    | yolo_service:199 | [cam_002] Thời gian xử lý frame 47.50ms
2026-07-02 10:28:55 | DEBUG    | yolo_service:199 | [cam_001] Thời gian xử lý frame 87.52ms
2026-07-02 10:28:55 | DEBUG    | yolo_service:199 | [cam_002] Thời gian xử lý frame 52.33ms
2026-07-02 10:28:55 | DEBUG    | yolo_service:199 | [cam_001] Thời gian xử lý frame 19.31ms
2026-07-02 10:28:55 | DEBUG    | yolo_service:199 | [cam_002] Thời gian xử lý frame 59.19ms
2026-07-02 10:28:55 | DEBUG    | yolo_service:199 | [cam_002] Thời gian xử lý frame 11.20ms
2026-07-02 10:28:55 | DEBUG    | yolo_service:199 | [cam_001] Thời gian xử lý frame 95.16ms
2026-07-02 10:28:55 | DEBUG    | yolo_service:199 | [cam_002] Thời gian xử lý frame 54.04ms
2026-07-02 10:28:55 | DEBUG    | yolo_service:199 | [cam_002] Thời gian xử lý frame 53.03ms
2026-07-02 10:28:55 | DEBUG    | yolo_service:199 | [cam_001] Thời gian xử lý frame 90.59ms
2026-07-02 10:28:55 | DEBUG    | yolo_service:199 | [cam_002] Thời gian xử lý frame 13.72ms
2026-07-02 10:28:55 | DEBUG    | yolo_service:199 | [cam_002] Thời gian xử lý frame 53.00ms
2026-07-02 10:28:55 | DEBUG    | yolo_service:199 | [cam_002] Thời gian xử lý frame 9.53ms
2026-07-02 10:28:55 | DEBUG    | yolo_service:199 | [cam_001] Thời gian xử lý frame 92.17ms
2026-07-02 10:28:55 | DEBUG    | yolo_service:199 | [cam_002] Thời gian xử lý frame 48.48ms
2026-07-02 10:28:55 | DEBUG    | yolo_service:199 | [cam_002] Thời gian xử lý frame 53.20ms
2026-07-02 10:28:55 | DEBUG    | yolo_service:199 | [cam_001] Thời gian xử lý frame 94.74ms
2026-07-02 10:28:55 | DEBUG    | yolo_service:199 | [cam_001] Thời gian xử lý frame 17.17ms
2026-07-02 10:28:55 | DEBUG    | yolo_service:199 | [cam_002] Thời gian xử lý frame 48.73ms
2026-07-02 10:28:55 | DEBUG    | yolo_service:199 | [cam_002] Thời gian xử lý frame 51.02ms
2026-07-02 10:28:55 | DEBUG    | yolo_service:199 | [cam_001] Thời gian xử lý frame 88.02ms
2026-07-02 10:28:55 | DEBUG    | yolo_service:199 | [cam_002] Thời gian xử lý frame 50.50ms
2026-07-02 10:28:55 | DEBUG    | yolo_service:199 | [cam_002] Thời gian xử lý frame 54.32ms
2026-07-02 10:28:55 | DEBUG    | yolo_service:199 | [cam_002] Thời gian xử lý frame 12.87ms
2026-07-02 10:28:55 | DEBUG    | yolo_service:199 | [cam_001] Thời gian xử lý frame 103.25ms
2026-07-02 10:28:55 | DEBUG    | yolo_service:199 | [cam_002] Thời gian xử lý frame 58.28ms
2026-07-02 10:28:55 | DEBUG    | yolo_service:199 | [cam_001] Thời gian xử lý frame 93.21ms
2026-07-02 10:28:55 | DEBUG    | yolo_service:199 | [cam_002] Thời gian xử lý frame 55.20ms
2026-07-02 10:28:55 | DEBUG    | yolo_service:199 | [cam_002] Thời gian xử lý frame 12.26ms
2026-07-02 10:28:55 | DEBUG    | yolo_service:199 | [cam_002] Thời gian xử lý frame 52.88ms
2026-07-02 10:28:55 | DEBUG    | yolo_service:199 | [cam_001] Thời gian xử lý frame 96.59ms
2026-07-02 10:28:55 | DEBUG    | yolo_service:199 | [cam_002] Thời gian xử lý frame 48.39ms
2026-07-02 10:28:55 | DEBUG    | yolo_service:199 | [cam_002] Thời gian xử lý frame 48.98ms
2026-07-02 10:28:55 | DEBUG    | yolo_service:199 | [cam_001] Thời gian xử lý frame 89.61ms
2026-07-02 10:28:55 | DEBUG    | yolo_service:199 | [cam_002] Thời gian xử lý frame 52.75ms
2026-07-02 10:28:56 | DEBUG    | yolo_service:199 | [cam_001] Thời gian xử lý frame 86.46ms
2026-07-02 10:28:56 | DEBUG    | yolo_service:199 | [cam_002] Thời gian xử lý frame 52.90ms
2026-07-02 10:28:56 | DEBUG    | yolo_service:199 | [cam_002] Thời gian xử lý frame 48.62ms
2026-07-02 10:28:56 | DEBUG    | yolo_service:199 | [cam_001] Thời gian xử lý frame 85.71ms
2026-07-02 10:28:56 | DEBUG    | yolo_service:199 | [cam_002] Thời gian xử lý frame 48.36ms
2026-07-02 10:28:56 | DEBUG    | yolo_service:199 | [cam_002] Thời gian xử lý frame 53.00ms
2026-07-02 10:28:56 | DEBUG    | yolo_service:199 | [cam_002] Thời gian xử lý frame 53.34ms
2026-07-02 10:28:56 | DEBUG    | yolo_service:199 | [cam_002] Thời gian xử lý frame 11.73ms
2026-07-02 10:28:56 | DEBUG    | yolo_service:199 | [cam_001] Thời gian xử lý frame 154.09ms
2026-07-02 10:28:56 | DEBUG    | yolo_service:199 | [cam_002] Thời gian xử lý frame 51.98ms
2026-07-02 10:28:56 | DEBUG    | yolo_service:199 | [cam_001] Thời gian xử lý frame 95.52ms
2026-07-02 10:28:56 | DEBUG    | yolo_service:199 | [cam_002] Thời gian xử lý frame 58.18ms
2026-07-02 10:28:56 | DEBUG    | yolo_service:199 | [cam_002] Thời gian xử lý frame 49.36ms
2026-07-02 10:28:56 | DEBUG    | yolo_service:199 | [cam_001] Thời gian xử lý frame 86.52ms
2026-07-02 10:28:56 | DEBUG    | yolo_service:199 | [cam_002] Thời gian xử lý frame 55.99ms
2026-07-02 10:28:56 | DEBUG    | yolo_service:199 | [cam_001] Thời gian xử lý frame 29.83ms
2026-07-02 10:28:56 | DEBUG    | yolo_service:199 | [cam_002] Thời gian xử lý frame 50.71ms
2026-07-02 10:28:56 | DEBUG    | yolo_service:199 | [cam_001] Thời gian xử lý frame 102.09ms
2026-07-02 10:28:56 | DEBUG    | yolo_service:199 | [cam_002] Thời gian xử lý frame 63.49ms
2026-07-02 10:28:56 | DEBUG    | yolo_service:199 | [cam_002] Thời gian xử lý frame 13.35ms
2026-07-02 10:28:56 | DEBUG    | yolo_service:199 | [cam_002] Thời gian xử lý frame 57.50ms
2026-07-02 10:28:56 | DEBUG    | yolo_service:199 | [cam_001] Thời gian xử lý frame 93.83ms
2026-07-02 10:28:56 | DEBUG    | yolo_service:199 | [cam_002] Thời gian xử lý frame 49.71ms
2026-07-02 10:28:56 | DEBUG    | yolo_service:199 | [cam_002] Thời gian xử lý frame 56.53ms
2026-07-02 10:28:56 | DEBUG    | yolo_service:199 | [cam_001] Thời gian xử lý frame 92.56ms
2026-07-02 10:28:56 | DEBUG    | yolo_service:199 | [cam_002] Thời gian xử lý frame 64.70ms
2026-07-02 10:28:56 | DEBUG    | yolo_service:199 | [cam_001] Thời gian xử lý frame 88.47ms
2026-07-02 10:28:56 | DEBUG    | yolo_service:199 | [cam_002] Thời gian xử lý frame 49.00ms
2026-07-02 10:28:56 | DEBUG    | yolo_service:199 | [cam_001] Thời gian xử lý frame 97.56ms
2026-07-02 10:28:56 | DEBUG    | yolo_service:199 | [cam_002] Thời gian xử lý frame 93.06ms
2026-07-02 10:28:57 | DEBUG    | yolo_service:199 | [cam_002] Thời gian xử lý frame 65.07ms
2026-07-02 10:28:57 | DEBUG    | yolo_service:199 | [cam_001] Thời gian xử lý frame 98.11ms
2026-07-02 10:28:57 | DEBUG    | yolo_service:199 | [cam_001] Thời gian xử lý frame 25.89ms
2026-07-02 10:28:57 | DEBUG    | yolo_service:199 | [cam_002] Thời gian xử lý frame 50.96ms
2026-07-02 10:28:57 | DEBUG    | yolo_service:199 | [cam_002] Thời gian xử lý frame 60.03ms
2026-07-02 10:28:57 | DEBUG    | yolo_service:199 | [cam_001] Thời gian xử lý frame 99.45ms
2026-07-02 10:28:57 | DEBUG    | yolo_service:199 | [cam_002] Thời gian xử lý frame 56.41ms
2026-07-02 10:28:57 | DEBUG    | yolo_service:199 | [cam_002] Thời gian xử lý frame 13.52ms
2026-07-02 10:28:57 | DEBUG    | heartbeat_service:58 | 💓 Nhịp tim gửi Master: {'server_id': 'SV_004', 'cpu_usage': 51.3, 'has_gpu': True, 'gpu_usage': 0, 'vram_free_gb': 3.47, 'max_cam': 2}
2026-07-02 10:28:57 | DEBUG    | connectionpool:241 | Starting new HTTP connection (1): 10.40.91.11:5000
2026-07-02 10:28:57 | DEBUG    | connectionpool:544 | http://10.40.91.11:5000 "POST /api/heartbeat HTTP/1.1" 200 68
2026-07-02 10:28:57 | DEBUG    | yolo_service:199 | [cam_002] Thời gian xử lý frame 61.03ms
2026-07-02 10:28:57 | DEBUG    | yolo_service:199 | [cam_001] Thời gian xử lý frame 104.44ms
2026-07-02 10:28:57 | DEBUG    | yolo_service:199 | [cam_002] Thời gian xử lý frame 11.45ms
2026-07-02 10:28:57 | DEBUG    | yolo_service:199 | [cam_002] Thời gian xử lý frame 50.25ms
2026-07-02 10:28:57 | DEBUG    | yolo_service:199 | [cam_001] Thời gian xử lý frame 87.32ms
2026-07-02 10:28:57 | DEBUG    | yolo_service:199 | [cam_002] Thời gian xử lý frame 51.90ms
2026-07-02 10:28:57 | DEBUG    | yolo_service:199 | [cam_002] Thời gian xử lý frame 11.35ms
2026-07-02 10:28:57 | DEBUG    | yolo_service:199 | [cam_001] Thời gian xử lý frame 95.63ms
2026-07-02 10:28:57 | DEBUG    | yolo_service:199 | [cam_002] Thời gian xử lý frame 63.64ms
2026-07-02 10:28:57 | DEBUG    | yolo_service:199 | [cam_002] Thời gian xử lý frame 52.73ms
2026-07-02 10:28:57 | DEBUG    | yolo_service:199 | [cam_001] Thời gian xử lý frame 89.41ms
2026-07-02 10:28:57 | DEBUG    | yolo_service:199 | [cam_002] Thời gian xử lý frame 50.99ms
2026-07-02 10:28:57 | DEBUG    | yolo_service:199 | [cam_002] Thời gian xử lý frame 63.00ms
2026-07-02 10:28:57 | DEBUG    | yolo_service:199 | [cam_002] Thời gian xử lý frame 22.05ms
2026-07-02 10:28:57 | DEBUG    | yolo_service:199 | [cam_001] Thời gian xử lý frame 104.48ms
2026-07-02 10:28:57 | DEBUG    | yolo_service:199 | [cam_001] Thời gian xử lý frame 25.07ms
2026-07-02 10:28:57 | DEBUG    | yolo_service:199 | [cam_002] Thời gian xử lý frame 61.88ms
2026-07-02 10:28:57 | DEBUG    | yolo_service:199 | [cam_002] Thời gian xử lý frame 59.25ms
2026-07-02 10:28:57 | DEBUG    | yolo_service:199 | [cam_001] Thời gian xử lý frame 103.46ms
2026-07-02 10:28:57 | DEBUG    | yolo_service:199 | [cam_002] Thời gian xử lý frame 16.38ms
2026-07-02 10:28:57 | DEBUG    | yolo_service:199 | [cam_002] Thời gian xử lý frame 50.60ms
2026-07-02 10:28:57 | DEBUG    | yolo_service:199 | [cam_001] Thời gian xử lý frame 90.63ms
2026-07-02 10:28:57 | DEBUG    | yolo_service:199 | [cam_002] Thời gian xử lý frame 54.46ms
2026-07-02 10:28:57 | DEBUG    | yolo_service:199 | [cam_002] Thời gian xử lý frame 79.22ms
2026-07-02 10:28:58 | DEBUG    | yolo_service:199 | [cam_002] Thời gian xử lý frame 148.27ms
2026-07-02 10:28:58 | DEBUG    | yolo_service:199 | [cam_001] Thời gian xử lý frame 264.04ms
2026-07-02 10:28:58 | DEBUG    | yolo_service:199 | [cam_002] Thời gian xử lý frame 16.99ms
2026-07-02 10:28:58 | DEBUG    | yolo_service:199 | [cam_001] Thời gian xử lý frame 28.38ms
2026-07-02 10:28:58 | DEBUG    | yolo_service:199 | [cam_002] Thời gian xử lý frame 55.69ms
2026-07-02 10:28:58 | DEBUG    | yolo_service:199 | [cam_002] Thời gian xử lý frame 10.97ms
2026-07-02 10:28:58 | DEBUG    | yolo_service:199 | [cam_001] Thời gian xử lý frame 98.31ms
2026-07-02 10:28:58 | DEBUG    | yolo_service:199 | [cam_002] Thời gian xử lý frame 61.60ms
2026-07-02 10:28:58 | DEBUG    | yolo_service:199 | [cam_002] Thời gian xử lý frame 15.40ms
2026-07-02 10:28:58 | DEBUG    | yolo_service:199 | [cam_002] Thời gian xử lý frame 59.05ms
2026-07-02 10:28:58 | DEBUG    | yolo_service:199 | [cam_001] Thời gian xử lý frame 96.96ms
2026-07-02 10:28:58 | DEBUG    | yolo_service:199 | [cam_002] Thời gian xử lý frame 51.13ms
2026-07-02 10:28:58 | DEBUG    | yolo_service:199 | [cam_001] Thời gian xử lý frame 90.18ms
2026-07-02 10:28:58 | DEBUG    | yolo_service:199 | [cam_002] Thời gian xử lý frame 54.19ms
2026-07-02 10:28:58 | DEBUG    | yolo_service:199 | [cam_001] Thời gian xử lý frame 29.87ms
2026-07-02 10:28:58 | DEBUG    | yolo_service:199 | [cam_002] Thời gian xử lý frame 96.25ms
2026-07-02 10:28:58 | DEBUG    | yolo_service:199 | [cam_001] Thời gian xử lý frame 91.39ms
2026-07-02 10:28:58 | DEBUG    | yolo_service:199 | [cam_001] Thời gian xử lý frame 20.42ms
2026-07-02 10:28:58 | DEBUG    | yolo_service:199 | [cam_002] Thời gian xử lý frame 52.20ms
2026-07-02 10:28:58 | DEBUG    | yolo_service:199 | [cam_002] Thời gian xử lý frame 51.29ms
2026-07-02 10:28:58 | DEBUG    | yolo_service:199 | [cam_001] Thời gian xử lý frame 84.48ms
2026-07-02 10:28:58 | DEBUG    | yolo_service:199 | [cam_001] Thời gian xử lý frame 23.48ms
2026-07-02 10:28:58 | DEBUG    | yolo_service:199 | [cam_002] Thời gian xử lý frame 55.51ms
2026-07-02 10:28:58 | DEBUG    | yolo_service:199 | [cam_002] Thời gian xử lý frame 12.86ms
2026-07-02 10:28:58 | DEBUG    | yolo_service:199 | [cam_002] Thời gian xử lý frame 58.01ms
2026-07-02 10:28:58 | DEBUG    | yolo_service:199 | [cam_002] Thời gian xử lý frame 13.58ms
2026-07-02 10:28:58 | DEBUG    | yolo_service:199 | [cam_001] Thời gian xử lý frame 94.79ms
2026-07-02 10:28:58 | DEBUG    | yolo_service:199 | [cam_002] Thời gian xử lý frame 47.90ms
2026-07-02 10:28:58 | DEBUG    | yolo_service:199 | [cam_001] Thời gian xử lý frame 93.54ms
2026-07-02 10:28:58 | DEBUG    | yolo_service:199 | [cam_002] Thời gian xử lý frame 54.87ms
2026-07-02 10:28:58 | DEBUG    | yolo_service:199 | [cam_001] Thời gian xử lý frame 25.43ms
2026-07-02 10:28:58 | DEBUG    | yolo_service:199 | [cam_002] Thời gian xử lý frame 58.53ms
2026-07-02 10:28:58 | DEBUG    | yolo_service:199 | [cam_002] Thời gian xử lý frame 8.71ms
2026-07-02 10:28:59 | DEBUG    | yolo_service:199 | [cam_002] Thời gian xử lý frame 53.40ms
2026-07-02 10:28:59 | DEBUG    | yolo_service:199 | [cam_002] Thời gian xử lý frame 52.75ms
2026-07-02 10:28:59 | DEBUG    | yolo_service:199 | [cam_001] Thời gian xử lý frame 162.52ms
2026-07-02 10:28:59 | DEBUG    | yolo_service:199 | [cam_002] Thời gian xử lý frame 53.13ms
2026-07-02 10:28:59 | DEBUG    | yolo_service:199 | [cam_001] Thời gian xử lý frame 85.05ms
2026-07-02 10:28:59 | DEBUG    | yolo_service:199 | [cam_002] Thời gian xử lý frame 57.87ms
2026-07-02 10:28:59 | DEBUG    | yolo_service:199 | [cam_002] Thời gian xử lý frame 14.63ms
2026-07-02 10:28:59 | DEBUG    | yolo_service:199 | [cam_001] Thời gian xử lý frame 91.81ms
2026-07-02 10:28:59 | DEBUG    | yolo_service:199 | [cam_001] Thời gian xử lý frame 20.52ms
2026-07-02 10:28:59 | DEBUG    | yolo_service:199 | [cam_002] Thời gian xử lý frame 94.16ms
2026-07-02 10:28:59 | DEBUG    | yolo_service:199 | [cam_001] Thời gian xử lý frame 23.77ms
2026-07-02 10:28:59 | DEBUG    | yolo_service:199 | [cam_002] Thời gian xử lý frame 51.34ms
2026-07-02 10:28:59 | DEBUG    | yolo_service:199 | [cam_001] Thời gian xử lý frame 94.23ms
2026-07-02 10:28:59 | DEBUG    | yolo_service:199 | [cam_002] Thời gian xử lý frame 50.13ms
2026-07-02 10:28:59 | DEBUG    | yolo_service:199 | [cam_002] Thời gian xử lý frame 49.53ms
2026-07-02 10:28:59 | DEBUG    | yolo_service:199 | [cam_001] Thời gian xử lý frame 101.25ms
2026-07-02 10:28:59 | DEBUG    | yolo_service:199 | [cam_002] Thời gian xử lý frame 56.07ms
2026-07-02 10:28:59 | DEBUG    | yolo_service:199 | [cam_001] Thời gian xử lý frame 22.52ms
2026-07-02 10:28:59 | DEBUG    | yolo_service:199 | [cam_002] Thời gian xử lý frame 52.63ms
2026-07-02 10:28:59 | DEBUG    | yolo_service:199 | [cam_002] Thời gian xử lý frame 13.88ms
2026-07-02 10:28:59 | DEBUG    | yolo_service:199 | [cam_001] Thời gian xử lý frame 82.35ms
2026-07-02 10:28:59 | DEBUG    | yolo_service:199 | [cam_002] Thời gian xử lý frame 49.22ms
2026-07-02 10:28:59 | DEBUG    | yolo_service:199 | [cam_002] Thời gian xử lý frame 9.31ms
2026-07-02 10:28:59 | DEBUG    | yolo_service:199 | [cam_002] Thời gian xử lý frame 50.76ms
2026-07-02 10:28:59 | DEBUG    | yolo_service:199 | [cam_001] Thời gian xử lý frame 88.46ms
2026-07-02 10:28:59 | DEBUG    | yolo_service:199 | [cam_002] Thời gian xử lý frame 49.16ms
2026-07-02 10:28:59 | DEBUG    | yolo_service:199 | [cam_002] Thời gian xử lý frame 6.69ms
2026-07-02 10:28:59 | DEBUG    | yolo_service:199 | [cam_002] Thời gian xử lý frame 55.16ms
2026-07-02 10:28:59 | DEBUG    | yolo_service:199 | [cam_001] Thời gian xử lý frame 153.29ms
2026-07-02 10:28:59 | DEBUG    | yolo_service:199 | [cam_002] Thời gian xử lý frame 60.59ms
2026-07-02 10:28:59 | DEBUG    | yolo_service:199 | [cam_002] Thời gian xử lý frame 13.61ms
2026-07-02 10:28:59 | DEBUG    | yolo_service:199 | [cam_001] Thời gian xử lý frame 35.40ms
2026-07-02 10:28:59 | DEBUG    | yolo_service:199 | [cam_001] Thời gian xử lý frame 42.52ms
2026-07-02 10:28:59 | DEBUG    | yolo_service:199 | [cam_002] Thời gian xử lý frame 59.68ms
2026-07-02 10:28:59 | DEBUG    | yolo_service:199 | [cam_002] Thời gian xử lý frame 51.68ms
2026-07-02 10:29:00 | DEBUG    | yolo_service:199 | [cam_001] Thời gian xử lý frame 94.88ms
2026-07-02 10:29:00 | DEBUG    | yolo_service:199 | [cam_002] Thời gian xử lý frame 53.48ms
2026-07-02 10:29:00 | DEBUG    | yolo_service:199 | [cam_002] Thời gian xử lý frame 50.48ms
2026-07-02 10:29:00 | DEBUG    | yolo_service:199 | [cam_001] Thời gian xử lý frame 86.19ms
2026-07-02 10:29:00 | DEBUG    | yolo_service:199 | [cam_002] Thời gian xử lý frame 52.81ms
2026-07-02 10:29:00 | DEBUG    | yolo_service:199 | [cam_002] Thời gian xử lý frame 15.40ms
2026-07-02 10:29:00 | DEBUG    | yolo_service:199 | [cam_001] Thời gian xử lý frame 84.51ms
2026-07-02 10:29:00 | DEBUG    | yolo_service:199 | [cam_002] Thời gian xử lý frame 50.62ms
2026-07-02 10:29:00 | DEBUG    | yolo_service:199 | [cam_002] Thời gian xử lý frame 10.52ms
2026-07-02 10:29:00 | DEBUG    | yolo_service:199 | [cam_002] Thời gian xử lý frame 60.06ms
2026-07-02 10:29:00 | DEBUG    | yolo_service:199 | [cam_001] Thời gian xử lý frame 90.89ms
2026-07-02 10:29:00 | DEBUG    | yolo_service:199 | [cam_001] Thời gian xử lý frame 21.35ms
2026-07-02 10:29:00 | DEBUG    | yolo_service:199 | [cam_002] Thời gian xử lý frame 51.42ms
2026-07-02 10:29:00 | DEBUG    | yolo_service:199 | [cam_002] Thời gian xử lý frame 58.15ms
2026-07-02 10:29:00 | DEBUG    | yolo_service:199 | [cam_001] Thời gian xử lý frame 103.29ms
2026-07-02 10:29:00 | DEBUG    | yolo_service:199 | [cam_002] Thời gian xử lý frame 22.49ms
2026-07-02 10:29:00 | DEBUG    | yolo_service:199 | [cam_002] Thời gian xử lý frame 50.00ms
2026-07-02 10:29:00 | DEBUG    | yolo_service:199 | [cam_001] Thời gian xử lý frame 89.44ms
2026-07-02 10:29:00 | DEBUG    | yolo_service:199 | [cam_002] Thời gian xử lý frame 53.29ms
2026-07-02 10:29:00 | DEBUG    | yolo_service:199 | [cam_002] Thời gian xử lý frame 9.13ms
2026-07-02 10:29:00 | DEBUG    | yolo_service:199 | [cam_002] Thời gian xử lý frame 64.82ms
2026-07-02 10:29:00 | DEBUG    | yolo_service:199 | [cam_001] Thời gian xử lý frame 100.87ms
2026-07-02 10:29:00 | DEBUG    | yolo_service:199 | [cam_002] Thời gian xử lý frame 15.19ms
2026-07-02 10:29:00 | DEBUG    | yolo_service:199 | [cam_002] Thời gian xử lý frame 55.21ms
2026-07-02 10:29:00 | DEBUG    | yolo_service:199 | [cam_002] Thời gian xử lý frame 16.59ms
2026-07-02 10:29:00 | DEBUG    | yolo_service:199 | [cam_001] Thời gian xử lý frame 101.28ms
2026-07-02 10:29:00 | DEBUG    | yolo_service:199 | [cam_002] Thời gian xử lý frame 53.84ms
2026-07-02 10:29:00 | DEBUG    | yolo_service:199 | [cam_002] Thời gian xử lý frame 10.63ms
2026-07-02 10:29:00 | DEBUG    | yolo_service:199 | [cam_001] Thời gian xử lý frame 103.22ms
2026-07-02 10:29:00 | DEBUG    | yolo_service:199 | [cam_002] Thời gian xử lý frame 57.74ms
2026-07-02 10:29:00 | DEBUG    | yolo_service:199 | [cam_002] Thời gian xử lý frame 58.63ms
2026-07-02 10:29:00 | DEBUG    | yolo_service:199 | [cam_002] Thời gian xử lý frame 20.55ms
2026-07-02 10:29:00 | DEBUG    | yolo_service:199 | [cam_001] Thời gian xử lý frame 99.67ms
2026-07-02 10:29:00 | DEBUG    | yolo_service:199 | [cam_002] Thời gian xử lý frame 51.10ms
2026-07-02 10:29:00 | DEBUG    | yolo_service:199 | [cam_002] Thời gian xử lý frame 8.47ms
2026-07-02 10:29:01 | DEBUG    | yolo_service:199 | [cam_001] Thời gian xử lý frame 89.39ms
2026-07-02 10:29:01 | DEBUG    | yolo_service:199 | [cam_002] Thời gian xử lý frame 54.01ms
2026-07-02 10:29:01 | DEBUG    | yolo_service:199 | [cam_002] Thời gian xử lý frame 56.54ms
2026-07-02 10:29:01 | DEBUG    | yolo_service:199 | [cam_002] Thời gian xử lý frame 17.66ms
2026-07-02 10:29:01 | DEBUG    | yolo_service:199 | [cam_001] Thời gian xử lý frame 100.99ms
2026-07-02 10:29:01 | DEBUG    | yolo_service:199 | [cam_001] Thời gian xử lý frame 23.76ms
2026-07-02 10:29:01 | DEBUG    | yolo_service:199 | [cam_002] Thời gian xử lý frame 52.76ms
2026-07-02 10:29:01 | DEBUG    | yolo_service:199 | [cam_002] Thời gian xử lý frame 10.81ms
2026-07-02 10:29:01 | DEBUG    | yolo_service:199 | [cam_002] Thời gian xử lý frame 62.78ms
2026-07-02 10:29:01 | DEBUG    | yolo_service:199 | [cam_001] Thời gian xử lý frame 96.47ms
2026-07-02 10:29:01 | DEBUG    | yolo_service:199 | [cam_002] Thời gian xử lý frame 50.47ms
2026-07-02 10:29:01 | DEBUG    | yolo_service:199 | [cam_001] Thời gian xử lý frame 100.95ms
2026-07-02 10:29:01 | DEBUG    | yolo_service:199 | [cam_002] Thời gian xử lý frame 59.21ms
2026-07-02 10:29:01 | DEBUG    | yolo_service:199 | [cam_002] Thời gian xử lý frame 53.23ms
2026-07-02 10:29:01 | DEBUG    | yolo_service:199 | [cam_002] Thời gian xử lý frame 11.03ms
2026-07-02 10:29:01 | DEBUG    | yolo_service:199 | [cam_001] Thời gian xử lý frame 98.95ms
2026-07-02 10:29:01 | DEBUG    | yolo_service:199 | [cam_002] Thời gian xử lý frame 55.27ms
2026-07-02 10:29:01 | DEBUG    | yolo_service:199 | [cam_001] Thời gian xử lý frame 104.56ms
2026-07-02 10:29:01 | DEBUG    | yolo_service:199 | [cam_002] Thời gian xử lý frame 92.96ms
2026-07-02 10:29:01 | DEBUG    | yolo_service:199 | [cam_002] Thời gian xử lý frame 16.73ms
2026-07-02 10:29:01 | DEBUG    | yolo_service:199 | [cam_002] Thời gian xử lý frame 14.64ms
2026-07-02 10:29:01 | DEBUG    | yolo_service:199 | [cam_001] Thời gian xử lý frame 101.87ms
2026-07-02 10:29:01 | DEBUG    | yolo_service:199 | [cam_002] Thời gian xử lý frame 62.45ms
2026-07-02 10:29:01 | DEBUG    | yolo_service:199 | [cam_002] Thời gian xử lý frame 12.86ms
2026-07-02 10:29:01 | DEBUG    | yolo_service:199 | [cam_002] Thời gian xử lý frame 60.63ms
2026-07-02 10:29:01 | DEBUG    | yolo_service:199 | [cam_002] Thời gian xử lý frame 21.94ms
2026-07-02 10:29:01 | DEBUG    | yolo_service:199 | [cam_001] Thời gian xử lý frame 103.84ms
2026-07-02 10:29:01 | DEBUG    | yolo_service:199 | [cam_002] Thời gian xử lý frame 72.09ms
2026-07-02 10:29:01 | DEBUG    | yolo_service:199 | [cam_002] Thời gian xử lý frame 27.26ms
2026-07-02 10:29:01 | DEBUG    | yolo_service:199 | [cam_001] Thời gian xử lý frame 125.78ms
2026-07-02 10:29:01 | DEBUG    | yolo_service:199 | [cam_002] Thời gian xử lý frame 29.24ms
2026-07-02 10:29:01 | DEBUG    | yolo_service:199 | [cam_001] Thời gian xử lý frame 35.56ms
2026-07-02 10:29:01 | DEBUG    | yolo_service:199 | [cam_002] Thời gian xử lý frame 60.71ms
2026-07-02 10:29:01 | DEBUG    | yolo_service:199 | [cam_001] Thời gian xử lý frame 42.35ms
2026-07-02 10:29:01 | DEBUG    | yolo_service:199 | [cam_002] Thời gian xử lý frame 52.35ms
2026-07-02 10:29:02 | DEBUG    | yolo_service:199 | [cam_002] Thời gian xử lý frame 58.38ms
2026-07-02 10:29:02 | DEBUG    | yolo_service:199 | [cam_001] Thời gian xử lý frame 101.09ms
2026-07-02 10:29:02 | DEBUG    | yolo_service:199 | [cam_002] Thời gian xử lý frame 12.98ms
2026-07-02 10:29:02 | DEBUG    | yolo_service:199 | [cam_002] Thời gian xử lý frame 51.53ms
2026-07-02 10:29:02 | DEBUG    | yolo_service:199 | [cam_001] Thời gian xử lý frame 96.13ms
2026-07-02 10:29:02 | DEBUG    | yolo_service:199 | [cam_002] Thời gian xử lý frame 54.89ms
2026-07-02 10:29:02 | DEBUG    | yolo_service:199 | [cam_002] Thời gian xử lý frame 14.67ms
2026-07-02 10:29:02 | DEBUG    | yolo_service:199 | [cam_002] Thời gian xử lý frame 86.58ms
2026-07-02 10:29:02 | DEBUG    | yolo_service:199 | [cam_001] Thời gian xử lý frame 384.14ms
2026-07-02 10:29:02 | DEBUG    | yolo_service:199 | [cam_002] Thời gian xử lý frame 273.04ms
2026-07-02 10:29:02 | DEBUG    | yolo_service:199 | [cam_002] Thời gian xử lý frame 10.28ms
2026-07-02 10:29:02 | DEBUG    | yolo_service:199 | [cam_001] Thời gian xử lý frame 29.86ms
2026-07-02 10:29:02 | DEBUG    | yolo_service:199 | [cam_002] Thời gian xử lý frame 13.99ms
2026-07-02 10:29:02 | DEBUG    | yolo_service:199 | [cam_002] Thời gian xử lý frame 48.27ms
2026-07-02 10:29:02 | DEBUG    | yolo_service:199 | [cam_001] Thời gian xử lý frame 85.26ms
2026-07-02 10:29:02 | DEBUG    | yolo_service:199 | [cam_002] Thời gian xử lý frame 55.77ms
2026-07-02 10:29:02 | DEBUG    | yolo_service:199 | [cam_002] Thời gian xử lý frame 9.44ms
2026-07-02 10:29:02 | DEBUG    | yolo_service:199 | [cam_001] Thời gian xử lý frame 85.25ms
2026-07-02 10:29:02 | DEBUG    | yolo_service:199 | [cam_002] Thời gian xử lý frame 55.12ms
2026-07-02 10:29:02 | DEBUG    | yolo_service:199 | [cam_002] Thời gian xử lý frame 49.26ms
2026-07-02 10:29:02 | DEBUG    | yolo_service:199 | [cam_001] Thời gian xử lý frame 85.10ms
2026-07-02 10:29:02 | DEBUG    | yolo_service:199 | [cam_002] Thời gian xử lý frame 53.03ms
2026-07-02 10:29:02 | DEBUG    | yolo_service:199 | [cam_002] Thời gian xử lý frame 49.35ms
2026-07-02 10:29:02 | DEBUG    | yolo_service:199 | [cam_001] Thời gian xử lý frame 93.61ms
2026-07-02 10:29:02 | DEBUG    | yolo_service:199 | [cam_002] Thời gian xử lý frame 59.03ms
2026-07-02 10:29:02 | DEBUG    | yolo_service:199 | [cam_002] Thời gian xử lý frame 47.80ms
2026-07-02 10:29:03 | DEBUG    | yolo_service:199 | [cam_002] Thời gian xử lý frame 10.07ms
2026-07-02 10:29:03 | DEBUG    | yolo_service:199 | [cam_002] Thời gian xử lý frame 51.38ms
2026-07-02 10:29:03 | DEBUG    | yolo_service:199 | [cam_001] Thời gian xử lý frame 155.31ms
2026-07-02 10:29:03 | DEBUG    | yolo_service:199 | [cam_002] Thời gian xử lý frame 50.06ms
2026-07-02 10:29:03 | DEBUG    | yolo_service:199 | [cam_002] Thời gian xử lý frame 51.08ms
2026-07-02 10:29:03 | DEBUG    | yolo_service:199 | [cam_001] Thời gian xử lý frame 91.60ms
2026-07-02 10:29:03 | DEBUG    | yolo_service:199 | [cam_002] Thời gian xử lý frame 54.73ms
2026-07-02 10:29:03 | DEBUG    | yolo_service:199 | [cam_001] Thời gian xử lý frame 91.55ms
2026-07-02 10:29:03 | DEBUG    | yolo_service:199 | [cam_002] Thời gian xử lý frame 56.32ms
2026-07-02 10:29:03 | DEBUG    | yolo_service:199 | [cam_001] Thời gian xử lý frame 27.68ms
2026-07-02 10:29:03 | DEBUG    | yolo_service:199 | [cam_002] Thời gian xử lý frame 12.20ms
2026-07-02 10:29:03 | DEBUG    | heartbeat_service:58 | 💓 Nhịp tim gửi Master: {'server_id': 'SV_004', 'cpu_usage': 50.1, 'has_gpu': True, 'gpu_usage': 0, 'vram_free_gb': 3.47, 'max_cam': 2}
2026-07-02 10:29:03 | DEBUG    | connectionpool:241 | Starting new HTTP connection (1): 10.40.91.11:5000
2026-07-02 10:29:03 | DEBUG    | yolo_service:199 | [cam_001] Thời gian xử lý frame 28.10ms
2026-07-02 10:29:03 | DEBUG    | connectionpool:544 | http://10.40.91.11:5000 "POST /api/heartbeat HTTP/1.1" 200 68
2026-07-02 10:29:03 | DEBUG    | yolo_service:199 | [cam_002] Thời gian xử lý frame 48.42ms
2026-07-02 10:29:03 | DEBUG    | yolo_service:199 | [cam_002] Thời gian xử lý frame 54.68ms
2026-07-02 10:29:03 | DEBUG    | yolo_service:199 | [cam_001] Thời gian xử lý frame 91.96ms
2026-07-02 10:29:03 | DEBUG    | yolo_service:199 | [cam_002] Thời gian xử lý frame 14.07ms
2026-07-02 10:29:03 | DEBUG    | yolo_service:199 | [cam_002] Thời gian xử lý frame 57.24ms
2026-07-02 10:29:03 | DEBUG    | yolo_service:199 | [cam_001] Thời gian xử lý frame 87.34ms
2026-07-02 10:29:03 | DEBUG    | yolo_service:199 | [cam_002] Thời gian xử lý frame 51.50ms
2026-07-02 10:29:03 | DEBUG    | yolo_service:199 | [cam_001] Thời gian xử lý frame 19.88ms
2026-07-02 10:29:03 | DEBUG    | yolo_service:199 | [cam_002] Thời gian xử lý frame 48.96ms
2026-07-02 10:29:03 | DEBUG    | yolo_service:199 | [cam_001] Thời gian xử lý frame 93.92ms
2026-07-02 10:29:03 | DEBUG    | yolo_service:199 | [cam_002] Thời gian xử lý frame 51.24ms
2026-07-02 10:29:03 | DEBUG    | yolo_service:199 | [cam_002] Thời gian xử lý frame 54.51ms
2026-07-02 10:29:03 | DEBUG    | yolo_service:199 | [cam_002] Thời gian xử lý frame 13.66ms
2026-07-02 10:29:03 | DEBUG    | yolo_service:199 | [cam_001] Thời gian xử lý frame 92.05ms
2026-07-02 10:29:03 | DEBUG    | yolo_service:199 | [cam_002] Thời gian xử lý frame 48.20ms
2026-07-02 10:29:03 | DEBUG    | yolo_service:199 | [cam_002] Thời gian xử lý frame 48.84ms
2026-07-02 10:29:03 | DEBUG    | yolo_service:199 | [cam_002] Thời gian xử lý frame 51.09ms
2026-07-02 10:29:03 | DEBUG    | yolo_service:199 | [cam_002] Thời gian xử lý frame 11.38ms
2026-07-02 10:29:03 | DEBUG    | yolo_service:199 | [cam_001] Thời gian xử lý frame 155.20ms
2026-07-02 10:29:03 | DEBUG    | yolo_service:199 | [cam_002] Thời gian xử lý frame 48.67ms
2026-07-02 10:29:03 | DEBUG    | yolo_service:199 | [cam_001] Thời gian xử lý frame 86.40ms
2026-07-02 10:29:03 | DEBUG    | yolo_service:199 | [cam_002] Thời gian xử lý frame 58.39ms
2026-07-02 10:29:03 | DEBUG    | yolo_service:199 | [cam_002] Thời gian xử lý frame 7.93ms
2026-07-02 10:29:04 | DEBUG    | yolo_service:199 | [cam_002] Thời gian xử lý frame 50.21ms
2026-07-02 10:29:04 | DEBUG    | yolo_service:199 | [cam_001] Thời gian xử lý frame 84.99ms
2026-07-02 10:29:04 | DEBUG    | yolo_service:199 | [cam_002] Thời gian xử lý frame 55.63ms
2026-07-02 10:29:04 | DEBUG    | yolo_service:199 | [cam_001] Thời gian xử lý frame 89.66ms
2026-07-02 10:29:04 | DEBUG    | yolo_service:199 | [cam_002] Thời gian xử lý frame 51.68ms
2026-07-02 10:29:04 | DEBUG    | yolo_service:199 | [cam_002] Thời gian xử lý frame 47.99ms
2026-07-02 10:29:04 | DEBUG    | yolo_service:199 | [cam_002] Thời gian xử lý frame 50.38ms
2026-07-02 10:29:04 | DEBUG    | yolo_service:199 | [cam_001] Thời gian xử lý frame 153.56ms
2026-07-02 10:29:04 | DEBUG    | yolo_service:199 | [cam_002] Thời gian xử lý frame 53.98ms
2026-07-02 10:29:04 | DEBUG    | yolo_service:199 | [cam_002] Thời gian xử lý frame 49.34ms
2026-07-02 10:29:04 | DEBUG    | yolo_service:199 | [cam_001] Thời gian xử lý frame 83.51ms
2026-07-02 10:29:04 | DEBUG    | yolo_service:199 | [cam_002] Thời gian xử lý frame 48.88ms
2026-07-02 10:29:04 | DEBUG    | yolo_service:199 | [cam_002] Thời gian xử lý frame 48.86ms
2026-07-02 10:29:04 | DEBUG    | yolo_service:199 | [cam_001] Thời gian xử lý frame 90.03ms
2026-07-02 10:29:04 | DEBUG    | yolo_service:199 | [cam_001] Thời gian xử lý frame 20.37ms
2026-07-02 10:29:04 | DEBUG    | yolo_service:199 | [cam_002] Thời gian xử lý frame 52.55ms
2026-07-02 10:29:04 | DEBUG    | yolo_service:199 | [cam_002] Thời gian xử lý frame 49.51ms
2026-07-02 10:29:04 | DEBUG    | yolo_service:199 | [cam_001] Thời gian xử lý frame 90.27ms
2026-07-02 10:29:04 | DEBUG    | yolo_service:199 | [cam_002] Thời gian xử lý frame 51.88ms
2026-07-02 10:29:04 | DEBUG    | yolo_service:199 | [cam_002] Thời gian xử lý frame 57.19ms
2026-07-02 10:29:04 | DEBUG    | yolo_service:199 | [cam_002] Thời gian xử lý frame 14.02ms
2026-07-02 10:29:04 | DEBUG    | yolo_service:199 | [cam_001] Thời gian xử lý frame 91.67ms
2026-07-02 10:29:04 | DEBUG    | yolo_service:199 | [cam_002] Thời gian xử lý frame 51.22ms
2026-07-02 10:29:04 | DEBUG    | yolo_service:199 | [cam_001] Thời gian xử lý frame 106.23ms
2026-07-02 10:29:04 | DEBUG    | yolo_service:199 | [cam_002] Thời gian xử lý frame 58.74ms
2026-07-02 10:29:04 | DEBUG    | yolo_service:199 | [cam_002] Thời gian xử lý frame 13.01ms
2026-07-02 10:29:04 | DEBUG    | yolo_service:199 | [cam_002] Thời gian xử lý frame 50.05ms
2026-07-02 10:29:04 | DEBUG    | yolo_service:199 | [cam_002] Thời gian xử lý frame 17.54ms
2026-07-02 10:29:04 | DEBUG    | yolo_service:199 | [cam_001] Thời gian xử lý frame 94.38ms
2026-07-02 10:29:04 | DEBUG    | yolo_service:199 | [cam_002] Thời gian xử lý frame 52.00ms
2026-07-02 10:29:04 | DEBUG    | yolo_service:199 | [cam_001] Thời gian xử lý frame 90.10ms
2026-07-02 10:29:04 | DEBUG    | yolo_service:199 | [cam_002] Thời gian xử lý frame 54.90ms
2026-07-02 10:29:04 | DEBUG    | yolo_service:199 | [cam_002] Thời gian xử lý frame 9.59ms
2026-07-02 10:29:05 | DEBUG    | yolo_service:199 | [cam_001] Thời gian xử lý frame 92.31ms
2026-07-02 10:29:05 | DEBUG    | yolo_service:199 | [cam_002] Thời gian xử lý frame 97.97ms
2026-07-02 10:29:05 | DEBUG    | yolo_service:199 | [cam_001] Thời gian xử lý frame 28.21ms
2026-07-02 10:29:05 | DEBUG    | yolo_service:199 | [cam_002] Thời gian xử lý frame 57.20ms
2026-07-02 10:29:05 | DEBUG    | yolo_service:199 | [cam_002] Thời gian xử lý frame 11.34ms
2026-07-02 10:29:05 | DEBUG    | yolo_service:199 | [cam_001] Thời gian xử lý frame 90.18ms
2026-07-02 10:29:05 | DEBUG    | yolo_service:199 | [cam_002] Thời gian xử lý frame 50.34ms
2026-07-02 10:29:05 | DEBUG    | yolo_service:199 | [cam_002] Thời gian xử lý frame 61.51ms
2026-07-02 10:29:05 | DEBUG    | yolo_service:199 | [cam_001] Thời gian xử lý frame 103.69ms
2026-07-02 10:29:05 | DEBUG    | yolo_service:199 | [cam_002] Thời gian xử lý frame 18.72ms
2026-07-02 10:29:05 | DEBUG    | yolo_service:199 | [cam_001] Thời gian xử lý frame 25.10ms
2026-07-02 10:29:05 | DEBUG    | yolo_service:199 | [cam_001] Thời gian xử lý frame 18.71ms
2026-07-02 10:29:05 | DEBUG    | yolo_service:199 | [cam_002] Thời gian xử lý frame 56.31ms
2026-07-02 10:29:05 | DEBUG    | yolo_service:199 | [cam_002] Thời gian xử lý frame 12.20ms
2026-07-02 10:29:05 | DEBUG    | yolo_service:199 | [cam_002] Thời gian xử lý frame 53.50ms
2026-07-02 10:29:05 | DEBUG    | yolo_service:199 | [cam_002] Thời gian xử lý frame 9.80ms
2026-07-02 10:29:05 | DEBUG    | yolo_service:199 | [cam_002] Thời gian xử lý frame 57.16ms
2026-07-02 10:29:05 | DEBUG    | yolo_service:199 | [cam_001] Thời gian xử lý frame 159.69ms
2026-07-02 10:29:05 | DEBUG    | yolo_service:199 | [cam_002] Thời gian xử lý frame 49.62ms
2026-07-02 10:29:05 | DEBUG    | yolo_service:199 | [cam_001] Thời gian xử lý frame 99.44ms
2026-07-02 10:29:05 | DEBUG    | yolo_service:199 | [cam_002] Thời gian xử lý frame 61.02ms
2026-07-02 10:29:05 | DEBUG    | yolo_service:199 | [cam_002] Thời gian xử lý frame 55.02ms
2026-07-02 10:29:05 | DEBUG    | yolo_service:199 | [cam_001] Thời gian xử lý frame 85.69ms
2026-07-02 10:29:05 | DEBUG    | yolo_service:199 | [cam_002] Thời gian xử lý frame 50.40ms
2026-07-02 10:29:05 | DEBUG    | yolo_service:199 | [cam_002] Thời gian xử lý frame 12.89ms
2026-07-02 10:29:05 | DEBUG    | yolo_service:199 | [cam_002] Thời gian xử lý frame 61.08ms
2026-07-02 10:29:05 | DEBUG    | yolo_service:199 | [cam_001] Thời gian xử lý frame 96.79ms
2026-07-02 10:29:05 | DEBUG    | yolo_service:199 | [cam_002] Thời gian xử lý frame 8.72ms
2026-07-02 10:29:05 | DEBUG    | yolo_service:199 | [cam_002] Thời gian xử lý frame 50.17ms
2026-07-02 10:29:05 | DEBUG    | yolo_service:199 | [cam_001] Thời gian xử lý frame 86.53ms
2026-07-02 10:29:05 | DEBUG    | yolo_service:199 | [cam_002] Thời gian xử lý frame 54.04ms
2026-07-02 10:29:05 | DEBUG    | yolo_service:199 | [cam_002] Thời gian xử lý frame 56.73ms
2026-07-02 10:29:05 | DEBUG    | yolo_service:199 | [cam_001] Thời gian xử lý frame 94.11ms
2026-07-02 10:29:05 | DEBUG    | yolo_service:199 | [cam_002] Thời gian xử lý frame 48.42ms
2026-07-02 10:29:06 | DEBUG    | yolo_service:199 | [cam_001] Thời gian xử lý frame 94.30ms
2026-07-02 10:29:06 | DEBUG    | yolo_service:199 | [cam_002] Thời gian xử lý frame 58.72ms
2026-07-02 10:29:06 | DEBUG    | yolo_service:199 | [cam_002] Thời gian xử lý frame 51.97ms
2026-07-02 10:29:06 | DEBUG    | yolo_service:199 | [cam_001] Thời gian xử lý frame 91.00ms
2026-07-02 10:29:06 | DEBUG    | yolo_service:199 | [cam_002] Thời gian xử lý frame 49.79ms
2026-07-02 10:29:06 | DEBUG    | yolo_service:199 | [cam_002] Thời gian xử lý frame 52.60ms
2026-07-02 10:29:06 | DEBUG    | yolo_service:199 | [cam_002] Thời gian xử lý frame 11.61ms
2026-07-02 10:29:06 | DEBUG    | yolo_service:199 | [cam_002] Thời gian xử lý frame 50.41ms
2026-07-02 10:29:06 | DEBUG    | yolo_service:199 | [cam_001] Thời gian xử lý frame 159.12ms
2026-07-02 10:29:06 | DEBUG    | yolo_service:199 | [cam_002] Thời gian xử lý frame 52.98ms
2026-07-02 10:29:06 | DEBUG    | yolo_service:199 | [cam_002] Thời gian xử lý frame 228.11ms
2026-07-02 10:29:06 | DEBUG    | yolo_service:199 | [cam_001] Thời gian xử lý frame 266.75ms
2026-07-02 10:29:06 | DEBUG    | yolo_service:199 | [cam_002] Thời gian xử lý frame 12.60ms
2026-07-02 10:29:06 | DEBUG    | yolo_service:199 | [cam_001] Thời gian xử lý frame 24.68ms
2026-07-02 10:29:06 | DEBUG    | yolo_service:199 | [cam_002] Thời gian xử lý frame 53.15ms
2026-07-02 10:29:06 | DEBUG    | yolo_service:199 | [cam_002] Thời gian xử lý frame 52.43ms
2026-07-02 10:29:06 | DEBUG    | yolo_service:199 | [cam_001] Thời gian xử lý frame 89.36ms
2026-07-02 10:29:06 | DEBUG    | yolo_service:199 | [cam_002] Thời gian xử lý frame 50.27ms
2026-07-02 10:29:06 | DEBUG    | yolo_service:199 | [cam_001] Thời gian xử lý frame 81.95ms
2026-07-02 10:29:06 | DEBUG    | yolo_service:199 | [cam_002] Thời gian xử lý frame 47.62ms
2026-07-02 10:29:06 | DEBUG    | yolo_service:199 | [cam_002] Thời gian xử lý frame 53.01ms
2026-07-02 10:29:06 | DEBUG    | yolo_service:199 | [cam_001] Thời gian xử lý frame 92.57ms
2026-07-02 10:29:06 | DEBUG    | yolo_service:199 | [cam_001] Thời gian xử lý frame 16.37ms
2026-07-02 10:29:06 | DEBUG    | yolo_service:199 | [cam_002] Thời gian xử lý frame 51.58ms
2026-07-02 10:29:06 | DEBUG    | yolo_service:199 | [cam_002] Thời gian xử lý frame 54.32ms
2026-07-02 10:29:06 | DEBUG    | yolo_service:199 | [cam_002] Thời gian xử lý frame 14.89ms
2026-07-02 10:29:06 | DEBUG    | yolo_service:199 | [cam_001] Thời gian xử lý frame 96.83ms
2026-07-02 10:29:06 | DEBUG    | yolo_service:199 | [cam_002] Thời gian xử lý frame 54.32ms
2026-07-02 10:29:07 | DEBUG    | yolo_service:199 | [cam_002] Thời gian xử lý frame 57.16ms
2026-07-02 10:29:07 | DEBUG    | yolo_service:199 | [cam_001] Thời gian xử lý frame 91.51ms
2026-07-02 10:29:07 | DEBUG    | yolo_service:199 | [cam_001] Thời gian xử lý frame 26.09ms
2026-07-02 10:29:07 | DEBUG    | yolo_service:199 | [cam_002] Thời gian xử lý frame 29.14ms
2026-07-02 10:29:07 | DEBUG    | yolo_service:199 | [cam_002] Thời gian xử lý frame 47.27ms
2026-07-02 10:29:07 | DEBUG    | yolo_service:199 | [cam_001] Thời gian xử lý frame 83.92ms
2026-07-02 10:29:07 | DEBUG    | yolo_service:199 | [cam_002] Thời gian xử lý frame 48.74ms
2026-07-02 10:29:07 | DEBUG    | yolo_service:199 | [cam_002] Thời gian xử lý frame 49.30ms
2026-07-02 10:29:07 | DEBUG    | yolo_service:199 | [cam_001] Thời gian xử lý frame 82.35ms
2026-07-02 10:29:07 | DEBUG    | yolo_service:199 | [cam_001] Thời gian xử lý frame 15.80ms
2026-07-02 10:29:07 | DEBUG    | yolo_service:199 | [cam_002] Thời gian xử lý frame 51.23ms
2026-07-02 10:29:07 | DEBUG    | yolo_service:199 | [cam_002] Thời gian xử lý frame 10.15ms
2026-07-02 10:29:07 | DEBUG    | yolo_service:199 | [cam_001] Thời gian xử lý frame 85.20ms
2026-07-02 10:29:07 | DEBUG    | yolo_service:199 | [cam_002] Thời gian xử lý frame 87.75ms
2026-07-02 10:29:07 | DEBUG    | yolo_service:199 | [cam_002] Thời gian xử lý frame 9.44ms
2026-07-02 10:29:07 | DEBUG    | yolo_service:199 | [cam_001] Thời gian xử lý frame 83.50ms
2026-07-02 10:29:07 | DEBUG    | yolo_service:199 | [cam_002] Thời gian xử lý frame 47.66ms
2026-07-02 10:29:07 | DEBUG    | yolo_service:199 | [cam_002] Thời gian xử lý frame 51.70ms
2026-07-02 10:29:07 | DEBUG    | yolo_service:199 | [cam_001] Thời gian xử lý frame 104.17ms
2026-07-02 10:29:07 | DEBUG    | yolo_service:199 | [cam_002] Thời gian xử lý frame 56.72ms
2026-07-02 10:29:07 | DEBUG    | yolo_service:199 | [cam_002] Thời gian xử lý frame 54.58ms
2026-07-02 10:29:07 | DEBUG    | yolo_service:199 | [cam_002] Thời gian xử lý frame 11.32ms
2026-07-02 10:29:07 | DEBUG    | yolo_service:199 | [cam_001] Thời gian xử lý frame 87.22ms
2026-07-02 10:29:07 | DEBUG    | yolo_service:199 | [cam_002] Thời gian xử lý frame 47.44ms
2026-07-02 10:29:07 | DEBUG    | yolo_service:199 | [cam_001] Thời gian xử lý frame 87.79ms
2026-07-02 10:29:07 | DEBUG    | yolo_service:199 | [cam_002] Thời gian xử lý frame 53.79ms
2026-07-02 10:29:07 | DEBUG    | yolo_service:199 | [cam_002] Thời gian xử lý frame 8.52ms
2026-07-02 10:29:07 | DEBUG    | yolo_service:199 | [cam_002] Thời gian xử lý frame 47.11ms
2026-07-02 10:29:07 | DEBUG    | yolo_service:199 | [cam_002] Thời gian xử lý frame 51.32ms
2026-07-02 10:29:07 | DEBUG    | yolo_service:199 | [cam_001] Thời gian xử lý frame 151.21ms
2026-07-02 10:29:07 | DEBUG    | yolo_service:199 | [cam_002] Thời gian xử lý frame 50.78ms
2026-07-02 10:29:07 | DEBUG    | yolo_service:199 | [cam_001] Thời gian xử lý frame 83.84ms
2026-07-02 10:29:07 | DEBUG    | yolo_service:199 | [cam_002] Thời gian xử lý frame 89.83ms
2026-07-02 10:29:08 | DEBUG    | yolo_service:199 | [cam_002] Thời gian xử lý frame 50.18ms
2026-07-02 10:29:08 | DEBUG    | yolo_service:199 | [cam_001] Thời gian xử lý frame 89.37ms
2026-07-02 10:29:08 | DEBUG    | yolo_service:199 | [cam_002] Thời gian xử lý frame 53.74ms
2026-07-02 10:29:08 | DEBUG    | yolo_service:199 | [cam_002] Thời gian xử lý frame 54.49ms
2026-07-02 10:29:08 | DEBUG    | yolo_service:199 | [cam_001] Thời gian xử lý frame 96.52ms
2026-07-02 10:29:08 | DEBUG    | yolo_service:199 | [cam_002] Thời gian xử lý frame 11.37ms
2026-07-02 10:29:08 | DEBUG    | yolo_service:199 | [cam_002] Thời gian xử lý frame 48.56ms
2026-07-02 10:29:08 | DEBUG    | yolo_service:199 | [cam_002] Thời gian xử lý frame 54.61ms
2026-07-02 10:29:08 | DEBUG    | yolo_service:199 | [cam_002] Thời gian xử lý frame 55.16ms
2026-07-02 10:29:08 | DEBUG    | yolo_service:199 | [cam_001] Thời gian xử lý frame 162.82ms
2026-07-02 10:29:08 | DEBUG    | yolo_service:199 | [cam_001] Thời gian xử lý frame 17.19ms
2026-07-02 10:29:08 | DEBUG    | yolo_service:199 | [cam_002] Thời gian xử lý frame 50.34ms
2026-07-02 10:29:08 | DEBUG    | yolo_service:199 | [cam_002] Thời gian xử lý frame 49.59ms
2026-07-02 10:29:08 | DEBUG    | yolo_service:199 | [cam_002] Thời gian xử lý frame 54.50ms
2026-07-02 10:29:08 | DEBUG    | yolo_service:199 | [cam_001] Thời gian xử lý frame 153.12ms
2026-07-02 10:29:08 | DEBUG    | yolo_service:199 | [cam_001] Thời gian xử lý frame 16.63ms
2026-07-02 10:29:08 | DEBUG    | yolo_service:199 | [cam_002] Thời gian xử lý frame 92.77ms
2026-07-02 10:29:08 | DEBUG    | yolo_service:199 | [cam_001] Thời gian xử lý frame 92.64ms
2026-07-02 10:29:08 | DEBUG    | yolo_service:199 | [cam_002] Thời gian xử lý frame 52.82ms
2026-07-02 10:29:08 | DEBUG    | yolo_service:199 | [cam_002] Thời gian xử lý frame 11.79ms
2026-07-02 10:29:08 | DEBUG    | yolo_service:199 | [cam_002] Thời gian xử lý frame 56.61ms
2026-07-02 10:29:08 | DEBUG    | yolo_service:199 | [cam_001] Thời gian xử lý frame 93.74ms
2026-07-02 10:29:08 | DEBUG    | yolo_service:199 | [cam_002] Thời gian xử lý frame 51.16ms
2026-07-02 10:29:08 | DEBUG    | yolo_service:199 | [cam_002] Thời gian xử lý frame 10.33ms
2026-07-02 10:29:08 | DEBUG    | yolo_service:199 | [cam_001] Thời gian xử lý frame 87.37ms
2026-07-02 10:29:08 | DEBUG    | yolo_service:199 | [cam_002] Thời gian xử lý frame 54.27ms
2026-07-02 10:29:08 | DEBUG    | yolo_service:199 | [cam_002] Thời gian xử lý frame 58.19ms
2026-07-02 10:29:08 | DEBUG    | yolo_service:199 | [cam_001] Thời gian xử lý frame 101.28ms
2026-07-02 10:29:08 | DEBUG    | yolo_service:199 | [cam_001] Thời gian xử lý frame 37.45ms
2026-07-02 10:29:08 | DEBUG    | yolo_service:199 | [cam_002] Thời gian xử lý frame 68.48ms
2026-07-02 10:29:08 | DEBUG    | yolo_service:199 | [cam_001] Thời gian xử lý frame 32.09ms
2026-07-02 10:29:08 | DEBUG    | yolo_service:199 | [cam_002] Thời gian xử lý frame 52.75ms
2026-07-02 10:29:09 | DEBUG    | yolo_service:199 | [cam_002] Thời gian xử lý frame 56.85ms
2026-07-02 10:29:09 | DEBUG    | yolo_service:199 | [cam_001] Thời gian xử lý frame 103.08ms
2026-07-02 10:29:09 | DEBUG    | yolo_service:199 | [cam_002] Thời gian xử lý frame 17.19ms
2026-07-02 10:29:09 | DEBUG    | yolo_service:199 | [cam_002] Thời gian xử lý frame 54.82ms
2026-07-02 10:29:09 | DEBUG    | yolo_service:199 | [cam_002] Thời gian xử lý frame 16.18ms
2026-07-02 10:29:09 | DEBUG    | yolo_service:199 | [cam_001] Thời gian xử lý frame 96.55ms
2026-07-02 10:29:09 | DEBUG    | yolo_service:199 | [cam_002] Thời gian xử lý frame 54.44ms
2026-07-02 10:29:09 | DEBUG    | yolo_service:199 | [cam_002] Thời gian xử lý frame 58.93ms
2026-07-02 10:29:09 | DEBUG    | yolo_service:199 | [cam_001] Thời gian xử lý frame 106.13ms
2026-07-02 10:29:09 | DEBUG    | yolo_service:199 | [cam_002] Thời gian xử lý frame 27.39ms
2026-07-02 10:29:09 | DEBUG    | yolo_service:199 | [cam_002] Thời gian xử lý frame 69.14ms
2026-07-02 10:29:09 | DEBUG    | yolo_service:199 | [cam_002] Thời gian xử lý frame 31.90ms
2026-07-02 10:29:09 | DEBUG    | yolo_service:199 | [cam_001] Thời gian xử lý frame 132.79ms
2026-07-02 10:29:09 | DEBUG    | heartbeat_service:58 | 💓 Nhịp tim gửi Master: {'server_id': 'SV_004', 'cpu_usage': 54.2, 'has_gpu': True, 'gpu_usage': 0, 'vram_free_gb': 3.47, 'max_cam': 2}
2026-07-02 10:29:09 | DEBUG    | yolo_service:199 | [cam_002] Thời gian xử lý frame 22.45ms
2026-07-02 10:29:09 | DEBUG    | connectionpool:241 | Starting new HTTP connection (1): 10.40.91.11:5000
2026-07-02 10:29:09 | DEBUG    | connectionpool:544 | http://10.40.91.11:5000 "POST /api/heartbeat HTTP/1.1" 200 68
2026-07-02 10:29:09 | DEBUG    | yolo_service:199 | [cam_002] Thời gian xử lý frame 20.89ms
2026-07-02 10:29:09 | DEBUG    | yolo_service:199 | [cam_002] Thời gian xử lý frame 16.15ms
2026-07-02 10:29:09 | DEBUG    | yolo_service:199 | [cam_001] Thời gian xử lý frame 102.35ms
2026-07-02 10:29:09 | DEBUG    | yolo_service:199 | [cam_002] Thời gian xử lý frame 58.22ms
2026-07-02 10:29:09 | DEBUG    | yolo_service:199 | [cam_002] Thời gian xử lý frame 57.60ms
2026-07-02 10:29:09 | DEBUG    | yolo_service:199 | [cam_001] Thời gian xử lý frame 97.88ms
2026-07-02 10:29:09 | DEBUG    | yolo_service:199 | [cam_002] Thời gian xử lý frame 60.71ms
2026-07-02 10:29:09 | DEBUG    | yolo_service:199 | [cam_002] Thời gian xử lý frame 13.31ms
2026-07-02 10:29:09 | DEBUG    | yolo_service:199 | [cam_001] Thời gian xử lý frame 103.41ms
2026-07-02 10:29:09 | DEBUG    | yolo_service:199 | [cam_002] Thời gian xử lý frame 66.31ms
2026-07-02 10:29:09 | DEBUG    | yolo_service:199 | [cam_002] Thời gian xử lý frame 52.25ms
2026-07-02 10:29:09 | DEBUG    | yolo_service:199 | [cam_001] Thời gian xử lý frame 91.22ms
2026-07-02 10:29:09 | DEBUG    | yolo_service:199 | [cam_002] Thời gian xử lý frame 95.42ms
2026-07-02 10:29:09 | DEBUG    | yolo_service:199 | [cam_001] Thời gian xử lý frame 90.27ms
2026-07-02 10:29:09 | DEBUG    | yolo_service:199 | [cam_002] Thời gian xử lý frame 61.73ms
2026-07-02 10:29:09 | DEBUG    | yolo_service:199 | [cam_001] Thời gian xử lý frame 42.65ms
2026-07-02 10:29:09 | DEBUG    | yolo_service:199 | [cam_002] Thời gian xử lý frame 21.00ms
2026-07-02 10:29:09 | DEBUG    | yolo_service:199 | [cam_002] Thời gian xử lý frame 22.29ms
2026-07-02 10:29:09 | DEBUG    | yolo_service:199 | [cam_001] Thời gian xử lý frame 34.96ms
2026-07-02 10:29:09 | DEBUG    | yolo_service:199 | [cam_002] Thời gian xử lý frame 53.13ms
2026-07-02 10:29:10 | DEBUG    | yolo_service:199 | [cam_001] Thời gian xử lý frame 92.99ms
2026-07-02 10:29:10 | DEBUG    | yolo_service:199 | [cam_002] Thời gian xử lý frame 53.70ms
2026-07-02 10:29:10 | DEBUG    | yolo_service:199 | [cam_002] Thời gian xử lý frame 12.71ms
2026-07-02 10:29:10 | DEBUG    | yolo_service:199 | [cam_002] Thời gian xử lý frame 58.89ms
2026-07-02 10:29:10 | DEBUG    | yolo_service:199 | [cam_001] Thời gian xử lý frame 100.16ms
2026-07-02 10:29:10 | DEBUG    | yolo_service:199 | [cam_002] Thời gian xử lý frame 24.70ms
2026-07-02 10:29:10 | DEBUG    | yolo_service:199 | [cam_002] Thời gian xử lý frame 56.31ms
2026-07-02 10:29:10 | DEBUG    | yolo_service:199 | [cam_001] Thời gian xử lý frame 88.10ms
2026-07-02 10:29:10 | DEBUG    | yolo_service:199 | [cam_002] Thời gian xử lý frame 55.68ms
2026-07-02 10:29:10 | DEBUG    | yolo_service:199 | [cam_001] Thời gian xử lý frame 100.05ms
2026-07-02 10:29:10 | DEBUG    | yolo_service:199 | [cam_001] Thời gian xử lý frame 34.48ms
2026-07-02 10:29:10 | DEBUG    | yolo_service:199 | [cam_002] Thời gian xử lý frame 105.10ms
2026-07-02 10:29:10 | DEBUG    | yolo_service:199 | [cam_002] Thời gian xử lý frame 11.33ms
2026-07-02 10:29:10 | DEBUG    | yolo_service:199 | [cam_002] Thời gian xử lý frame 52.26ms
2026-07-02 10:29:10 | DEBUG    | yolo_service:199 | [cam_001] Thời gian xử lý frame 89.66ms
2026-07-02 10:29:10 | DEBUG    | yolo_service:199 | [cam_001] Thời gian xử lý frame 26.82ms
2026-07-02 10:29:10 | DEBUG    | yolo_service:199 | [cam_002] Thời gian xử lý frame 54.73ms
2026-07-02 10:29:10 | DEBUG    | yolo_service:199 | [cam_001] Thời gian xử lý frame 89.15ms
2026-07-02 10:29:10 | DEBUG    | yolo_service:199 | [cam_002] Thời gian xử lý frame 100.41ms
2026-07-02 10:29:10 | DEBUG    | yolo_service:199 | [cam_002] Thời gian xử lý frame 11.47ms
2026-07-02 10:29:10 | DEBUG    | yolo_service:199 | [cam_002] Thời gian xử lý frame 64.02ms
2026-07-02 10:29:10 | DEBUG    | yolo_service:199 | [cam_001] Thời gian xử lý frame 115.62ms
2026-07-02 10:29:10 | DEBUG    | yolo_service:199 | [cam_002] Thời gian xử lý frame 24.31ms
2026-07-02 10:29:10 | DEBUG    | yolo_service:199 | [cam_002] Thời gian xử lý frame 19.89ms
2026-07-02 10:29:10 | DEBUG    | yolo_service:199 | [cam_001] Thời gian xử lý frame 35.08ms
2026-07-02 10:29:10 | DEBUG    | yolo_service:199 | [cam_001] Thời gian xử lý frame 24.47ms
2026-07-02 10:29:10 | DEBUG    | yolo_service:199 | [cam_002] Thời gian xử lý frame 51.95ms
2026-07-02 10:29:10 | DEBUG    | yolo_service:199 | [cam_002] Thời gian xử lý frame 52.85ms
2026-07-02 10:29:10 | DEBUG    | yolo_service:199 | [cam_002] Thời gian xử lý frame 21.03ms
2026-07-02 10:29:10 | DEBUG    | yolo_service:199 | [cam_001] Thời gian xử lý frame 102.88ms
2026-07-02 10:29:10 | DEBUG    | yolo_service:199 | [cam_001] Thời gian xử lý frame 19.88ms
2026-07-02 10:29:10 | DEBUG    | yolo_service:199 | [cam_002] Thời gian xử lý frame 51.71ms
2026-07-02 10:29:10 | DEBUG    | yolo_service:199 | [cam_002] Thời gian xử lý frame 9.34ms
2026-07-02 10:29:10 | DEBUG    | yolo_service:199 | [cam_002] Thời gian xử lý frame 65.99ms
2026-07-02 10:29:10 | DEBUG    | yolo_service:199 | [cam_001] Thời gian xử lý frame 115.84ms
2026-07-02 10:29:10 | DEBUG    | yolo_service:199 | [cam_002] Thời gian xử lý frame 27.22ms
2026-07-02 10:29:11 | DEBUG    | yolo_service:199 | [cam_001] Thời gian xử lý frame 38.69ms
2026-07-02 10:29:11 | DEBUG    | yolo_service:199 | [cam_002] Thời gian xử lý frame 61.95ms
2026-07-02 10:29:11 | DEBUG    | yolo_service:199 | [cam_002] Thời gian xử lý frame 26.40ms
2026-07-02 10:29:11 | DEBUG    | yolo_service:199 | [cam_001] Thời gian xử lý frame 89.72ms
2026-07-02 10:29:11 | DEBUG    | yolo_service:199 | [cam_001] Thời gian xử lý frame 217.96ms
2026-07-02 10:29:11 | DEBUG    | yolo_service:199 | [cam_002] Thời gian xử lý frame 265.86ms
2026-07-02 10:29:11 | DEBUG    | yolo_service:199 | [cam_001] Thời gian xử lý frame 25.53ms
2026-07-02 10:29:11 | DEBUG    | yolo_service:199 | [cam_002] Thời gian xử lý frame 16.69ms
2026-07-02 10:29:11 | DEBUG    | yolo_service:199 | [cam_002] Thời gian xử lý frame 11.86ms
2026-07-02 10:29:11 | DEBUG    | yolo_service:199 | [cam_002] Thời gian xử lý frame 50.09ms
2026-07-02 10:29:11 | DEBUG    | yolo_service:199 | [cam_001] Thời gian xử lý frame 89.54ms
2026-07-02 10:29:11 | DEBUG    | yolo_service:199 | [cam_001] Thời gian xử lý frame 25.31ms
2026-07-02 10:29:11 | DEBUG    | yolo_service:199 | [cam_002] Thời gian xử lý frame 53.65ms
2026-07-02 10:29:11 | DEBUG    | yolo_service:199 | [cam_001] Thời gian xử lý frame 98.21ms
2026-07-02 10:29:11 | DEBUG    | yolo_service:199 | [cam_002] Thời gian xử lý frame 98.33ms
2026-07-02 10:29:11 | DEBUG    | yolo_service:199 | [cam_002] Thời gian xử lý frame 11.59ms
2026-07-02 10:29:11 | DEBUG    | yolo_service:199 | [cam_002] Thời gian xử lý frame 54.19ms
2026-07-02 10:29:11 | DEBUG    | yolo_service:199 | [cam_002] Thời gian xử lý frame 13.94ms
2026-07-02 10:29:11 | DEBUG    | yolo_service:199 | [cam_001] Thời gian xử lý frame 92.09ms
2026-07-02 10:29:11 | DEBUG    | yolo_service:199 | [cam_001] Thời gian xử lý frame 19.98ms
2026-07-02 10:29:11 | DEBUG    | yolo_service:199 | [cam_002] Thời gian xử lý frame 52.69ms
2026-07-02 10:29:11 | DEBUG    | yolo_service:199 | [cam_002] Thời gian xử lý frame 52.52ms
2026-07-02 10:29:11 | DEBUG    | yolo_service:199 | [cam_001] Thời gian xử lý frame 88.75ms
2026-07-02 10:29:11 | DEBUG    | yolo_service:199 | [cam_002] Thời gian xử lý frame 48.44ms
2026-07-02 10:29:11 | DEBUG    | yolo_service:199 | [cam_001] Thời gian xử lý frame 82.54ms
2026-07-02 10:29:11 | DEBUG    | yolo_service:199 | [cam_002] Thời gian xử lý frame 55.91ms
2026-07-02 10:29:11 | DEBUG    | yolo_service:199 | [cam_002] Thời gian xử lý frame 48.00ms
2026-07-02 10:29:11 | DEBUG    | yolo_service:199 | [cam_002] Thời gian xử lý frame 7.10ms
2026-07-02 10:29:11 | DEBUG    | yolo_service:199 | [cam_001] Thời gian xử lý frame 84.47ms
2026-07-02 10:29:11 | DEBUG    | yolo_service:199 | [cam_002] Thời gian xử lý frame 47.73ms
2026-07-02 10:29:12 | DEBUG    | yolo_service:199 | [cam_002] Thời gian xử lý frame 49.60ms
2026-07-02 10:29:12 | DEBUG    | yolo_service:199 | [cam_001] Thời gian xử lý frame 90.51ms
2026-07-02 10:29:12 | DEBUG    | yolo_service:199 | [cam_002] Thời gian xử lý frame 50.63ms
2026-07-02 10:29:12 | DEBUG    | yolo_service:199 | [cam_002] Thời gian xử lý frame 10.54ms
2026-07-02 10:29:12 | DEBUG    | yolo_service:199 | [cam_001] Thời gian xử lý frame 85.33ms
2026-07-02 10:29:12 | DEBUG    | yolo_service:199 | [cam_002] Thời gian xử lý frame 49.64ms
2026-07-02 10:29:12 | DEBUG    | yolo_service:199 | [cam_002] Thời gian xử lý frame 56.74ms
2026-07-02 10:29:12 | DEBUG    | yolo_service:199 | [cam_001] Thời gian xử lý frame 89.47ms
2026-07-02 10:29:12 | DEBUG    | yolo_service:199 | [cam_002] Thời gian xử lý frame 58.09ms
2026-07-02 10:29:12 | DEBUG    | yolo_service:199 | [cam_002] Thời gian xử lý frame 12.63ms
2026-07-02 10:29:12 | DEBUG    | yolo_service:199 | [cam_001] Thời gian xử lý frame 87.64ms
2026-07-02 10:29:12 | DEBUG    | yolo_service:199 | [cam_002] Thời gian xử lý frame 57.74ms
2026-07-02 10:29:12 | DEBUG    | yolo_service:199 | [cam_001] Thời gian xử lý frame 26.68ms
2026-07-02 10:29:12 | DEBUG    | yolo_service:199 | [cam_002] Thời gian xử lý frame 10.60ms
2026-07-02 10:29:12 | DEBUG    | yolo_service:199 | [cam_002] Thời gian xử lý frame 51.44ms
2026-07-02 10:29:12 | DEBUG    | yolo_service:199 | [cam_001] Thời gian xử lý frame 88.05ms
2026-07-02 10:29:12 | DEBUG    | yolo_service:199 | [cam_002] Thời gian xử lý frame 50.39ms
2026-07-02 10:29:12 | DEBUG    | yolo_service:199 | [cam_002] Thời gian xử lý frame 53.20ms
2026-07-02 10:29:12 | DEBUG    | yolo_service:199 | [cam_001] Thời gian xử lý frame 87.68ms
2026-07-02 10:29:12 | DEBUG    | yolo_service:199 | [cam_001] Thời gian xử lý frame 18.66ms
2026-07-02 10:29:12 | DEBUG    | yolo_service:199 | [cam_002] Thời gian xử lý frame 53.90ms
2026-07-02 10:29:12 | DEBUG    | yolo_service:199 | [cam_002] Thời gian xử lý frame 14.92ms
2026-07-02 10:29:12 | DEBUG    | yolo_service:199 | [cam_002] Thời gian xử lý frame 13.39ms
2026-07-02 10:29:12 | DEBUG    | yolo_service:199 | [cam_001] Thời gian xử lý frame 89.59ms
2026-07-02 10:29:12 | DEBUG    | yolo_service:199 | [cam_002] Thời gian xử lý frame 52.92ms
2026-07-02 10:29:12 | DEBUG    | yolo_service:199 | [cam_002] Thời gian xử lý frame 50.32ms
2026-07-02 10:29:12 | DEBUG    | yolo_service:199 | [cam_002] Thời gian xử lý frame 12.28ms
2026-07-02 10:29:12 | DEBUG    | yolo_service:199 | [cam_001] Thời gian xử lý frame 89.66ms
2026-07-02 10:29:12 | DEBUG    | yolo_service:199 | [cam_001] Thời gian xử lý frame 21.43ms
2026-07-02 10:29:12 | DEBUG    | yolo_service:199 | [cam_002] Thời gian xử lý frame 51.55ms
2026-07-02 10:29:12 | DEBUG    | yolo_service:199 | [cam_002] Thời gian xử lý frame 53.56ms
2026-07-02 10:29:12 | DEBUG    | yolo_service:199 | [cam_002] Thời gian xử lý frame 12.08ms
2026-07-02 10:29:12 | DEBUG    | yolo_service:199 | [cam_001] Thời gian xử lý frame 90.98ms
2026-07-02 10:29:12 | DEBUG    | yolo_service:199 | [cam_001] Thời gian xử lý frame 94.57ms
2026-07-02 10:29:12 | DEBUG    | yolo_service:199 | [cam_002] Thời gian xử lý frame 100.72ms
2026-07-02 10:29:12 | DEBUG    | yolo_service:199 | [cam_001] Thời gian xử lý frame 19.35ms
2026-07-02 10:29:12 | DEBUG    | yolo_service:199 | [cam_002] Thời gian xử lý frame 50.21ms
2026-07-02 10:29:13 | DEBUG    | yolo_service:199 | [cam_002] Thời gian xử lý frame 54.67ms
2026-07-02 10:29:13 | DEBUG    | yolo_service:199 | [cam_001] Thời gian xử lý frame 88.67ms
2026-07-02 10:29:13 | DEBUG    | yolo_service:199 | [cam_002] Thời gian xử lý frame 50.28ms
2026-07-02 10:29:13 | DEBUG    | yolo_service:199 | [cam_001] Thời gian xử lý frame 90.40ms
2026-07-02 10:29:13 | DEBUG    | yolo_service:199 | [cam_002] Thời gian xử lý frame 49.36ms
2026-07-02 10:29:13 | DEBUG    | yolo_service:199 | [cam_002] Thời gian xử lý frame 9.97ms
2026-07-02 10:29:13 | DEBUG    | yolo_service:199 | [cam_002] Thời gian xử lý frame 48.89ms
2026-07-02 10:29:13 | DEBUG    | yolo_service:199 | [cam_002] Thời gian xử lý frame 51.01ms
2026-07-02 10:29:13 | DEBUG    | yolo_service:199 | [cam_001] Thời gian xử lý frame 153.89ms
2026-07-02 10:29:13 | DEBUG    | yolo_service:199 | [cam_002] Thời gian xử lý frame 62.66ms
2026-07-02 10:29:13 | DEBUG    | yolo_service:199 | [cam_001] Thời gian xử lý frame 29.54ms
2026-07-02 10:29:13 | DEBUG    | yolo_service:199 | [cam_002] Thời gian xử lý frame 19.74ms
2026-07-02 10:29:13 | DEBUG    | yolo_service:199 | [cam_001] Thời gian xử lý frame 29.66ms
2026-07-02 10:29:13 | DEBUG    | yolo_service:199 | [cam_002] Thời gian xử lý frame 49.69ms
2026-07-02 10:29:13 | DEBUG    | yolo_service:199 | [cam_001] Thời gian xử lý frame 87.48ms
2026-07-02 10:29:13 | DEBUG    | yolo_service:199 | [cam_002] Thời gian xử lý frame 53.52ms
2026-07-02 10:29:13 | DEBUG    | yolo_service:199 | [cam_002] Thời gian xử lý frame 50.78ms
2026-07-02 10:29:13 | DEBUG    | yolo_service:199 | [cam_001] Thời gian xử lý frame 92.07ms
2026-07-02 10:29:13 | DEBUG    | yolo_service:199 | [cam_001] Thời gian xử lý frame 22.46ms
2026-07-02 10:29:13 | DEBUG    | yolo_service:199 | [cam_002] Thời gian xử lý frame 91.61ms
2026-07-02 10:29:13 | DEBUG    | yolo_service:199 | [cam_002] Thời gian xử lý frame 9.00ms
2026-07-02 10:29:13 | DEBUG    | yolo_service:199 | [cam_001] Thời gian xử lý frame 102.95ms
2026-07-02 10:29:13 | DEBUG    | yolo_service:199 | [cam_002] Thời gian xử lý frame 62.80ms
2026-07-02 10:29:13 | DEBUG    | yolo_service:199 | [cam_002] Thời gian xử lý frame 13.59ms
2026-07-02 10:29:13 | DEBUG    | yolo_service:199 | [cam_002] Thời gian xử lý frame 49.87ms
2026-07-02 10:29:13 | DEBUG    | yolo_service:199 | [cam_001] Thời gian xử lý frame 86.74ms
2026-07-02 10:29:13 | DEBUG    | yolo_service:199 | [cam_002] Thời gian xử lý frame 52.11ms
2026-07-02 10:29:13 | DEBUG    | yolo_service:199 | [cam_002] Thời gian xử lý frame 9.20ms
2026-07-02 10:29:13 | DEBUG    | yolo_service:199 | [cam_002] Thời gian xử lý frame 49.26ms
2026-07-02 10:29:13 | DEBUG    | yolo_service:199 | [cam_002] Thời gian xử lý frame 54.24ms
2026-07-02 10:29:13 | DEBUG    | yolo_service:199 | [cam_001] Thời gian xử lý frame 158.95ms
2026-07-02 10:29:13 | DEBUG    | yolo_service:199 | [cam_001] Thời gian xử lý frame 25.47ms
2026-07-02 10:29:13 | DEBUG    | yolo_service:199 | [cam_001] Thời gian xử lý frame 26.02ms
2026-07-02 10:29:13 | DEBUG    | yolo_service:199 | [cam_002] Thời gian xử lý frame 70.26ms
2026-07-02 10:29:13 | DEBUG    | yolo_service:199 | [cam_002] Thời gian xử lý frame 14.89ms
2026-07-02 10:29:13 | DEBUG    | yolo_service:199 | [cam_002] Thời gian xử lý frame 12.47ms
2026-07-02 10:29:14 | DEBUG    | yolo_service:199 | [cam_001] Thời gian xử lý frame 87.60ms
2026-07-02 10:29:14 | DEBUG    | yolo_service:199 | [cam_002] Thời gian xử lý frame 89.42ms
2026-07-02 10:29:14 | DEBUG    | yolo_service:199 | [cam_002] Thời gian xử lý frame 62.91ms
2026-07-02 10:29:14 | DEBUG    | yolo_service:199 | [cam_001] Thời gian xử lý frame 95.31ms
2026-07-02 10:29:14 | DEBUG    | yolo_service:199 | [cam_001] Thời gian xử lý frame 23.35ms
2026-07-02 10:29:14 | DEBUG    | yolo_service:199 | [cam_002] Thời gian xử lý frame 50.65ms
2026-07-02 10:29:14 | DEBUG    | yolo_service:199 | [cam_002] Thời gian xử lý frame 61.65ms
2026-07-02 10:29:14 | DEBUG    | yolo_service:199 | [cam_001] Thời gian xử lý frame 97.72ms
2026-07-02 10:29:14 | DEBUG    | yolo_service:199 | [cam_002] Thời gian xử lý frame 59.60ms
2026-07-02 10:29:14 | DEBUG    | yolo_service:199 | [cam_001] Thời gian xử lý frame 101.83ms
2026-07-02 10:29:14 | DEBUG    | yolo_service:199 | [cam_002] Thời gian xử lý frame 66.30ms
2026-07-02 10:29:14 | DEBUG    | yolo_service:199 | [cam_002] Thời gian xử lý frame 20.44ms
2026-07-02 10:29:14 | DEBUG    | yolo_service:199 | [cam_001] Thời gian xử lý frame 39.02ms
2026-07-02 10:29:14 | DEBUG    | yolo_service:199 | [cam_002] Thời gian xử lý frame 53.73ms
2026-07-02 10:29:14 | DEBUG    | yolo_service:199 | [cam_001] Thời gian xử lý frame 86.64ms
2026-07-02 10:29:14 | DEBUG    | yolo_service:199 | [cam_002] Thời gian xử lý frame 57.72ms
2026-07-02 10:29:14 | DEBUG    | yolo_service:199 | [cam_002] Thời gian xử lý frame 54.73ms
2026-07-02 10:29:14 | DEBUG    | yolo_service:199 | [cam_002] Thời gian xử lý frame 52.49ms
2026-07-02 10:29:14 | DEBUG    | yolo_service:199 | [cam_001] Thời gian xử lý frame 163.00ms
2026-07-02 10:29:14 | DEBUG    | yolo_service:199 | [cam_002] Thời gian xử lý frame 59.28ms
2026-07-02 10:29:14 | DEBUG    | yolo_service:199 | [cam_001] Thời gian xử lý frame 28.39ms
2026-07-02 10:29:14 | DEBUG    | yolo_service:199 | [cam_001] Thời gian xử lý frame 22.59ms
2026-07-02 10:29:14 | DEBUG    | yolo_service:199 | [cam_002] Thời gian xử lý frame 56.10ms
2026-07-02 10:29:14 | DEBUG    | yolo_service:199 | [cam_002] Thời gian xử lý frame 58.88ms
2026-07-02 10:29:14 | DEBUG    | yolo_service:199 | [cam_001] Thời gian xử lý frame 96.67ms
2026-07-02 10:29:14 | DEBUG    | yolo_service:199 | [cam_002] Thời gian xử lý frame 54.21ms
2026-07-02 10:29:14 | DEBUG    | yolo_service:199 | [cam_001] Thời gian xử lý frame 88.11ms
2026-07-02 10:29:14 | DEBUG    | yolo_service:199 | [cam_002] Thời gian xử lý frame 50.57ms
2026-07-02 10:29:14 | DEBUG    | yolo_service:199 | [cam_002] Thời gian xử lý frame 13.61ms
2026-07-02 10:29:14 | DEBUG    | yolo_service:199 | [cam_002] Thời gian xử lý frame 64.77ms
2026-07-02 10:29:14 | DEBUG    | yolo_service:199 | [cam_001] Thời gian xử lý frame 108.03ms
2026-07-02 10:29:14 | DEBUG    | yolo_service:199 | [cam_002] Thời gian xử lý frame 28.46ms
2026-07-02 10:29:14 | DEBUG    | yolo_service:199 | [cam_001] Thời gian xử lý frame 26.05ms
2026-07-02 10:29:15 | DEBUG    | yolo_service:199 | [cam_001] Thời gian xử lý frame 22.29ms
2026-07-02 10:29:15 | DEBUG    | yolo_service:199 | [cam_002] Thời gian xử lý frame 51.80ms
2026-07-02 10:29:15 | DEBUG    | yolo_service:199 | [cam_002] Thời gian xử lý frame 54.27ms
2026-07-02 10:29:15 | DEBUG    | yolo_service:199 | [cam_001] Thời gian xử lý frame 89.29ms
2026-07-02 10:29:15 | DEBUG    | yolo_service:199 | [cam_002] Thời gian xử lý frame 53.77ms
2026-07-02 10:29:15 | DEBUG    | yolo_service:199 | [cam_002] Thời gian xử lý frame 63.22ms
2026-07-02 10:29:15 | DEBUG    | yolo_service:199 | [cam_001] Thời gian xử lý frame 100.38ms
2026-07-02 10:29:15 | DEBUG    | yolo_service:199 | [cam_001] Thời gian xử lý frame 20.85ms
2026-07-02 10:29:15 | DEBUG    | yolo_service:199 | [cam_002] Thời gian xử lý frame 52.18ms
2026-07-02 10:29:15 | DEBUG    | yolo_service:199 | [cam_002] Thời gian xử lý frame 61.46ms
2026-07-02 10:29:15 | DEBUG    | yolo_service:199 | [cam_001] Thời gian xử lý frame 110.20ms
2026-07-02 10:29:15 | DEBUG    | yolo_service:199 | [cam_002] Thời gian xử lý frame 22.12ms
2026-07-02 10:29:15 | DEBUG    | yolo_service:199 | [cam_001] Thời gian xử lý frame 25.66ms
2026-07-02 10:29:15 | DEBUG    | yolo_service:199 | [cam_002] Thời gian xử lý frame 52.01ms
2026-07-02 10:29:15 | DEBUG    | heartbeat_service:58 | 💓 Nhịp tim gửi Master: {'server_id': 'SV_004', 'cpu_usage': 45.4, 'has_gpu': True, 'gpu_usage': 0, 'vram_free_gb': 3.47, 'max_cam': 2}
2026-07-02 10:29:15 | DEBUG    | connectionpool:241 | Starting new HTTP connection (1): 10.40.91.11:5000
2026-07-02 10:29:15 | DEBUG    | connectionpool:544 | http://10.40.91.11:5000 "POST /api/heartbeat HTTP/1.1" 200 68
2026-07-02 10:29:15 | DEBUG    | yolo_service:199 | [cam_002] Thời gian xử lý frame 60.77ms
2026-07-02 10:29:15 | DEBUG    | yolo_service:199 | [cam_001] Thời gian xử lý frame 93.65ms
2026-07-02 10:29:15 | DEBUG    | yolo_service:199 | [cam_002] Thời gian xử lý frame 50.29ms
2026-07-02 10:29:15 | DEBUG    | yolo_service:199 | [cam_002] Thời gian xử lý frame 59.99ms
2026-07-02 10:29:15 | DEBUG    | yolo_service:199 | [cam_001] Thời gian xử lý frame 166.02ms
2026-07-02 10:29:15 | DEBUG    | yolo_service:199 | [cam_002] Thời gian xử lý frame 58.85ms
2026-07-02 10:29:15 | DEBUG    | yolo_service:199 | [cam_002] Thời gian xử lý frame 11.67ms
2026-07-02 10:29:15 | DEBUG    | yolo_service:199 | [cam_002] Thời gian xử lý frame 49.91ms
2026-07-02 10:29:15 | DEBUG    | yolo_service:199 | [cam_001] Thời gian xử lý frame 89.09ms
2026-07-02 10:29:15 | DEBUG    | yolo_service:199 | [cam_002] Thời gian xử lý frame 103.72ms
2026-07-02 10:29:15 | DEBUG    | yolo_service:199 | [cam_002] Thời gian xử lý frame 59.16ms
2026-07-02 10:29:15 | DEBUG    | yolo_service:199 | [cam_002] Thời gian xử lý frame 25.68ms
2026-07-02 10:29:15 | DEBUG    | yolo_service:199 | [cam_001] Thời gian xử lý frame 182.27ms
2026-07-02 10:29:15 | DEBUG    | yolo_service:199 | [cam_002] Thời gian xử lý frame 21.14ms
2026-07-02 10:29:15 | DEBUG    | yolo_service:199 | [cam_002] Thời gian xử lý frame 20.98ms
2026-07-02 10:29:16 | DEBUG    | yolo_service:199 | [cam_002] Thời gian xử lý frame 211.20ms
2026-07-02 10:29:16 | DEBUG    | yolo_service:199 | [cam_001] Thời gian xử lý frame 258.74ms
2026-07-02 10:29:16 | DEBUG    | yolo_service:199 | [cam_002] Thời gian xử lý frame 24.92ms
2026-07-02 10:29:16 | DEBUG    | yolo_service:199 | [cam_002] Thời gian xử lý frame 25.50ms
2026-07-02 10:29:16 | DEBUG    | yolo_service:199 | [cam_001] Thời gian xử lý frame 32.16ms
2026-07-02 10:29:16 | DEBUG    | yolo_service:199 | [cam_001] Thời gian xử lý frame 29.16ms
2026-07-02 10:29:16 | DEBUG    | yolo_service:199 | [cam_002] Thời gian xử lý frame 51.52ms
2026-07-02 10:29:16 | DEBUG    | yolo_service:199 | [cam_001] Thời gian xử lý frame 110.97ms
2026-07-02 10:29:16 | DEBUG    | yolo_service:199 | [cam_002] Thời gian xử lý frame 107.03ms
2026-07-02 10:29:16 | DEBUG    | yolo_service:199 | [cam_002] Thời gian xử lý frame 11.86ms
2026-07-02 10:29:16 | DEBUG    | yolo_service:199 | [cam_002] Thời gian xử lý frame 59.28ms
2026-07-02 10:29:16 | DEBUG    | yolo_service:199 | [cam_001] Thời gian xử lý frame 117.51ms
2026-07-02 10:29:16 | DEBUG    | yolo_service:199 | [cam_002] Thời gian xử lý frame 28.08ms
2026-07-02 10:29:16 | DEBUG    | yolo_service:199 | [cam_001] Thời gian xử lý frame 31.62ms
2026-07-02 10:29:16 | DEBUG    | yolo_service:199 | [cam_002] Thời gian xử lý frame 50.65ms
2026-07-02 10:29:16 | DEBUG    | yolo_service:199 | [cam_002] Thời gian xử lý frame 66.21ms
2026-07-02 10:29:16 | DEBUG    | yolo_service:199 | [cam_001] Thời gian xử lý frame 102.37ms
2026-07-02 10:29:16 | DEBUG    | yolo_service:199 | [cam_002] Thời gian xử lý frame 21.38ms
2026-07-02 10:29:16 | DEBUG    | yolo_service:199 | [cam_002] Thời gian xử lý frame 18.68ms
2026-07-02 10:29:16 | DEBUG    | yolo_service:199 | [cam_001] Thời gian xử lý frame 26.22ms
2026-07-02 10:29:16 | DEBUG    | yolo_service:199 | [cam_002] Thời gian xử lý frame 61.87ms
2026-07-02 10:29:16 | DEBUG    | yolo_service:199 | [cam_002] Thời gian xử lý frame 11.78ms
2026-07-02 10:29:16 | DEBUG    | yolo_service:199 | [cam_001] Thời gian xử lý frame 91.17ms
2026-07-02 10:29:16 | DEBUG    | yolo_service:199 | [cam_002] Thời gian xử lý frame 59.87ms
2026-07-02 10:29:16 | DEBUG    | yolo_service:199 | [cam_002] Thời gian xử lý frame 56.79ms
2026-07-02 10:29:16 | DEBUG    | yolo_service:199 | [cam_001] Thời gian xử lý frame 107.72ms
2026-07-02 10:29:16 | DEBUG    | yolo_service:199 | [cam_002] Thời gian xử lý frame 16.77ms
2026-07-02 10:29:16 | DEBUG    | yolo_service:199 | [cam_001] Thời gian xử lý frame 32.19ms
2026-07-02 10:29:16 | DEBUG    | yolo_service:199 | [cam_001] Thời gian xử lý frame 32.52ms
2026-07-02 10:29:16 | DEBUG    | yolo_service:199 | [cam_002] Thời gian xử lý frame 63.60ms
2026-07-02 10:29:16 | DEBUG    | yolo_service:199 | [cam_002] Thời gian xử lý frame 12.61ms
2026-07-02 10:29:16 | DEBUG    | yolo_service:199 | [cam_002] Thời gian xử lý frame 51.25ms
2026-07-02 10:29:16 | DEBUG    | yolo_service:199 | [cam_002] Thời gian xử lý frame 14.71ms
2026-07-02 10:29:16 | DEBUG    | yolo_service:199 | [cam_001] Thời gian xử lý frame 99.59ms
2026-07-02 10:29:17 | DEBUG    | yolo_service:199 | [cam_001] Thời gian xử lý frame 20.35ms
2026-07-02 10:29:17 | DEBUG    | yolo_service:199 | [cam_002] Thời gian xử lý frame 52.27ms
2026-07-02 10:29:17 | DEBUG    | yolo_service:199 | [cam_002] Thời gian xử lý frame 51.67ms
2026-07-02 10:29:17 | DEBUG    | yolo_service:199 | [cam_002] Thời gian xử lý frame 16.87ms
2026-07-02 10:29:17 | DEBUG    | yolo_service:199 | [cam_001] Thời gian xử lý frame 93.24ms
2026-07-02 10:29:17 | DEBUG    | yolo_service:199 | [cam_002] Thời gian xử lý frame 93.77ms
2026-07-02 10:29:17 | DEBUG    | yolo_service:199 | [cam_001] Thời gian xử lý frame 97.80ms
2026-07-02 10:29:17 | DEBUG    | yolo_service:199 | [cam_001] Thời gian xử lý frame 23.05ms
2026-07-02 10:29:17 | DEBUG    | yolo_service:199 | [cam_002] Thời gian xử lý frame 53.64ms
2026-07-02 10:29:17 | DEBUG    | yolo_service:199 | [cam_002] Thời gian xử lý frame 60.25ms
2026-07-02 10:29:17 | DEBUG    | yolo_service:199 | [cam_002] Thời gian xử lý frame 16.70ms
2026-07-02 10:29:17 | DEBUG    | yolo_service:199 | [cam_001] Thời gian xử lý frame 97.96ms
2026-07-02 10:29:17 | DEBUG    | yolo_service:199 | [cam_002] Thời gian xử lý frame 10.61ms
2026-07-02 10:29:17 | DEBUG    | yolo_service:199 | [cam_001] Thời gian xử lý frame 89.02ms
2026-07-02 10:29:17 | DEBUG    | yolo_service:199 | [cam_002] Thời gian xử lý frame 95.10ms
2026-07-02 10:29:17 | DEBUG    | yolo_service:199 | [cam_002] Thời gian xử lý frame 9.42ms
2026-07-02 10:29:17 | DEBUG    | yolo_service:199 | [cam_001] Thời gian xử lý frame 83.94ms
2026-07-02 10:29:17 | DEBUG    | yolo_service:199 | [cam_002] Thời gian xử lý frame 91.67ms
2026-07-02 10:29:17 | DEBUG    | yolo_service:199 | [cam_002] Thời gian xử lý frame 57.90ms
2026-07-02 10:29:17 | DEBUG    | yolo_service:199 | [cam_001] Thời gian xử lý frame 93.61ms
2026-07-02 10:29:17 | DEBUG    | yolo_service:199 | [cam_002] Thời gian xử lý frame 48.86ms
2026-07-02 10:29:17 | DEBUG    | yolo_service:199 | [cam_001] Thời gian xử lý frame 83.68ms
2026-07-02 10:29:17 | DEBUG    | yolo_service:199 | [cam_002] Thời gian xử lý frame 94.50ms
2026-07-02 10:29:17 | DEBUG    | yolo_service:199 | [cam_001] Thời gian xử lý frame 86.83ms
2026-07-02 10:29:17 | DEBUG    | yolo_service:199 | [cam_002] Thời gian xử lý frame 55.28ms
2026-07-02 10:29:17 | DEBUG    | yolo_service:199 | [cam_002] Thời gian xử lý frame 55.04ms
2026-07-02 10:29:17 | DEBUG    | yolo_service:199 | [cam_001] Thời gian xử lý frame 92.03ms
2026-07-02 10:29:17 | DEBUG    | yolo_service:199 | [cam_001] Thời gian xử lý frame 21.50ms
2026-07-02 10:29:17 | DEBUG    | yolo_service:199 | [cam_002] Thời gian xử lý frame 50.05ms
2026-07-02 10:29:17 | DEBUG    | yolo_service:199 | [cam_002] Thời gian xử lý frame 59.55ms
2026-07-02 10:29:17 | DEBUG    | yolo_service:199 | [cam_002] Thời gian xử lý frame 22.00ms
2026-07-02 10:29:17 | DEBUG    | yolo_service:199 | [cam_001] Thời gian xử lý frame 102.82ms
2026-07-02 10:29:18 | DEBUG    | yolo_service:199 | [cam_001] Thời gian xử lý frame 32.29ms
2026-07-02 10:29:18 | DEBUG    | yolo_service:199 | [cam_002] Thời gian xử lý frame 51.56ms
2026-07-02 10:29:18 | DEBUG    | yolo_service:199 | [cam_002] Thời gian xử lý frame 9.52ms
2026-07-02 10:29:18 | DEBUG    | yolo_service:199 | [cam_002] Thời gian xử lý frame 57.39ms
2026-07-02 10:29:18 | DEBUG    | yolo_service:199 | [cam_001] Thời gian xử lý frame 99.89ms
2026-07-02 10:29:18 | DEBUG    | yolo_service:199 | [cam_002] Thời gian xử lý frame 62.88ms
2026-07-02 10:29:18 | DEBUG    | yolo_service:199 | [cam_002] Thời gian xử lý frame 14.26ms
2026-07-02 10:29:18 | DEBUG    | yolo_service:199 | [cam_001] Thời gian xử lý frame 101.10ms
2026-07-02 10:29:18 | DEBUG    | yolo_service:199 | [cam_002] Thời gian xử lý frame 60.00ms
2026-07-02 10:29:18 | DEBUG    | yolo_service:199 | [cam_001] Thời gian xử lý frame 42.20ms
2026-07-02 10:29:18 | DEBUG    | yolo_service:199 | [cam_002] Thời gian xử lý frame 24.13ms
2026-07-02 10:29:18 | DEBUG    | yolo_service:199 | [cam_001] Thời gian xử lý frame 31.06ms
2026-07-02 10:29:18 | DEBUG    | yolo_service:199 | [cam_002] Thời gian xử lý frame 59.55ms
2026-07-02 10:29:18 | DEBUG    | yolo_service:199 | [cam_002] Thời gian xử lý frame 10.15ms
2026-07-02 10:29:18 | DEBUG    | yolo_service:199 | [cam_001] Thời gian xử lý frame 98.21ms
2026-07-02 10:29:18 | DEBUG    | yolo_service:199 | [cam_002] Thời gian xử lý frame 57.93ms
2026-07-02 10:29:18 | DEBUG    | yolo_service:199 | [cam_002] Thời gian xử lý frame 15.70ms
2026-07-02 10:29:18 | DEBUG    | yolo_service:199 | [cam_001] Thời gian xử lý frame 23.73ms
2026-07-02 10:29:18 | DEBUG    | yolo_service:199 | [cam_002] Thời gian xử lý frame 51.03ms
2026-07-02 10:29:18 | DEBUG    | yolo_service:199 | [cam_001] Thời gian xử lý frame 85.74ms
2026-07-02 10:29:18 | DEBUG    | yolo_service:199 | [cam_002] Thời gian xử lý frame 49.24ms
2026-07-02 10:29:18 | DEBUG    | yolo_service:199 | [cam_002] Thời gian xử lý frame 55.85ms
2026-07-02 10:29:18 | DEBUG    | yolo_service:199 | [cam_002] Thời gian xử lý frame 12.50ms
2026-07-02 10:29:18 | DEBUG    | yolo_service:199 | [cam_002] Thời gian xử lý frame 59.27ms
2026-07-02 10:29:18 | DEBUG    | yolo_service:199 | [cam_002] Thời gian xử lý frame 22.67ms
2026-07-02 10:29:18 | DEBUG    | yolo_service:199 | [cam_001] Thời gian xử lý frame 169.28ms
2026-07-02 10:29:18 | DEBUG    | yolo_service:199 | [cam_001] Thời gian xử lý frame 29.05ms
2026-07-02 10:29:18 | DEBUG    | yolo_service:199 | [cam_002] Thời gian xử lý frame 56.61ms
2026-07-02 10:29:18 | DEBUG    | yolo_service:199 | [cam_002] Thời gian xử lý frame 11.88ms
2026-07-02 10:29:18 | DEBUG    | yolo_service:199 | [cam_001] Thời gian xử lý frame 94.81ms
2026-07-02 10:29:18 | DEBUG    | yolo_service:199 | [cam_002] Thời gian xử lý frame 63.25ms
2026-07-02 10:29:18 | DEBUG    | yolo_service:199 | [cam_002] Thời gian xử lý frame 17.85ms
2026-07-02 10:29:18 | DEBUG    | yolo_service:199 | [cam_001] Thời gian xử lý frame 32.94ms
2026-07-02 10:29:18 | DEBUG    | yolo_service:199 | [cam_002] Thời gian xử lý frame 54.99ms
2026-07-02 10:29:18 | DEBUG    | yolo_service:199 | [cam_002] Thời gian xử lý frame 16.39ms
2026-07-02 10:29:18 | DEBUG    | yolo_service:199 | [cam_001] Thời gian xử lý frame 98.00ms
2026-07-02 10:29:18 | DEBUG    | yolo_service:199 | [cam_002] Thời gian xử lý frame 55.03ms
2026-07-02 10:29:18 | DEBUG    | yolo_service:199 | [cam_002] Thời gian xử lý frame 53.64ms
2026-07-02 10:29:19 | DEBUG    | yolo_service:199 | [cam_001] Thời gian xử lý frame 91.35ms
2026-07-02 10:29:19 | DEBUG    | yolo_service:199 | [cam_002] Thời gian xử lý frame 56.92ms
2026-07-02 10:29:19 | DEBUG    | yolo_service:199 | [cam_002] Thời gian xử lý frame 61.49ms
2026-07-02 10:29:19 | DEBUG    | yolo_service:199 | [cam_001] Thời gian xử lý frame 96.33ms
2026-07-02 10:29:19 | DEBUG    | yolo_service:199 | [cam_002] Thời gian xử lý frame 10.60ms
2026-07-02 10:29:19 | DEBUG    | yolo_service:199 | [cam_002] Thời gian xử lý frame 50.39ms
2026-07-02 10:29:19 | DEBUG    | yolo_service:199 | [cam_001] Thời gian xử lý frame 91.20ms
2026-07-02 10:29:19 | DEBUG    | yolo_service:199 | [cam_002] Thời gian xử lý frame 63.60ms
2026-07-02 10:29:19 | DEBUG    | yolo_service:199 | [cam_001] Thời gian xử lý frame 35.75ms
2026-07-02 10:29:19 | DEBUG    | yolo_service:199 | [cam_002] Thời gian xử lý frame 22.78ms
2026-07-02 10:29:19 | DEBUG    | yolo_service:199 | [cam_001] Thời gian xử lý frame 32.67ms
2026-07-02 10:29:19 | DEBUG    | yolo_service:199 | [cam_002] Thời gian xử lý frame 54.15ms
2026-07-02 10:29:19 | DEBUG    | yolo_service:199 | [cam_001] Thời gian xử lý frame 103.95ms
2026-07-02 10:29:19 | DEBUG    | yolo_service:199 | [cam_002] Thời gian xử lý frame 62.89ms
2026-07-02 10:29:19 | DEBUG    | yolo_service:199 | [cam_002] Thời gian xử lý frame 56.42ms
2026-07-02 10:29:19 | DEBUG    | yolo_service:199 | [cam_001] Thời gian xử lý frame 89.53ms
2026-07-02 10:29:19 | DEBUG    | yolo_service:199 | [cam_002] Thời gian xử lý frame 52.60ms
2026-07-02 10:29:19 | DEBUG    | yolo_service:199 | [cam_002] Thời gian xử lý frame 14.86ms
2026-07-02 10:29:19 | DEBUG    | yolo_service:199 | [cam_002] Thời gian xử lý frame 71.70ms
2026-07-02 10:29:19 | DEBUG    | yolo_service:199 | [cam_001] Thời gian xử lý frame 116.48ms
2026-07-02 10:29:19 | DEBUG    | yolo_service:199 | [cam_002] Thời gian xử lý frame 17.16ms
2026-07-02 10:29:19 | DEBUG    | yolo_service:199 | [cam_002] Thời gian xử lý frame 20.12ms
2026-07-02 10:29:19 | DEBUG    | yolo_service:199 | [cam_001] Thời gian xử lý frame 45.64ms
2026-07-02 10:29:19 | DEBUG    | yolo_service:199 | [cam_002] Thời gian xử lý frame 50.80ms
2026-07-02 10:29:19 | DEBUG    | yolo_service:199 | [cam_002] Thời gian xử lý frame 63.64ms
2026-07-02 10:29:19 | DEBUG    | yolo_service:199 | [cam_001] Thời gian xử lý frame 106.62ms
2026-07-02 10:29:19 | DEBUG    | yolo_service:199 | [cam_002] Thời gian xử lý frame 16.89ms
2026-07-02 10:29:19 | DEBUG    | yolo_service:199 | [cam_002] Thời gian xử lý frame 51.09ms
2026-07-02 10:29:19 | DEBUG    | yolo_service:199 | [cam_002] Thời gian xử lý frame 24.33ms
2026-07-02 10:29:19 | DEBUG    | yolo_service:199 | [cam_001] Thời gian xử lý frame 105.71ms
2026-07-02 10:29:19 | DEBUG    | yolo_service:199 | [cam_001] Thời gian xử lý frame 39.34ms
2026-07-02 10:29:19 | DEBUG    | yolo_service:199 | [cam_002] Thời gian xử lý frame 57.81ms
2026-07-02 10:29:19 | DEBUG    | yolo_service:199 | [cam_002] Thời gian xử lý frame 14.28ms
2026-07-02 10:29:19 | DEBUG    | yolo_service:199 | [cam_002] Thời gian xử lý frame 51.30ms
2026-07-02 10:29:19 | DEBUG    | yolo_service:199 | [cam_001] Thời gian xử lý frame 87.26ms
2026-07-02 10:29:20 | DEBUG    | yolo_service:199 | [cam_002] Thời gian xử lý frame 101.57ms
2026-07-02 10:29:20 | DEBUG    | yolo_service:199 | [cam_001] Thời gian xử lý frame 97.52ms
2026-07-02 10:29:20 | DEBUG    | yolo_service:199 | [cam_002] Thời gian xử lý frame 141.08ms
2026-07-02 10:29:20 | DEBUG    | yolo_service:199 | [cam_002] Thời gian xử lý frame 26.88ms
2026-07-02 10:29:20 | DEBUG    | yolo_service:199 | [cam_001] Thời gian xử lý frame 192.23ms
2026-07-02 10:29:20 | DEBUG    | yolo_service:199 | [cam_002] Thời gian xử lý frame 99.79ms
2026-07-02 10:29:20 | DEBUG    | yolo_service:199 | [cam_001] Thời gian xử lý frame 107.21ms
2026-07-02 10:29:20 | DEBUG    | yolo_service:199 | [cam_002] Thời gian xử lý frame 202.17ms
2026-07-02 10:29:20 | DEBUG    | yolo_service:199 | [cam_001] Thời gian xử lý frame 178.68ms
2026-07-02 10:29:20 | DEBUG    | yolo_service:199 | [cam_002] Thời gian xử lý frame 21.68ms
2026-07-02 10:29:20 | DEBUG    | yolo_service:199 | [cam_002] Thời gian xử lý frame 13.08ms
2026-07-02 10:29:20 | DEBUG    | yolo_service:199 | [cam_001] Thời gian xử lý frame 38.31ms
2026-07-02 10:29:20 | DEBUG    | yolo_service:199 | [cam_001] Thời gian xử lý frame 18.20ms
2026-07-02 10:29:20 | DEBUG    | yolo_service:199 | [cam_002] Thời gian xử lý frame 53.70ms
2026-07-02 10:29:20 | DEBUG    | yolo_service:199 | [cam_002] Thời gian xử lý frame 49.69ms
2026-07-02 10:29:20 | DEBUG    | yolo_service:199 | [cam_001] Thời gian xử lý frame 93.90ms
2026-07-02 10:29:20 | DEBUG    | yolo_service:199 | [cam_002] Thời gian xử lý frame 59.98ms
2026-07-02 10:29:20 | DEBUG    | yolo_service:199 | [cam_002] Thời gian xử lý frame 52.50ms
2026-07-02 10:29:20 | DEBUG    | yolo_service:199 | [cam_001] Thời gian xử lý frame 104.36ms
2026-07-02 10:29:20 | DEBUG    | yolo_service:199 | [cam_001] Thời gian xử lý frame 28.52ms
2026-07-02 10:29:20 | DEBUG    | yolo_service:199 | [cam_002] Thời gian xử lý frame 54.50ms
2026-07-02 10:29:20 | DEBUG    | yolo_service:199 | [cam_002] Thời gian xử lý frame 11.86ms
2026-07-02 10:29:20 | DEBUG    | yolo_service:199 | [cam_001] Thời gian xử lý frame 26.19ms
2026-07-02 10:29:20 | DEBUG    | yolo_service:199 | [cam_002] Thời gian xử lý frame 56.76ms
2026-07-02 10:29:20 | DEBUG    | yolo_service:199 | [cam_002] Thời gian xử lý frame 10.77ms
2026-07-02 10:29:20 | DEBUG    | yolo_service:199 | [cam_001] Thời gian xử lý frame 86.57ms
2026-07-02 10:29:20 | DEBUG    | yolo_service:199 | [cam_002] Thời gian xử lý frame 49.20ms
2026-07-02 10:29:21 | DEBUG    | yolo_service:199 | [cam_002] Thời gian xử lý frame 52.82ms
2026-07-02 10:29:21 | DEBUG    | yolo_service:199 | [cam_001] Thời gian xử lý frame 88.91ms
2026-07-02 10:29:21 | DEBUG    | yolo_service:199 | [cam_001] Thời gian xử lý frame 16.42ms
2026-07-02 10:29:21 | DEBUG    | yolo_service:199 | [cam_002] Thời gian xử lý frame 47.97ms
2026-07-02 10:29:21 | DEBUG    | yolo_service:199 | [cam_002] Thời gian xử lý frame 48.18ms
2026-07-02 10:29:21 | DEBUG    | yolo_service:199 | [cam_002] Thời gian xử lý frame 49.05ms
2026-07-02 10:29:21 | DEBUG    | yolo_service:199 | [cam_001] Thời gian xử lý frame 156.05ms
2026-07-02 10:29:21 | DEBUG    | yolo_service:199 | [cam_002] Thời gian xử lý frame 60.13ms
2026-07-02 10:29:21 | DEBUG    | yolo_service:199 | [cam_002] Thời gian xử lý frame 14.66ms
2026-07-02 10:29:21 | DEBUG    | yolo_service:199 | [cam_001] Thời gian xử lý frame 91.10ms
2026-07-02 10:29:21 | DEBUG    | yolo_service:199 | [cam_002] Thời gian xử lý frame 55.41ms
2026-07-02 10:29:21 | DEBUG    | yolo_service:199 | [cam_002] Thời gian xử lý frame 10.13ms
2026-07-02 10:29:21 | DEBUG    | yolo_service:199 | [cam_002] Thời gian xử lý frame 49.87ms
2026-07-02 10:29:21 | DEBUG    | yolo_service:199 | [cam_001] Thời gian xử lý frame 85.63ms
2026-07-02 10:29:21 | DEBUG    | yolo_service:199 | [cam_001] Thời gian xử lý frame 21.67ms
2026-07-02 10:29:21 | DEBUG    | yolo_service:199 | [cam_002] Thời gian xử lý frame 52.83ms
2026-07-02 10:29:21 | DEBUG    | yolo_service:199 | [cam_002] Thời gian xử lý frame 48.94ms
2026-07-02 10:29:21 | DEBUG    | yolo_service:199 | [cam_001] Thời gian xử lý frame 86.29ms
2026-07-02 10:29:21 | DEBUG    | yolo_service:199 | [cam_002] Thời gian xử lý frame 50.39ms
2026-07-02 10:29:21 | DEBUG    | heartbeat_service:58 | 💓 Nhịp tim gửi Master: {'server_id': 'SV_004', 'cpu_usage': 48.3, 'has_gpu': True, 'gpu_usage': 0, 'vram_free_gb': 3.47, 'max_cam': 2}
2026-07-02 10:29:21 | DEBUG    | connectionpool:241 | Starting new HTTP connection (1): 10.40.91.11:5000
2026-07-02 10:29:21 | DEBUG    | connectionpool:544 | http://10.40.91.11:5000 "POST /api/heartbeat HTTP/1.1" 200 68
2026-07-02 10:29:21 | DEBUG    | yolo_service:199 | [cam_002] Thời gian xử lý frame 54.50ms
2026-07-02 10:29:21 | DEBUG    | yolo_service:199 | [cam_001] Thời gian xử lý frame 91.22ms
2026-07-02 10:29:21 | DEBUG    | yolo_service:199 | [cam_001] Thời gian xử lý frame 16.91ms
2026-07-02 10:29:21 | DEBUG    | yolo_service:199 | [cam_002] Thời gian xử lý frame 50.11ms
2026-07-02 10:29:21 | DEBUG    | yolo_service:199 | [cam_002] Thời gian xử lý frame 56.04ms
2026-07-02 10:29:21 | DEBUG    | yolo_service:199 | [cam_002] Thời gian xử lý frame 15.85ms
2026-07-02 10:29:21 | DEBUG    | yolo_service:199 | [cam_001] Thời gian xử lý frame 104.48ms
2026-07-02 10:29:21 | DEBUG    | yolo_service:199 | [cam_002] Thời gian xử lý frame 52.73ms
2026-07-02 10:29:21 | DEBUG    | yolo_service:199 | [cam_002] Thời gian xử lý frame 54.92ms
2026-07-02 10:29:21 | DEBUG    | yolo_service:199 | [cam_001] Thời gian xử lý frame 90.63ms
2026-07-02 10:29:21 | DEBUG    | yolo_service:199 | [cam_002] Thời gian xử lý frame 13.60ms
2026-07-02 10:29:21 | DEBUG    | yolo_service:199 | [cam_001] Thời gian xử lý frame 20.96ms
2026-07-02 10:29:21 | DEBUG    | yolo_service:199 | [cam_001] Thời gian xử lý frame 24.53ms
2026-07-02 10:29:21 | DEBUG    | yolo_service:199 | [cam_002] Thời gian xử lý frame 53.68ms
2026-07-02 10:29:21 | DEBUG    | yolo_service:199 | [cam_002] Thời gian xử lý frame 11.82ms
2026-07-02 10:29:21 | DEBUG    | yolo_service:199 | [cam_002] Thời gian xử lý frame 51.96ms
2026-07-02 10:29:21 | DEBUG    | yolo_service:199 | [cam_002] Thời gian xử lý frame 52.64ms
2026-07-02 10:29:22 | DEBUG    | yolo_service:199 | [cam_002] Thời gian xử lý frame 13.96ms
2026-07-02 10:29:22 | DEBUG    | yolo_service:199 | [cam_001] Thời gian xử lý frame 156.07ms
2026-07-02 10:29:22 | DEBUG    | yolo_service:199 | [cam_002] Thời gian xử lý frame 47.97ms
2026-07-02 10:29:22 | DEBUG    | yolo_service:199 | [cam_001] Thời gian xử lý frame 89.51ms
2026-07-02 10:29:22 | DEBUG    | yolo_service:199 | [cam_002] Thời gian xử lý frame 55.90ms
2026-07-02 10:29:22 | DEBUG    | yolo_service:199 | [cam_002] Thời gian xử lý frame 9.59ms
2026-07-02 10:29:22 | DEBUG    | yolo_service:199 | [cam_002] Thời gian xử lý frame 50.47ms
2026-07-02 10:29:22 | DEBUG    | yolo_service:199 | [cam_001] Thời gian xử lý frame 94.00ms
2026-07-02 10:29:22 | DEBUG    | yolo_service:199 | [cam_001] Thời gian xử lý frame 18.46ms
2026-07-02 10:29:22 | DEBUG    | yolo_service:199 | [cam_002] Thời gian xử lý frame 52.12ms
2026-07-02 10:29:22 | DEBUG    | yolo_service:199 | [cam_002] Thời gian xử lý frame 49.75ms
2026-07-02 10:29:22 | DEBUG    | yolo_service:199 | [cam_002] Thời gian xử lý frame 10.47ms
2026-07-02 10:29:22 | DEBUG    | yolo_service:199 | [cam_001] Thời gian xử lý frame 86.08ms
2026-07-02 10:29:22 | DEBUG    | yolo_service:199 | [cam_002] Thời gian xử lý frame 56.59ms
2026-07-02 10:29:22 | DEBUG    | yolo_service:199 | [cam_001] Thời gian xử lý frame 97.34ms
2026-07-02 10:29:22 | DEBUG    | yolo_service:199 | [cam_002] Thời gian xử lý frame 58.61ms
2026-07-02 10:29:22 | DEBUG    | yolo_service:199 | [cam_002] Thời gian xử lý frame 16.01ms
2026-07-02 10:29:22 | DEBUG    | yolo_service:199 | [cam_001] Thời gian xử lý frame 29.78ms
2026-07-02 10:29:22 | DEBUG    | yolo_service:199 | [cam_001] Thời gian xử lý frame 21.49ms
2026-07-02 10:29:22 | DEBUG    | yolo_service:199 | [cam_002] Thời gian xử lý frame 54.03ms
2026-07-02 10:29:22 | DEBUG    | yolo_service:199 | [cam_002] Thời gian xử lý frame 53.03ms
2026-07-02 10:29:22 | DEBUG    | yolo_service:199 | [cam_002] Thời gian xử lý frame 48.45ms
2026-07-02 10:29:22 | DEBUG    | yolo_service:199 | [cam_001] Thời gian xử lý frame 142.59ms
2026-07-02 10:29:22 | DEBUG    | yolo_service:199 | [cam_002] Thời gian xử lý frame 51.81ms
2026-07-02 10:29:22 | DEBUG    | yolo_service:199 | [cam_002] Thời gian xử lý frame 9.55ms
2026-07-02 10:29:22 | DEBUG    | yolo_service:199 | [cam_001] Thời gian xử lý frame 75.34ms
2026-07-02 10:29:22 | DEBUG    | yolo_service:199 | [cam_002] Thời gian xử lý frame 49.20ms
2026-07-02 10:29:22 | DEBUG    | yolo_service:199 | [cam_002] Thời gian xử lý frame 49.21ms
2026-07-02 10:29:22 | DEBUG    | yolo_service:199 | [cam_001] Thời gian xử lý frame 87.61ms
2026-07-02 10:29:22 | DEBUG    | yolo_service:199 | [cam_002] Thời gian xử lý frame 50.35ms
2026-07-02 10:29:22 | DEBUG    | yolo_service:199 | [cam_002] Thời gian xử lý frame 14.53ms
2026-07-02 10:29:22 | DEBUG    | yolo_service:199 | [cam_001] Thời gian xử lý frame 94.49ms
2026-07-02 10:29:22 | DEBUG    | yolo_service:199 | [cam_002] Thời gian xử lý frame 56.35ms
2026-07-02 10:29:22 | DEBUG    | yolo_service:199 | [cam_002] Thời gian xử lý frame 49.29ms
2026-07-02 10:29:22 | DEBUG    | yolo_service:199 | [cam_002] Thời gian xử lý frame 13.13ms
2026-07-02 10:29:22 | DEBUG    | yolo_service:199 | [cam_002] Thời gian xử lý frame 49.13ms
2026-07-02 10:29:23 | DEBUG    | yolo_service:199 | [cam_001] Thời gian xử lý frame 152.44ms
2026-07-02 10:29:23 | DEBUG    | yolo_service:199 | [cam_002] Thời gian xử lý frame 54.26ms
2026-07-02 10:29:23 | DEBUG    | yolo_service:199 | [cam_002] Thời gian xử lý frame 50.28ms
2026-07-02 10:29:23 | DEBUG    | yolo_service:199 | [cam_001] Thời gian xử lý frame 88.04ms
2026-07-02 10:29:23 | DEBUG    | yolo_service:199 | [cam_002] Thời gian xử lý frame 50.75ms
2026-07-02 10:29:23 | DEBUG    | yolo_service:199 | [cam_002] Thời gian xử lý frame 56.78ms
2026-07-02 10:29:23 | DEBUG    | yolo_service:199 | [cam_001] Thời gian xử lý frame 95.50ms
2026-07-02 10:29:23 | DEBUG    | yolo_service:199 | [cam_001] Thời gian xử lý frame 24.32ms
2026-07-02 10:29:23 | DEBUG    | yolo_service:199 | [cam_002] Thời gian xử lý frame 51.05ms
2026-07-02 10:29:23 | DEBUG    | yolo_service:199 | [cam_002] Thời gian xử lý frame 50.84ms
2026-07-02 10:29:23 | DEBUG    | yolo_service:199 | [cam_001] Thời gian xử lý frame 90.96ms
2026-07-02 10:29:23 | DEBUG    | yolo_service:199 | [cam_002] Thời gian xử lý frame 53.30ms
2026-07-02 10:29:23 | DEBUG    | yolo_service:199 | [cam_001] Thời gian xử lý frame 82.75ms
2026-07-02 10:29:23 | DEBUG    | yolo_service:199 | [cam_002] Thời gian xử lý frame 56.01ms
2026-07-02 10:29:23 | DEBUG    | yolo_service:199 | [cam_001] Thời gian xử lý frame 10.19ms
2026-07-02 10:29:23 | DEBUG    | yolo_service:199 | [cam_002] Thời gian xử lý frame 49.93ms
2026-07-02 10:29:23 | DEBUG    | yolo_service:199 | [cam_001] Thời gian xử lý frame 80.33ms
2026-07-02 10:29:23 | DEBUG    | yolo_service:199 | [cam_002] Thời gian xử lý frame 54.36ms
2026-07-02 10:29:23 | DEBUG    | yolo_service:199 | [cam_001] Thời gian xử lý frame 88.03ms
2026-07-02 10:29:23 | DEBUG    | yolo_service:199 | [cam_001] Thời gian xử lý frame 10.77ms
2026-07-02 10:29:23 | DEBUG    | yolo_service:199 | [cam_002] Thời gian xử lý frame 99.90ms
2026-07-02 10:29:23 | DEBUG    | yolo_service:199 | [cam_002] Thời gian xử lý frame 11.78ms
2026-07-02 10:29:23 | DEBUG    | yolo_service:199 | [cam_001] Thời gian xử lý frame 87.74ms
2026-07-02 10:29:23 | DEBUG    | yolo_service:199 | [cam_002] Thời gian xử lý frame 63.45ms
2026-07-02 10:29:23 | DEBUG    | yolo_service:199 | [cam_002] Thời gian xử lý frame 11.55ms
2026-07-02 10:29:23 | DEBUG    | yolo_service:199 | [cam_002] Thời gian xử lý frame 97.19ms
2026-07-02 10:29:23 | DEBUG    | yolo_service:199 | [cam_002] Thời gian xử lý frame 12.43ms
2026-07-02 10:29:23 | DEBUG    | yolo_service:199 | [cam_002] Thời gian xử lý frame 20.09ms
2026-07-02 10:29:23 | DEBUG    | yolo_service:199 | [cam_001] Thời gian xử lý frame 154.90ms
2026-07-02 10:29:23 | DEBUG    | yolo_service:199 | [cam_001] Thời gian xử lý frame 13.93ms
2026-07-02 10:29:23 | DEBUG    | yolo_service:199 | [cam_002] Thời gian xử lý frame 57.81ms
2026-07-02 10:29:23 | DEBUG    | yolo_service:199 | [cam_002] Thời gian xử lý frame 18.49ms
2026-07-02 10:29:23 | DEBUG    | yolo_service:199 | [cam_002] Thời gian xử lý frame 59.73ms
2026-07-02 10:29:23 | DEBUG    | yolo_service:199 | [cam_002] Thời gian xử lý frame 13.62ms
2026-07-02 10:29:23 | DEBUG    | yolo_service:199 | [cam_001] Thời gian xử lý frame 151.70ms
2026-07-02 10:29:24 | DEBUG    | yolo_service:199 | [cam_001] Thời gian xử lý frame 11.44ms
2026-07-02 10:29:24 | DEBUG    | yolo_service:199 | [cam_002] Thời gian xử lý frame 57.26ms
2026-07-02 10:29:24 | DEBUG    | yolo_service:199 | [cam_001] Thời gian xử lý frame 312.30ms
2026-07-02 10:29:24 | DEBUG    | yolo_service:199 | [cam_002] Thời gian xử lý frame 291.32ms
2026-07-02 10:29:24 | DEBUG    | yolo_service:199 | [cam_001] Thời gian xử lý frame 12.00ms
2026-07-02 10:29:24 | DEBUG    | yolo_service:199 | [cam_002] Thời gian xử lý frame 12.57ms
2026-07-02 10:29:24 | DEBUG    | yolo_service:199 | [cam_001] Thời gian xử lý frame 13.80ms
2026-07-02 10:29:24 | DEBUG    | yolo_service:199 | [cam_002] Thời gian xử lý frame 50.05ms
2026-07-02 10:29:24 | DEBUG    | yolo_service:199 | [cam_001] Thời gian xử lý frame 79.03ms
2026-07-02 10:29:24 | DEBUG    | yolo_service:199 | [cam_002] Thời gian xử lý frame 48.67ms
2026-07-02 10:29:24 | DEBUG    | yolo_service:199 | [cam_001] Thời gian xử lý frame 78.26ms
2026-07-02 10:29:24 | DEBUG    | yolo_service:199 | [cam_002] Thời gian xử lý frame 128.70ms
2026-07-02 10:29:24 | DEBUG    | yolo_service:199 | [cam_001] Thời gian xử lý frame 78.44ms
2026-07-02 10:29:24 | DEBUG    | yolo_service:199 | [cam_001] Thời gian xử lý frame 8.05ms
2026-07-02 10:29:24 | DEBUG    | yolo_service:199 | [cam_002] Thời gian xử lý frame 48.44ms
2026-07-02 10:29:24 | DEBUG    | yolo_service:199 | [cam_002] Thời gian xử lý frame 50.88ms
2026-07-02 10:29:24 | DEBUG    | yolo_service:199 | [cam_001] Thời gian xử lý frame 78.43ms
2026-07-02 10:29:24 | DEBUG    | yolo_service:199 | [cam_002] Thời gian xử lý frame 52.21ms
2026-07-02 10:29:24 | DEBUG    | yolo_service:199 | [cam_002] Thời gian xử lý frame 10.43ms
2026-07-02 10:29:24 | DEBUG    | yolo_service:199 | [cam_001] Thời gian xử lý frame 79.45ms
2026-07-02 10:29:24 | DEBUG    | yolo_service:199 | [cam_002] Thời gian xử lý frame 49.57ms
2026-07-02 10:29:24 | DEBUG    | yolo_service:199 | [cam_002] Thời gian xử lý frame 50.34ms
2026-07-02 10:29:24 | DEBUG    | yolo_service:199 | [cam_001] Thời gian xử lý frame 83.06ms
2026-07-02 10:29:24 | DEBUG    | yolo_service:199 | [cam_002] Thời gian xử lý frame 54.11ms
2026-07-02 10:29:24 | DEBUG    | yolo_service:199 | [cam_002] Thời gian xử lý frame 6.31ms
2026-07-02 10:29:24 | DEBUG    | yolo_service:199 | [cam_001] Thời gian xử lý frame 73.48ms
2026-07-02 10:29:24 | DEBUG    | yolo_service:199 | [cam_002] Thời gian xử lý frame 48.24ms
2026-07-02 10:29:24 | DEBUG    | yolo_service:199 | [cam_001] Thời gian xử lý frame 77.04ms
2026-07-02 10:29:24 | DEBUG    | yolo_service:199 | [cam_002] Thời gian xử lý frame 51.78ms
2026-07-02 10:29:24 | DEBUG    | yolo_service:199 | [cam_002] Thời gian xử lý frame 7.25ms
2026-07-02 10:29:25 | DEBUG    | yolo_service:199 | [cam_002] Thời gian xử lý frame 53.38ms
2026-07-02 10:29:25 | DEBUG    | yolo_service:199 | [cam_001] Thời gian xử lý frame 82.51ms
2026-07-02 10:29:25 | DEBUG    | yolo_service:199 | [cam_002] Thời gian xử lý frame 52.38ms
2026-07-02 10:29:25 | DEBUG    | yolo_service:199 | [cam_001] Thời gian xử lý frame 74.78ms
2026-07-02 10:29:25 | DEBUG    | yolo_service:199 | [cam_002] Thời gian xử lý frame 50.74ms
2026-07-02 10:29:25 | DEBUG    | yolo_service:199 | [cam_002] Thời gian xử lý frame 54.45ms
2026-07-02 10:29:25 | DEBUG    | yolo_service:199 | [cam_001] Thời gian xử lý frame 73.78ms
2026-07-02 10:29:25 | DEBUG    | yolo_service:199 | [cam_002] Thời gian xử lý frame 50.58ms
2026-07-02 10:29:25 | DEBUG    | yolo_service:199 | [cam_001] Thời gian xử lý frame 74.18ms
2026-07-02 10:29:25 | DEBUG    | yolo_service:199 | [cam_002] Thời gian xử lý frame 50.77ms
2026-07-02 10:29:25 | DEBUG    | yolo_service:199 | [cam_002] Thời gian xử lý frame 9.75ms
2026-07-02 10:29:25 | DEBUG    | yolo_service:199 | [cam_001] Thời gian xử lý frame 75.95ms
2026-07-02 10:29:25 | DEBUG    | yolo_service:199 | [cam_002] Thời gian xử lý frame 50.03ms
2026-07-02 10:29:25 | DEBUG    | yolo_service:199 | [cam_002] Thời gian xử lý frame 48.02ms
2026-07-02 10:29:25 | DEBUG    | yolo_service:199 | [cam_001] Thời gian xử lý frame 74.93ms
2026-07-02 10:29:25 | DEBUG    | yolo_service:199 | [cam_002] Thời gian xử lý frame 49.66ms
2026-07-02 10:29:25 | DEBUG    | yolo_service:199 | [cam_001] Thời gian xử lý frame 78.15ms
2026-07-02 10:29:25 | DEBUG    | yolo_service:199 | [cam_002] Thời gian xử lý frame 53.94ms
2026-07-02 10:29:25 | DEBUG    | yolo_service:199 | [cam_002] Thời gian xử lý frame 53.96ms
2026-07-02 10:29:25 | DEBUG    | yolo_service:199 | [cam_001] Thời gian xử lý frame 75.15ms
2026-07-02 10:29:25 | DEBUG    | yolo_service:199 | [cam_002] Thời gian xử lý frame 59.83ms
2026-07-02 10:29:25 | DEBUG    | yolo_service:199 | [cam_002] Thời gian xử lý frame 16.12ms
2026-07-02 10:29:25 | DEBUG    | yolo_service:199 | [cam_001] Thời gian xử lý frame 76.49ms
2026-07-02 10:29:25 | DEBUG    | yolo_service:199 | [cam_002] Thời gian xử lý frame 58.07ms
2026-07-02 10:29:25 | DEBUG    | yolo_service:199 | [cam_001] Thời gian xử lý frame 74.62ms
2026-07-02 10:29:25 | DEBUG    | yolo_service:199 | [cam_002] Thời gian xử lý frame 49.45ms
2026-07-02 10:29:25 | DEBUG    | yolo_service:199 | [cam_002] Thời gian xử lý frame 48.71ms
2026-07-02 10:29:25 | DEBUG    | yolo_service:199 | [cam_001] Thời gian xử lý frame 74.17ms
2026-07-02 10:29:25 | DEBUG    | yolo_service:199 | [cam_002] Thời gian xử lý frame 51.70ms
2026-07-02 10:29:25 | DEBUG    | yolo_service:199 | [cam_002] Thời gian xử lý frame 8.82ms
2026-07-02 10:29:25 | DEBUG    | yolo_service:199 | [cam_001] Thời gian xử lý frame 76.04ms
2026-07-02 10:29:25 | DEBUG    | yolo_service:199 | [cam_002] Thời gian xử lý frame 51.28ms
2026-07-02 10:29:25 | DEBUG    | yolo_service:199 | [cam_001] Thời gian xử lý frame 76.03ms
2026-07-02 10:29:25 | DEBUG    | yolo_service:199 | [cam_002] Thời gian xử lý frame 53.15ms
2026-07-02 10:29:26 | DEBUG    | yolo_service:199 | [cam_002] Thời gian xử lý frame 49.40ms
2026-07-02 10:29:26 | DEBUG    | yolo_service:199 | [cam_001] Thời gian xử lý frame 74.17ms
2026-07-02 10:29:26 | DEBUG    | yolo_service:199 | [cam_002] Thời gian xử lý frame 50.82ms
2026-07-02 10:29:26 | DEBUG    | yolo_service:199 | [cam_002] Thời gian xử lý frame 56.50ms
2026-07-02 10:29:26 | DEBUG    | yolo_service:199 | [cam_002] Thời gian xử lý frame 83.06ms
2026-07-02 10:29:26 | DEBUG    | yolo_service:199 | [cam_001] Thời gian xử lý frame 185.85ms
2026-07-02 10:29:26 | DEBUG    | yolo_service:199 | [cam_002] Thời gian xử lý frame 36.53ms
2026-07-02 10:29:26 | DEBUG    | yolo_service:199 | [cam_001] Thời gian xử lý frame 30.95ms
2026-07-02 10:29:26 | DEBUG    | yolo_service:199 | [cam_002] Thời gian xử lý frame 17.02ms
2026-07-02 10:29:26 | DEBUG    | yolo_service:199 | [cam_002] Thời gian xử lý frame 13.15ms
2026-07-02 10:29:26 | DEBUG    | yolo_service:199 | [cam_002] Thời gian xử lý frame 63.33ms
2026-07-02 10:29:26 | DEBUG    | yolo_service:199 | [cam_001] Thời gian xử lý frame 88.81ms
2026-07-02 10:29:26 | DEBUG    | yolo_service:199 | [cam_002] Thời gian xử lý frame 15.57ms
2026-07-02 10:29:26 | DEBUG    | yolo_service:199 | [cam_002] Thời gian xử lý frame 54.66ms
2026-07-02 10:29:26 | DEBUG    | yolo_service:199 | [cam_001] Thời gian xử lý frame 163.38ms
2026-07-02 10:29:26 | DEBUG    | yolo_service:199 | [cam_002] Thời gian xử lý frame 97.84ms
2026-07-02 10:29:26 | DEBUG    | yolo_service:199 | [cam_001] Thời gian xử lý frame 9.54ms
2026-07-02 10:29:26 | DEBUG    | yolo_service:199 | [cam_002] Thời gian xử lý frame 15.65ms
2026-07-02 10:29:26 | DEBUG    | yolo_service:199 | [cam_002] Thời gian xử lý frame 52.56ms
2026-07-02 10:29:26 | DEBUG    | yolo_service:199 | [cam_001] Thời gian xử lý frame 75.78ms
2026-07-02 10:29:26 | DEBUG    | yolo_service:199 | [cam_002] Thời gian xử lý frame 50.65ms
2026-07-02 10:29:26 | DEBUG    | yolo_service:199 | [cam_001] Thời gian xử lý frame 74.35ms
2026-07-02 10:29:26 | DEBUG    | yolo_service:199 | [cam_002] Thời gian xử lý frame 52.24ms
2026-07-02 10:29:26 | DEBUG    | yolo_service:199 | [cam_002] Thời gian xử lý frame 49.08ms
2026-07-02 10:29:26 | DEBUG    | yolo_service:199 | [cam_001] Thời gian xử lý frame 79.63ms
2026-07-02 10:29:26 | DEBUG    | yolo_service:199 | [cam_002] Thời gian xử lý frame 16.09ms
2026-07-02 10:29:26 | DEBUG    | yolo_service:199 | [cam_002] Thời gian xử lý frame 51.59ms
2026-07-02 10:29:26 | DEBUG    | yolo_service:199 | [cam_002] Thời gian xử lý frame 9.85ms
2026-07-02 10:29:26 | DEBUG    | yolo_service:199 | [cam_001] Thời gian xử lý frame 74.04ms
2026-07-02 10:29:26 | DEBUG    | yolo_service:199 | [cam_002] Thời gian xử lý frame 92.92ms
2026-07-02 10:29:26 | DEBUG    | yolo_service:199 | [cam_002] Thời gian xử lý frame 49.08ms
2026-07-02 10:29:26 | DEBUG    | yolo_service:199 | [cam_001] Thời gian xử lý frame 150.88ms
2026-07-02 10:29:27 | DEBUG    | yolo_service:199 | [cam_001] Thời gian xử lý frame 7.91ms
2026-07-02 10:29:27 | DEBUG    | yolo_service:199 | [cam_002] Thời gian xử lý frame 56.51ms
2026-07-02 10:29:27 | DEBUG    | yolo_service:199 | [cam_001] Thời gian xử lý frame 78.83ms
2026-07-02 10:29:27 | DEBUG    | yolo_service:199 | [cam_002] Thời gian xử lý frame 52.95ms
2026-07-02 10:29:27 | DEBUG    | yolo_service:199 | [cam_002] Thời gian xử lý frame 50.64ms
2026-07-02 10:29:27 | DEBUG    | yolo_service:199 | [cam_001] Thời gian xử lý frame 74.33ms
2026-07-02 10:29:27 | DEBUG    | yolo_service:199 | [cam_002] Thời gian xử lý frame 55.71ms
2026-07-02 10:29:27 | DEBUG    | yolo_service:199 | [cam_001] Thời gian xử lý frame 73.57ms
2026-07-02 10:29:27 | DEBUG    | yolo_service:199 | [cam_001] Thời gian xử lý frame 9.37ms
2026-07-02 10:29:27 | DEBUG    | yolo_service:199 | [cam_002] Thời gian xử lý frame 51.10ms
2026-07-02 10:29:27 | DEBUG    | yolo_service:199 | [cam_002] Thời gian xử lý frame 54.93ms
2026-07-02 10:29:27 | DEBUG    | yolo_service:199 | [cam_002] Thời gian xử lý frame 48.92ms
2026-07-02 10:29:27 | DEBUG    | yolo_service:199 | [cam_002] Thời gian xử lý frame 8.40ms
2026-07-02 10:29:27 | DEBUG    | yolo_service:199 | [cam_001] Thời gian xử lý frame 142.16ms
2026-07-02 10:29:27 | DEBUG    | yolo_service:199 | [cam_002] Thời gian xử lý frame 49.81ms
2026-07-02 10:29:27 | DEBUG    | yolo_service:199 | [cam_002] Thời gian xử lý frame 53.10ms
2026-07-02 10:29:27 | DEBUG    | yolo_service:199 | [cam_001] Thời gian xử lý frame 77.91ms
2026-07-02 10:29:27 | DEBUG    | yolo_service:199 | [cam_002] Thời gian xử lý frame 49.94ms
2026-07-02 10:29:27 | DEBUG    | yolo_service:199 | [cam_002] Thời gian xử lý frame 54.03ms
2026-07-02 10:29:27 | DEBUG    | yolo_service:199 | [cam_002] Thời gian xử lý frame 11.72ms
2026-07-02 10:29:27 | DEBUG    | yolo_service:199 | [cam_001] Thời gian xử lý frame 142.00ms
2026-07-02 10:29:27 | DEBUG    | heartbeat_service:58 | 💓 Nhịp tim gửi Master: {'server_id': 'SV_004', 'cpu_usage': 39.9, 'has_gpu': True, 'gpu_usage': 0, 'vram_free_gb': 3.47, 'max_cam': 2}
2026-07-02 10:29:27 | DEBUG    | connectionpool:241 | Starting new HTTP connection (1): 10.40.91.11:5000
2026-07-02 10:29:27 | DEBUG    | yolo_service:199 | [cam_002] Thời gian xử lý frame 57.15ms
2026-07-02 10:29:27 | DEBUG    | connectionpool:544 | http://10.40.91.11:5000 "POST /api/heartbeat HTTP/1.1" 200 68
2026-07-02 10:29:27 | DEBUG    | yolo_service:199 | [cam_002] Thời gian xử lý frame 15.13ms
2026-07-02 10:29:27 | DEBUG    | yolo_service:199 | [cam_001] Thời gian xử lý frame 73.07ms
2026-07-02 10:29:27 | DEBUG    | yolo_service:199 | [cam_002] Thời gian xử lý frame 51.48ms
2026-07-02 10:29:27 | DEBUG    | yolo_service:199 | [cam_001] Thời gian xử lý frame 77.63ms
2026-07-02 10:29:27 | DEBUG    | yolo_service:199 | [cam_002] Thời gian xử lý frame 55.44ms
2026-07-02 10:29:27 | DEBUG    | yolo_service:199 | [cam_002] Thời gian xử lý frame 47.96ms
2026-07-02 10:29:27 | DEBUG    | yolo_service:199 | [cam_001] Thời gian xử lý frame 76.76ms
2026-07-02 10:29:27 | DEBUG    | yolo_service:199 | [cam_002] Thời gian xử lý frame 49.68ms
2026-07-02 10:29:27 | DEBUG    | yolo_service:199 | [cam_001] Thời gian xử lý frame 78.83ms
2026-07-02 10:29:27 | DEBUG    | yolo_service:199 | [cam_002] Thời gian xử lý frame 56.53ms
2026-07-02 10:29:27 | DEBUG    | yolo_service:199 | [cam_002] Thời gian xử lý frame 8.40ms
2026-07-02 10:29:27 | DEBUG    | yolo_service:199 | [cam_002] Thời gian xử lý frame 48.25ms
2026-07-02 10:29:27 | DEBUG    | yolo_service:199 | [cam_001] Thời gian xử lý frame 73.03ms
2026-07-02 10:29:28 | DEBUG    | yolo_service:199 | [cam_002] Thời gian xử lý frame 48.88ms
2026-07-02 10:29:28 | DEBUG    | yolo_service:199 | [cam_001] Thời gian xử lý frame 78.86ms
2026-07-02 10:29:28 | DEBUG    | yolo_service:199 | [cam_002] Thời gian xử lý frame 54.87ms
2026-07-02 10:29:28 | DEBUG    | yolo_service:199 | [cam_002] Thời gian xử lý frame 9.36ms
2026-07-02 10:29:28 | DEBUG    | yolo_service:199 | [cam_002] Thời gian xử lý frame 48.73ms
2026-07-02 10:29:28 | DEBUG    | yolo_service:199 | [cam_002] Thời gian xử lý frame 50.92ms
2026-07-02 10:29:28 | DEBUG    | yolo_service:199 | [cam_002] Thời gian xử lý frame 9.48ms
2026-07-02 10:29:28 | DEBUG    | yolo_service:199 | [cam_001] Thời gian xử lý frame 142.79ms
2026-07-02 10:29:28 | DEBUG    | yolo_service:199 | [cam_002] Thời gian xử lý frame 52.82ms
2026-07-02 10:29:28 | DEBUG    | yolo_service:199 | [cam_001] Thời gian xử lý frame 76.98ms
2026-07-02 10:29:28 | DEBUG    | yolo_service:199 | [cam_002] Thời gian xử lý frame 50.91ms
2026-07-02 10:29:28 | DEBUG    | yolo_service:199 | [cam_002] Thời gian xử lý frame 51.18ms
2026-07-02 10:29:28 | DEBUG    | yolo_service:199 | [cam_001] Thời gian xử lý frame 76.22ms
2026-07-02 10:29:28 | DEBUG    | yolo_service:199 | [cam_002] Thời gian xử lý frame 54.91ms
2026-07-02 10:29:28 | DEBUG    | yolo_service:199 | [cam_001] Thời gian xử lý frame 80.54ms
2026-07-02 10:29:28 | DEBUG    | yolo_service:199 | [cam_001] Thời gian xử lý frame 21.24ms
2026-07-02 10:29:28 | DEBUG    | yolo_service:199 | [cam_002] Thời gian xử lý frame 57.16ms
2026-07-02 10:29:28 | DEBUG    | yolo_service:199 | [cam_002] Thời gian xử lý frame 50.16ms
2026-07-02 10:29:28 | DEBUG    | yolo_service:199 | [cam_002] Thời gian xử lý frame 55.78ms
2026-07-02 10:29:28 | DEBUG    | yolo_service:199 | [cam_001] Thời gian xử lý frame 162.44ms
2026-07-02 10:29:28 | DEBUG    | yolo_service:199 | [cam_002] Thời gian xử lý frame 64.29ms
2026-07-02 10:29:28 | DEBUG    | yolo_service:199 | [cam_002] Thời gian xử lý frame 15.41ms
2026-07-02 10:29:28 | DEBUG    | yolo_service:199 | [cam_001] Thời gian xử lý frame 304.54ms
2026-07-02 10:29:28 | DEBUG    | yolo_service:199 | [cam_002] Thời gian xử lý frame 277.61ms
2026-07-02 10:29:28 | DEBUG    | yolo_service:199 | [cam_001] Thời gian xử lý frame 19.36ms
2026-07-02 10:29:28 | DEBUG    | yolo_service:199 | [cam_002] Thời gian xử lý frame 19.61ms
2026-07-02 10:29:28 | DEBUG    | yolo_service:199 | [cam_001] Thời gian xử lý frame 16.86ms
2026-07-02 10:29:28 | DEBUG    | yolo_service:199 | [cam_002] Thời gian xử lý frame 16.24ms
2026-07-02 10:29:29 | DEBUG    | yolo_service:199 | [cam_002] Thời gian xử lý frame 60.67ms
2026-07-02 10:29:29 | DEBUG    | yolo_service:199 | [cam_002] Thời gian xử lý frame 10.28ms
2026-07-02 10:29:29 | DEBUG    | yolo_service:199 | [cam_001] Thời gian xử lý frame 78.61ms
2026-07-02 10:29:29 | DEBUG    | yolo_service:199 | [cam_001] Thời gian xử lý frame 8.58ms
2026-07-02 10:29:29 | DEBUG    | yolo_service:199 | [cam_002] Thời gian xử lý frame 49.42ms
2026-07-02 10:29:29 | DEBUG    | yolo_service:199 | [cam_002] Thời gian xử lý frame 63.34ms
2026-07-02 10:29:29 | DEBUG    | yolo_service:199 | [cam_002] Thời gian xử lý frame 13.47ms
2026-07-02 10:29:29 | DEBUG    | yolo_service:199 | [cam_001] Thời gian xử lý frame 145.65ms
2026-07-02 10:29:29 | DEBUG    | yolo_service:199 | [cam_002] Thời gian xử lý frame 50.06ms
2026-07-02 10:29:29 | DEBUG    | yolo_service:199 | [cam_002] Thời gian xử lý frame 53.82ms
2026-07-02 10:29:29 | DEBUG    | yolo_service:199 | [cam_001] Thời gian xử lý frame 81.03ms
2026-07-02 10:29:29 | DEBUG    | yolo_service:199 | [cam_002] Thời gian xử lý frame 14.75ms
2026-07-02 10:29:29 | DEBUG    | yolo_service:199 | [cam_002] Thời gian xử lý frame 48.89ms
2026-07-02 10:29:29 | DEBUG    | yolo_service:199 | [cam_001] Thời gian xử lý frame 75.69ms
2026-07-02 10:29:29 | DEBUG    | yolo_service:199 | [cam_002] Thời gian xử lý frame 56.54ms
2026-07-02 10:29:29 | DEBUG    | yolo_service:199 | [cam_002] Thời gian xử lý frame 8.99ms
2026-07-02 10:29:29 | DEBUG    | yolo_service:199 | [cam_001] Thời gian xử lý frame 83.51ms
2026-07-02 10:29:29 | DEBUG    | yolo_service:199 | [cam_001] Thời gian xử lý frame 13.27ms
2026-07-02 10:29:29 | DEBUG    | yolo_service:199 | [cam_002] Thời gian xử lý frame 56.54ms
2026-07-02 10:29:29 | DEBUG    | yolo_service:199 | [cam_002] Thời gian xử lý frame 90.24ms
2026-07-02 10:29:29 | DEBUG    | yolo_service:199 | [cam_002] Thời gian xử lý frame 52.12ms
2026-07-02 10:29:29 | DEBUG    | yolo_service:199 | [cam_001] Thời gian xử lý frame 145.17ms
2026-07-02 10:29:29 | DEBUG    | yolo_service:199 | [cam_002] Thời gian xử lý frame 49.01ms
2026-07-02 10:29:29 | DEBUG    | yolo_service:199 | [cam_001] Thời gian xử lý frame 80.80ms
2026-07-02 10:29:29 | DEBUG    | yolo_service:199 | [cam_002] Thời gian xử lý frame 47.52ms
2026-07-02 10:29:29 | DEBUG    | yolo_service:199 | [cam_002] Thời gian xử lý frame 50.90ms
2026-07-02 10:29:29 | DEBUG    | yolo_service:199 | [cam_001] Thời gian xử lý frame 79.02ms
2026-07-02 10:29:29 | DEBUG    | yolo_service:199 | [cam_002] Thời gian xử lý frame 13.89ms
2026-07-02 10:29:29 | DEBUG    | yolo_service:199 | [cam_002] Thời gian xử lý frame 53.14ms
2026-07-02 10:29:29 | DEBUG    | yolo_service:199 | [cam_001] Thời gian xử lý frame 79.42ms
2026-07-02 10:29:29 | DEBUG    | yolo_service:199 | [cam_001] Thời gian xử lý frame 9.18ms
2026-07-02 10:29:29 | DEBUG    | yolo_service:199 | [cam_002] Thời gian xử lý frame 53.96ms
2026-07-02 10:29:29 | DEBUG    | yolo_service:199 | [cam_002] Thời gian xử lý frame 8.32ms
2026-07-02 10:29:29 | DEBUG    | yolo_service:199 | [cam_002] Thời gian xử lý frame 50.87ms
2026-07-02 10:29:29 | DEBUG    | yolo_service:199 | [cam_002] Thời gian xử lý frame 59.94ms
2026-07-02 10:29:30 | DEBUG    | yolo_service:199 | [cam_001] Thời gian xử lý frame 147.54ms
2026-07-02 10:29:30 | DEBUG    | yolo_service:199 | [cam_002] Thời gian xử lý frame 12.18ms
2026-07-02 10:29:30 | DEBUG    | yolo_service:199 | [cam_002] Thời gian xử lý frame 51.82ms
2026-07-02 10:29:30 | DEBUG    | yolo_service:199 | [cam_001] Thời gian xử lý frame 82.52ms
2026-07-02 10:29:30 | DEBUG    | yolo_service:199 | [cam_002] Thời gian xử lý frame 51.71ms
2026-07-02 10:29:30 | DEBUG    | yolo_service:199 | [cam_002] Thời gian xử lý frame 9.88ms
2026-07-02 10:29:30 | DEBUG    | yolo_service:199 | [cam_001] Thời gian xử lý frame 86.50ms
2026-07-02 10:29:30 | DEBUG    | yolo_service:199 | [cam_002] Thời gian xử lý frame 109.34ms
2026-07-02 10:29:30 | DEBUG    | yolo_service:199 | [cam_001] Thời gian xử lý frame 89.15ms
2026-07-02 10:29:30 | DEBUG    | yolo_service:199 | [cam_002] Thời gian xử lý frame 55.27ms
2026-07-02 10:29:30 | DEBUG    | yolo_service:199 | [cam_002] Thời gian xử lý frame 21.57ms
2026-07-02 10:29:30 | DEBUG    | yolo_service:199 | [cam_002] Thời gian xử lý frame 29.42ms
2026-07-02 10:29:30 | DEBUG    | yolo_service:199 | [cam_002] Thời gian xử lý frame 66.90ms
2026-07-02 10:29:30 | DEBUG    | yolo_service:199 | [cam_001] Thời gian xử lý frame 153.63ms
2026-07-02 10:29:30 | DEBUG    | yolo_service:199 | [cam_002] Thời gian xử lý frame 20.77ms
2026-07-02 10:29:30 | DEBUG    | yolo_service:199 | [cam_002] Thời gian xử lý frame 71.45ms
2026-07-02 10:29:30 | DEBUG    | yolo_service:199 | [cam_001] Thời gian xử lý frame 98.94ms
2026-07-02 10:29:30 | DEBUG    | yolo_service:199 | [cam_002] Thời gian xử lý frame 101.74ms
2026-07-02 10:29:30 | DEBUG    | yolo_service:199 | [cam_001] Thời gian xử lý frame 110.02ms
2026-07-02 10:29:30 | DEBUG    | yolo_service:199 | [cam_002] Thời gian xử lý frame 36.09ms
2026-07-02 10:29:30 | DEBUG    | yolo_service:199 | [cam_002] Thời gian xử lý frame 47.83ms
2026-07-02 10:29:30 | DEBUG    | yolo_service:199 | [cam_001] Thời gian xử lý frame 92.76ms
2026-07-02 10:29:30 | DEBUG    | yolo_service:199 | [cam_002] Thời gian xử lý frame 28.79ms
2026-07-02 10:29:30 | DEBUG    | yolo_service:199 | [cam_002] Thời gian xử lý frame 73.89ms
2026-07-02 10:29:30 | DEBUG    | yolo_service:199 | [cam_001] Thời gian xử lý frame 88.87ms
2026-07-02 10:29:30 | DEBUG    | yolo_service:199 | [cam_001] Thời gian xử lý frame 27.67ms
2026-07-02 10:29:30 | DEBUG    | yolo_service:199 | [cam_002] Thời gian xử lý frame 63.29ms
2026-07-02 10:29:30 | DEBUG    | yolo_service:199 | [cam_001] Thời gian xử lý frame 92.85ms
2026-07-02 10:29:30 | DEBUG    | yolo_service:199 | [cam_002] Thời gian xử lý frame 70.67ms
2026-07-02 10:29:30 | DEBUG    | yolo_service:199 | [cam_001] Thời gian xử lý frame 30.09ms
2026-07-02 10:29:30 | DEBUG    | yolo_service:199 | [cam_002] Thời gian xử lý frame 33.45ms
2026-07-02 10:29:30 | DEBUG    | yolo_service:199 | [cam_002] Thời gian xử lý frame 22.50ms
2026-07-02 10:29:31 | DEBUG    | yolo_service:199 | [cam_002] Thời gian xử lý frame 28.82ms
2026-07-02 10:29:31 | DEBUG    | yolo_service:199 | [cam_001] Thời gian xử lý frame 95.19ms
2026-07-02 10:29:31 | DEBUG    | yolo_service:199 | [cam_001] Thời gian xử lý frame 30.47ms
2026-07-02 10:29:31 | DEBUG    | yolo_service:199 | [cam_002] Thời gian xử lý frame 69.93ms
2026-07-02 10:29:31 | DEBUG    | yolo_service:199 | [cam_002] Thời gian xử lý frame 69.40ms
2026-07-02 10:29:31 | DEBUG    | yolo_service:199 | [cam_001] Thời gian xử lý frame 91.98ms
2026-07-02 10:29:31 | DEBUG    | yolo_service:199 | [cam_002] Thời gian xử lý frame 26.91ms
2026-07-02 10:29:31 | DEBUG    | yolo_service:199 | [cam_002] Thời gian xử lý frame 65.01ms
2026-07-02 10:29:31 | DEBUG    | yolo_service:199 | [cam_001] Thời gian xử lý frame 93.68ms
2026-07-02 10:29:31 | DEBUG    | yolo_service:199 | [cam_002] Thời gian xử lý frame 26.38ms
2026-07-02 10:29:31 | DEBUG    | yolo_service:199 | [cam_002] Thời gian xử lý frame 59.02ms
2026-07-02 10:29:31 | DEBUG    | yolo_service:199 | [cam_001] Thời gian xử lý frame 92.80ms
2026-07-02 10:29:31 | DEBUG    | yolo_service:199 | [cam_002] Thời gian xử lý frame 63.44ms
2026-07-02 10:29:31 | DEBUG    | yolo_service:199 | [cam_002] Thời gian xử lý frame 16.97ms
2026-07-02 10:29:31 | DEBUG    | yolo_service:199 | [cam_001] Thời gian xử lý frame 88.92ms
2026-07-02 10:29:31 | DEBUG    | yolo_service:199 | [cam_001] Thời gian xử lý frame 20.93ms
2026-07-02 10:29:31 | DEBUG    | yolo_service:199 | [cam_002] Thời gian xử lý frame 59.20ms
2026-07-02 10:29:31 | DEBUG    | yolo_service:199 | [cam_002] Thời gian xử lý frame 62.49ms
2026-07-02 10:29:31 | DEBUG    | yolo_service:199 | [cam_002] Thời gian xử lý frame 175.89ms
2026-07-02 10:29:31 | DEBUG    | yolo_service:199 | [cam_001] Thời gian xử lý frame 250.11ms
2026-07-02 10:29:31 | DEBUG    | yolo_service:199 | [cam_001] Thời gian xử lý frame 20.53ms
2026-07-02 10:29:31 | DEBUG    | yolo_service:199 | [cam_002] Thời gian xử lý frame 27.71ms
2026-07-02 10:29:31 | DEBUG    | yolo_service:199 | [cam_002] Thời gian xử lý frame 23.69ms
2026-07-02 10:29:31 | DEBUG    | yolo_service:199 | [cam_002] Thời gian xử lý frame 19.51ms
2026-07-02 10:29:31 | DEBUG    | yolo_service:199 | [cam_002] Thời gian xử lý frame 18.12ms
2026-07-02 10:29:31 | DEBUG    | yolo_service:199 | [cam_001] Thời gian xử lý frame 91.89ms
2026-07-02 10:29:31 | DEBUG    | yolo_service:199 | [cam_001] Thời gian xử lý frame 24.81ms
2026-07-02 10:29:31 | DEBUG    | yolo_service:199 | [cam_002] Thời gian xử lý frame 56.26ms
2026-07-02 10:29:31 | DEBUG    | yolo_service:199 | [cam_002] Thời gian xử lý frame 17.60ms
2026-07-02 10:29:31 | DEBUG    | yolo_service:199 | [cam_002] Thời gian xử lý frame 61.27ms
2026-07-02 10:29:31 | DEBUG    | yolo_service:199 | [cam_001] Thời gian xử lý frame 83.83ms
2026-07-02 10:29:31 | DEBUG    | yolo_service:199 | [cam_002] Thời gian xử lý frame 18.86ms
2026-07-02 10:29:32 | DEBUG    | yolo_service:199 | [cam_002] Thời gian xử lý frame 59.87ms
2026-07-02 10:29:32 | DEBUG    | yolo_service:199 | [cam_001] Thời gian xử lý frame 86.78ms
2026-07-02 10:29:32 | DEBUG    | yolo_service:199 | [cam_002] Thời gian xử lý frame 61.36ms
2026-07-02 10:29:32 | DEBUG    | yolo_service:199 | [cam_002] Thời gian xử lý frame 58.30ms
2026-07-02 10:29:32 | DEBUG    | yolo_service:199 | [cam_002] Thời gian xử lý frame 18.42ms
2026-07-02 10:29:32 | DEBUG    | yolo_service:199 | [cam_001] Thời gian xử lý frame 149.10ms
2026-07-02 10:29:32 | DEBUG    | yolo_service:199 | [cam_002] Thời gian xử lý frame 61.92ms
2026-07-02 10:29:32 | DEBUG    | yolo_service:199 | [cam_002] Thời gian xử lý frame 19.09ms
2026-07-02 10:29:32 | DEBUG    | yolo_service:199 | [cam_001] Thời gian xử lý frame 84.23ms
2026-07-02 10:29:32 | DEBUG    | yolo_service:199 | [cam_002] Thời gian xử lý frame 63.42ms
2026-07-02 10:29:32 | DEBUG    | yolo_service:199 | [cam_002] Thời gian xử lý frame 23.29ms
2026-07-02 10:29:32 | DEBUG    | yolo_service:199 | [cam_001] Thời gian xử lý frame 85.35ms
2026-07-02 10:29:32 | DEBUG    | yolo_service:199 | [cam_002] Thời gian xử lý frame 25.46ms
2026-07-02 10:29:32 | DEBUG    | yolo_service:199 | [cam_002] Thời gian xử lý frame 58.32ms
2026-07-02 10:29:32 | DEBUG    | yolo_service:199 | [cam_002] Thời gian xử lý frame 21.00ms
2026-07-02 10:29:32 | DEBUG    | yolo_service:199 | [cam_001] Thời gian xử lý frame 85.88ms
2026-07-02 10:29:32 | DEBUG    | yolo_service:199 | [cam_002] Thời gian xử lý frame 62.15ms
2026-07-02 10:29:32 | DEBUG    | yolo_service:199 | [cam_001] Thời gian xử lý frame 81.96ms
2026-07-02 10:29:32 | DEBUG    | yolo_service:199 | [cam_001] Thời gian xử lý frame 14.81ms
2026-07-02 10:29:32 | DEBUG    | yolo_service:199 | [cam_002] Thời gian xử lý frame 62.52ms
2026-07-02 10:29:32 | DEBUG    | yolo_service:199 | [cam_002] Thời gian xử lý frame 18.65ms
2026-07-02 10:29:32 | DEBUG    | yolo_service:199 | [cam_002] Thời gian xử lý frame 23.81ms
2026-07-02 10:29:32 | DEBUG    | yolo_service:199 | [cam_001] Thời gian xử lý frame 91.02ms
2026-07-02 10:29:32 | DEBUG    | yolo_service:199 | [cam_002] Thời gian xử lý frame 34.68ms
2026-07-02 10:29:32 | DEBUG    | yolo_service:199 | [cam_002] Thời gian xử lý frame 63.75ms
2026-07-02 10:29:32 | DEBUG    | yolo_service:199 | [cam_002] Thời gian xử lý frame 22.41ms
2026-07-02 10:29:32 | DEBUG    | yolo_service:199 | [cam_002] Thời gian xử lý frame 20.00ms
2026-07-02 10:29:32 | DEBUG    | yolo_service:199 | [cam_001] Thời gian xử lý frame 146.21ms
2026-07-02 10:29:32 | DEBUG    | yolo_service:199 | [cam_002] Thời gian xử lý frame 60.33ms
2026-07-02 10:29:32 | DEBUG    | yolo_service:199 | [cam_002] Thời gian xử lý frame 20.15ms
2026-07-02 10:29:32 | DEBUG    | yolo_service:199 | [cam_001] Thời gian xử lý frame 82.42ms
2026-07-02 10:29:32 | DEBUG    | yolo_service:199 | [cam_002] Thời gian xử lý frame 67.31ms
2026-07-02 10:29:32 | DEBUG    | yolo_service:199 | [cam_002] Thời gian xử lý frame 21.28ms
2026-07-02 10:29:32 | DEBUG    | yolo_service:199 | [cam_001] Thời gian xử lý frame 80.00ms
2026-07-02 10:29:32 | DEBUG    | yolo_service:199 | [cam_002] Thời gian xử lý frame 19.82ms
2026-07-02 10:29:33 | DEBUG    | yolo_service:199 | [cam_002] Thời gian xử lý frame 63.63ms
2026-07-02 10:29:33 | DEBUG    | yolo_service:199 | [cam_001] Thời gian xử lý frame 81.49ms
2026-07-02 10:29:33 | DEBUG    | yolo_service:199 | [cam_002] Thời gian xử lý frame 20.08ms
2026-07-02 10:29:33 | DEBUG    | yolo_service:199 | [cam_002] Thời gian xử lý frame 57.45ms
2026-07-02 10:29:33 | DEBUG    | yolo_service:199 | [cam_002] Thời gian xử lý frame 22.21ms
2026-07-02 10:29:33 | DEBUG    | yolo_service:199 | [cam_001] Thời gian xử lý frame 152.78ms
2026-07-02 10:29:33 | DEBUG    | yolo_service:199 | [cam_002] Thời gian xử lý frame 64.42ms
2026-07-02 10:29:33 | DEBUG    | yolo_service:199 | [cam_002] Thời gian xử lý frame 19.81ms
2026-07-02 10:29:33 | DEBUG    | yolo_service:199 | [cam_001] Thời gian xử lý frame 82.62ms
2026-07-02 10:29:33 | DEBUG    | yolo_service:199 | [cam_002] Thời gian xử lý frame 63.90ms
2026-07-02 10:29:33 | DEBUG    | yolo_service:199 | [cam_002] Thời gian xử lý frame 20.94ms
2026-07-02 10:29:33 | DEBUG    | yolo_service:199 | [cam_001] Thời gian xử lý frame 84.17ms
2026-07-02 10:29:33 | DEBUG    | yolo_service:199 | [cam_002] Thời gian xử lý frame 62.80ms
2026-07-02 10:29:33 | DEBUG    | yolo_service:199 | [cam_002] Thời gian xử lý frame 21.99ms
2026-07-02 10:29:33 | DEBUG    | yolo_service:199 | [cam_001] Thời gian xử lý frame 87.32ms
2026-07-02 10:29:33 | DEBUG    | yolo_service:199 | [cam_002] Thời gian xử lý frame 70.79ms
2026-07-02 10:29:33 | DEBUG    | yolo_service:199 | [cam_002] Thời gian xử lý frame 21.56ms
2026-07-02 10:29:33 | DEBUG    | yolo_service:199 | [cam_002] Thời gian xử lý frame 71.93ms
2026-07-02 10:29:33 | DEBUG    | yolo_service:199 | [cam_002] Thời gian xử lý frame 22.22ms
2026-07-02 10:29:33 | DEBUG    | yolo_service:199 | [cam_001] Thời gian xử lý frame 164.99ms
2026-07-02 10:29:33 | DEBUG    | yolo_service:199 | [cam_002] Thời gian xử lý frame 38.02ms
2026-07-02 10:29:33 | DEBUG    | yolo_service:199 | [cam_002] Thời gian xử lý frame 14.80ms
2026-07-02 10:29:33 | DEBUG    | yolo_service:199 | [cam_002] Thời gian xử lý frame 11.81ms
2026-07-02 10:29:33 | DEBUG    | yolo_service:199 | [cam_001] Thời gian xử lý frame 76.36ms
2026-07-02 10:29:33 | DEBUG    | yolo_service:199 | [cam_002] Thời gian xử lý frame 58.30ms
2026-07-02 10:29:33 | DEBUG    | heartbeat_service:58 | 💓 Nhịp tim gửi Master: {'server_id': 'SV_004', 'cpu_usage': 62.0, 'has_gpu': True, 'gpu_usage': 0, 'vram_free_gb': 3.47, 'max_cam': 2}
2026-07-02 10:29:33 | DEBUG    | connectionpool:241 | Starting new HTTP connection (1): 10.40.91.11:5000
2026-07-02 10:29:33 | DEBUG    | connectionpool:544 | http://10.40.91.11:5000 "POST /api/heartbeat HTTP/1.1" 200 68
2026-07-02 10:29:33 | DEBUG    | yolo_service:199 | [cam_001] Thời gian xử lý frame 81.19ms
2026-07-02 10:29:33 | DEBUG    | yolo_service:199 | [cam_002] Thời gian xử lý frame 64.49ms
2026-07-02 10:29:33 | DEBUG    | yolo_service:199 | [cam_002] Thời gian xử lý frame 58.68ms
2026-07-02 10:29:33 | DEBUG    | yolo_service:199 | [cam_002] Thời gian xử lý frame 18.69ms
2026-07-02 10:29:33 | DEBUG    | yolo_service:199 | [cam_001] Thời gian xử lý frame 81.35ms
2026-07-02 10:29:33 | DEBUG    | yolo_service:199 | [cam_002] Thời gian xử lý frame 52.70ms
2026-07-02 10:29:33 | DEBUG    | yolo_service:199 | [cam_002] Thời gian xử lý frame 13.51ms
2026-07-02 10:29:33 | DEBUG    | yolo_service:199 | [cam_002] Thời gian xử lý frame 62.94ms
2026-07-02 10:29:34 | DEBUG    | yolo_service:199 | [cam_001] Thời gian xử lý frame 150.77ms
2026-07-02 10:29:34 | DEBUG    | yolo_service:199 | [cam_001] Thời gian xử lý frame 13.70ms
2026-07-02 10:29:34 | DEBUG    | yolo_service:199 | [cam_002] Thời gian xử lý frame 63.44ms
2026-07-02 10:29:34 | DEBUG    | yolo_service:199 | [cam_002] Thời gian xử lý frame 21.09ms
2026-07-02 10:29:34 | DEBUG    | yolo_service:199 | [cam_001] Thời gian xử lý frame 80.22ms
2026-07-02 10:29:34 | DEBUG    | yolo_service:199 | [cam_002] Thời gian xử lý frame 72.10ms
2026-07-02 10:29:34 | DEBUG    | yolo_service:199 | [cam_002] Thời gian xử lý frame 20.69ms
2026-07-02 10:29:34 | DEBUG    | yolo_service:199 | [cam_002] Thời gian xử lý frame 19.71ms
2026-07-02 10:29:34 | DEBUG    | yolo_service:199 | [cam_001] Thời gian xử lý frame 82.87ms
2026-07-02 10:29:34 | DEBUG    | yolo_service:199 | [cam_002] Thời gian xử lý frame 53.36ms
2026-07-02 10:29:34 | DEBUG    | yolo_service:199 | [cam_002] Thời gian xử lý frame 15.00ms
2026-07-02 10:29:34 | DEBUG    | yolo_service:199 | [cam_001] Thời gian xử lý frame 75.95ms
2026-07-02 10:29:34 | DEBUG    | yolo_service:199 | [cam_002] Thời gian xử lý frame 52.31ms
2026-07-02 10:29:34 | DEBUG    | yolo_service:199 | [cam_002] Thời gian xử lý frame 12.32ms
2026-07-02 10:29:34 | DEBUG    | yolo_service:199 | [cam_001] Thời gian xử lý frame 76.72ms
2026-07-02 10:29:34 | DEBUG    | yolo_service:199 | [cam_002] Thời gian xử lý frame 54.05ms
2026-07-02 10:29:34 | DEBUG    | yolo_service:199 | [cam_002] Thời gian xử lý frame 12.91ms
2026-07-02 10:29:34 | DEBUG    | yolo_service:199 | [cam_001] Thời gian xử lý frame 74.80ms
2026-07-02 10:29:34 | DEBUG    | yolo_service:199 | [cam_002] Thời gian xử lý frame 52.97ms
2026-07-02 10:29:34 | DEBUG    | yolo_service:199 | [cam_001] Thời gian xử lý frame 88.48ms
2026-07-02 10:29:34 | DEBUG    | yolo_service:199 | [cam_002] Thời gian xử lý frame 65.36ms
2026-07-02 10:29:34 | DEBUG    | yolo_service:199 | [cam_002] Thời gian xử lý frame 53.52ms
2026-07-02 10:29:34 | DEBUG    | yolo_service:199 | [cam_001] Thời gian xử lý frame 77.04ms
2026-07-02 10:29:34 | DEBUG    | yolo_service:199 | [cam_002] Thời gian xử lý frame 54.06ms
2026-07-02 10:29:34 | DEBUG    | yolo_service:199 | [cam_001] Thời gian xử lý frame 78.11ms
2026-07-02 10:29:34 | DEBUG    | yolo_service:199 | [cam_002] Thời gian xử lý frame 53.00ms
2026-07-02 10:29:34 | DEBUG    | yolo_service:199 | [cam_002] Thời gian xử lý frame 11.01ms
2026-07-02 10:29:34 | DEBUG    | yolo_service:199 | [cam_002] Thời gian xử lý frame 60.92ms
2026-07-02 10:29:34 | DEBUG    | yolo_service:199 | [cam_001] Thời gian xử lý frame 82.54ms
2026-07-02 10:29:34 | DEBUG    | yolo_service:199 | [cam_002] Thời gian xử lý frame 11.56ms
2026-07-02 10:29:34 | DEBUG    | yolo_service:199 | [cam_002] Thời gian xử lý frame 53.26ms
2026-07-02 10:29:34 | DEBUG    | yolo_service:199 | [cam_001] Thời gian xử lý frame 78.14ms
2026-07-02 10:29:34 | DEBUG    | yolo_service:199 | [cam_001] Thời gian xử lý frame 10.45ms
2026-07-02 10:29:34 | DEBUG    | yolo_service:199 | [cam_002] Thời gian xử lý frame 53.86ms
2026-07-02 10:29:34 | DEBUG    | yolo_service:199 | [cam_002] Thời gian xử lý frame 13.12ms
2026-07-02 10:29:34 | DEBUG    | yolo_service:199 | [cam_002] Thời gian xử lý frame 55.41ms
2026-07-02 10:29:34 | DEBUG    | yolo_service:199 | [cam_001] Thời gian xử lý frame 145.97ms
2026-07-02 10:29:35 | DEBUG    | yolo_service:199 | [cam_002] Thời gian xử lý frame 63.76ms
2026-07-02 10:29:35 | DEBUG    | yolo_service:199 | [cam_001] Thời gian xử lý frame 18.92ms
2026-07-02 10:29:35 | DEBUG    | yolo_service:199 | [cam_002] Thời gian xử lý frame 17.95ms
2026-07-02 10:29:35 | DEBUG    | yolo_service:199 | [cam_002] Thời gian xử lý frame 54.70ms
2026-07-02 10:29:35 | DEBUG    | yolo_service:199 | [cam_001] Thời gian xử lý frame 78.56ms
2026-07-02 10:29:35 | DEBUG    | yolo_service:199 | [cam_002] Thời gian xử lý frame 55.50ms
2026-07-02 10:29:35 | DEBUG    | yolo_service:199 | [cam_001] Thời gian xử lý frame 80.74ms
2026-07-02 10:29:35 | DEBUG    | yolo_service:199 | [cam_002] Thời gian xử lý frame 57.66ms
2026-07-02 10:29:35 | DEBUG    | yolo_service:199 | [cam_002] Thời gian xử lý frame 15.59ms
2026-07-02 10:29:35 | DEBUG    | yolo_service:199 | [cam_001] Thời gian xử lý frame 79.04ms
2026-07-02 10:29:35 | DEBUG    | yolo_service:199 | [cam_002] Thời gian xử lý frame 56.41ms
2026-07-02 10:29:35 | DEBUG    | yolo_service:199 | [cam_002] Thời gian xử lý frame 56.38ms
2026-07-02 10:29:35 | DEBUG    | yolo_service:199 | [cam_002] Thời gian xử lý frame 54.32ms
2026-07-02 10:29:35 | DEBUG    | yolo_service:199 | [cam_001] Thời gian xử lý frame 147.10ms
2026-07-02 10:29:35 | DEBUG    | yolo_service:199 | [cam_001] Thời gian xử lý frame 11.69ms
2026-07-02 10:29:35 | DEBUG    | yolo_service:199 | [cam_002] Thời gian xử lý frame 56.93ms
2026-07-02 10:29:35 | DEBUG    | yolo_service:199 | [cam_002] Thời gian xử lý frame 15.11ms
2026-07-02 10:29:35 | DEBUG    | yolo_service:199 | [cam_001] Thời gian xử lý frame 81.39ms
2026-07-02 10:29:35 | DEBUG    | yolo_service:199 | [cam_002] Thời gian xử lý frame 55.22ms
2026-07-02 10:29:35 | DEBUG    | yolo_service:199 | [cam_001] Thời gian xử lý frame 231.56ms
2026-07-02 10:29:35 | DEBUG    | yolo_service:199 | [cam_002] Thời gian xử lý frame 213.04ms
2026-07-02 10:29:35 | DEBUG    | yolo_service:199 | [cam_001] Thời gian xử lý frame 7.08ms
2026-07-02 10:29:35 | DEBUG    | yolo_service:199 | [cam_002] Thời gian xử lý frame 14.10ms
2026-07-02 10:29:35 | DEBUG    | yolo_service:199 | [cam_002] Thời gian xử lý frame 55.18ms
2026-07-02 10:29:35 | DEBUG    | yolo_service:199 | [cam_002] Thời gian xử lý frame 12.94ms
2026-07-02 10:29:35 | DEBUG    | yolo_service:199 | [cam_001] Thời gian xử lý frame 80.66ms
2026-07-02 10:29:35 | DEBUG    | yolo_service:199 | [cam_002] Thời gian xử lý frame 51.54ms
2026-07-02 10:29:35 | DEBUG    | yolo_service:199 | [cam_001] Thời gian xử lý frame 75.17ms
2026-07-02 10:29:35 | DEBUG    | yolo_service:199 | [cam_002] Thời gian xử lý frame 52.37ms
2026-07-02 10:29:35 | DEBUG    | yolo_service:199 | [cam_001] Thời gian xử lý frame 75.67ms
2026-07-02 10:29:35 | DEBUG    | yolo_service:199 | [cam_002] Thời gian xử lý frame 53.53ms
2026-07-02 10:29:36 | DEBUG    | yolo_service:199 | [cam_002] Thời gian xử lý frame 48.77ms
2026-07-02 10:29:36 | DEBUG    | yolo_service:199 | [cam_001] Thời gian xử lý frame 78.59ms
2026-07-02 10:29:36 | DEBUG    | yolo_service:199 | [cam_001] Thời gian xử lý frame 6.98ms
2026-07-02 10:29:36 | DEBUG    | yolo_service:199 | [cam_002] Thời gian xử lý frame 52.71ms
2026-07-02 10:29:36 | DEBUG    | yolo_service:199 | [cam_002] Thời gian xử lý frame 52.59ms
2026-07-02 10:29:36 | DEBUG    | yolo_service:199 | [cam_002] Thời gian xử lý frame 48.87ms
2026-07-02 10:29:36 | DEBUG    | yolo_service:199 | [cam_001] Thời gian xử lý frame 145.64ms
2026-07-02 10:29:36 | DEBUG    | yolo_service:199 | [cam_002] Thời gian xử lý frame 50.67ms
2026-07-02 10:29:36 | DEBUG    | yolo_service:199 | [cam_001] Thời gian xử lý frame 79.16ms
2026-07-02 10:29:36 | DEBUG    | yolo_service:199 | [cam_002] Thời gian xử lý frame 54.48ms
2026-07-02 10:29:36 | DEBUG    | yolo_service:199 | [cam_002] Thời gian xử lý frame 8.59ms
2026-07-02 10:29:36 | DEBUG    | yolo_service:199 | [cam_002] Thời gian xử lý frame 48.33ms
2026-07-02 10:29:36 | DEBUG    | yolo_service:199 | [cam_002] Thời gian xử lý frame 61.81ms
2026-07-02 10:29:36 | DEBUG    | yolo_service:199 | [cam_002] Thời gian xử lý frame 15.12ms
2026-07-02 10:29:36 | DEBUG    | yolo_service:199 | [cam_001] Thời gian xử lý frame 144.08ms
2026-07-02 10:29:36 | DEBUG    | yolo_service:199 | [cam_002] Thời gian xử lý frame 56.95ms
2026-07-02 10:29:36 | DEBUG    | yolo_service:199 | [cam_001] Thời gian xử lý frame 76.65ms
2026-07-02 10:29:36 | DEBUG    | yolo_service:199 | [cam_002] Thời gian xử lý frame 51.59ms
2026-07-02 10:29:36 | DEBUG    | yolo_service:199 | [cam_001] Thời gian xử lý frame 82.31ms
2026-07-02 10:29:36 | DEBUG    | yolo_service:199 | [cam_002] Thời gian xử lý frame 62.59ms
2026-07-02 10:29:36 | DEBUG    | yolo_service:199 | [cam_002] Thời gian xử lý frame 15.37ms
2026-07-02 10:29:36 | DEBUG    | yolo_service:199 | [cam_002] Thời gian xử lý frame 9.56ms
2026-07-02 10:29:36 | DEBUG    | yolo_service:199 | [cam_001] Thời gian xử lý frame 78.57ms
2026-07-02 10:29:36 | DEBUG    | yolo_service:199 | [cam_002] Thời gian xử lý frame 55.44ms
2026-07-02 10:29:36 | DEBUG    | yolo_service:199 | [cam_002] Thời gian xử lý frame 54.50ms
2026-07-02 10:29:36 | DEBUG    | yolo_service:199 | [cam_002] Thời gian xử lý frame 9.99ms
2026-07-02 10:29:36 | DEBUG    | yolo_service:199 | [cam_002] Thời gian xử lý frame 53.30ms
2026-07-02 10:29:36 | DEBUG    | yolo_service:199 | [cam_001] Thời gian xử lý frame 141.62ms
2026-07-02 10:29:36 | DEBUG    | yolo_service:199 | [cam_002] Thời gian xử lý frame 48.91ms
2026-07-02 10:29:36 | DEBUG    | yolo_service:199 | [cam_001] Thời gian xử lý frame 77.15ms
2026-07-02 10:29:36 | DEBUG    | yolo_service:199 | [cam_002] Thời gian xử lý frame 50.35ms
2026-07-02 10:29:36 | DEBUG    | yolo_service:199 | [cam_002] Thời gian xử lý frame 50.07ms
2026-07-02 10:29:36 | DEBUG    | yolo_service:199 | [cam_001] Thời gian xử lý frame 74.37ms
2026-07-02 10:29:36 | DEBUG    | yolo_service:199 | [cam_002] Thời gian xử lý frame 56.56ms
2026-07-02 10:29:37 | DEBUG    | yolo_service:199 | [cam_002] Thời gian xử lý frame 9.97ms
2026-07-02 10:29:37 | DEBUG    | yolo_service:199 | [cam_001] Thời gian xử lý frame 76.88ms
2026-07-02 10:29:37 | DEBUG    | yolo_service:199 | [cam_002] Thời gian xử lý frame 51.07ms
2026-07-02 10:29:37 | DEBUG    | yolo_service:199 | [cam_001] Thời gian xử lý frame 76.60ms
2026-07-02 10:29:37 | DEBUG    | yolo_service:199 | [cam_002] Thời gian xử lý frame 56.76ms
2026-07-02 10:29:37 | DEBUG    | yolo_service:199 | [cam_002] Thời gian xử lý frame 51.33ms
2026-07-02 10:29:37 | DEBUG    | yolo_service:199 | [cam_001] Thời gian xử lý frame 76.08ms
2026-07-02 10:29:37 | DEBUG    | yolo_service:199 | [cam_002] Thời gian xử lý frame 50.55ms
2026-07-02 10:29:37 | DEBUG    | yolo_service:199 | [cam_001] Thời gian xử lý frame 85.45ms
2026-07-02 10:29:37 | DEBUG    | yolo_service:199 | [cam_002] Thời gian xử lý frame 57.74ms
2026-07-02 10:29:37 | DEBUG    | yolo_service:199 | [cam_002] Thời gian xử lý frame 48.83ms
2026-07-02 10:29:37 | DEBUG    | yolo_service:199 | [cam_001] Thời gian xử lý frame 77.29ms
2026-07-02 10:29:37 | DEBUG    | yolo_service:199 | [cam_002] Thời gian xử lý frame 49.80ms
2026-07-02 10:29:37 | DEBUG    | yolo_service:199 | [cam_001] Thời gian xử lý frame 77.63ms
2026-07-02 10:29:37 | DEBUG    | yolo_service:199 | [cam_002] Thời gian xử lý frame 58.13ms
2026-07-02 10:29:37 | DEBUG    | yolo_service:199 | [cam_002] Thời gian xử lý frame 9.58ms
2026-07-02 10:29:37 | DEBUG    | yolo_service:199 | [cam_001] Thời gian xử lý frame 77.42ms
2026-07-02 10:29:37 | DEBUG    | yolo_service:199 | [cam_002] Thời gian xử lý frame 96.17ms
2026-07-02 10:29:37 | DEBUG    | yolo_service:199 | [cam_001] Thời gian xử lý frame 82.11ms
2026-07-02 10:29:37 | DEBUG    | yolo_service:199 | [cam_002] Thời gian xử lý frame 77.47ms
2026-07-02 10:29:37 | DEBUG    | yolo_service:199 | [cam_001] Thời gian xử lý frame 43.12ms
2026-07-02 10:29:37 | DEBUG    | yolo_service:199 | [cam_002] Thời gian xử lý frame 44.03ms
2026-07-02 10:29:37 | DEBUG    | yolo_service:199 | [cam_001] Thời gian xử lý frame 44.75ms
2026-07-02 10:29:37 | DEBUG    | yolo_service:199 | [cam_002] Thời gian xử lý frame 23.87ms
2026-07-02 10:29:37 | DEBUG    | yolo_service:199 | [cam_002] Thời gian xử lý frame 15.13ms
2026-07-02 10:29:37 | DEBUG    | yolo_service:199 | [cam_002] Thời gian xử lý frame 52.00ms
2026-07-02 10:29:37 | DEBUG    | yolo_service:199 | [cam_002] Thời gian xử lý frame 11.01ms
2026-07-02 10:29:37 | DEBUG    | yolo_service:199 | [cam_002] Thời gian xử lý frame 66.51ms
2026-07-02 10:29:37 | DEBUG    | yolo_service:199 | [cam_001] Thời gian xử lý frame 158.72ms
2026-07-02 10:29:37 | DEBUG    | yolo_service:199 | [cam_002] Thời gian xử lý frame 52.40ms
2026-07-02 10:29:37 | DEBUG    | yolo_service:199 | [cam_001] Thời gian xử lý frame 77.39ms
2026-07-02 10:29:37 | DEBUG    | yolo_service:199 | [cam_002] Thời gian xử lý frame 57.14ms
2026-07-02 10:29:38 | DEBUG    | yolo_service:199 | [cam_001] Thời gian xử lý frame 106.54ms
2026-07-02 10:29:38 | DEBUG    | yolo_service:199 | [cam_002] Thời gian xử lý frame 98.23ms
2026-07-02 10:29:38 | DEBUG    | yolo_service:199 | [cam_001] Thời gian xử lý frame 31.51ms
2026-07-02 10:29:38 | DEBUG    | yolo_service:199 | [cam_001] Thời gian xử lý frame 17.18ms
2026-07-02 10:29:38 | DEBUG    | yolo_service:199 | [cam_002] Thời gian xử lý frame 30.55ms
2026-07-02 10:29:38 | DEBUG    | yolo_service:199 | [cam_002] Thời gian xử lý frame 12.90ms
2026-07-02 10:29:38 | DEBUG    | yolo_service:199 | [cam_002] Thời gian xử lý frame 53.68ms
2026-07-02 10:29:38 | DEBUG    | yolo_service:199 | [cam_001] Thời gian xử lý frame 77.57ms
2026-07-02 10:29:38 | DEBUG    | yolo_service:199 | [cam_002] Thời gian xử lý frame 57.41ms
2026-07-02 10:29:38 | DEBUG    | yolo_service:199 | [cam_002] Thời gian xử lý frame 10.76ms
2026-07-02 10:29:38 | DEBUG    | yolo_service:199 | [cam_001] Thời gian xử lý frame 76.12ms
2026-07-02 10:29:38 | DEBUG    | yolo_service:199 | [cam_002] Thời gian xử lý frame 97.49ms
2026-07-02 10:29:38 | DEBUG    | yolo_service:199 | [cam_001] Thời gian xử lý frame 83.65ms
2026-07-02 10:29:38 | DEBUG    | yolo_service:199 | [cam_002] Thời gian xử lý frame 16.90ms
2026-07-02 10:29:38 | DEBUG    | yolo_service:199 | [cam_002] Thời gian xử lý frame 62.09ms
2026-07-02 10:29:38 | DEBUG    | yolo_service:199 | [cam_001] Thời gian xử lý frame 82.46ms
2026-07-02 10:29:38 | DEBUG    | yolo_service:199 | [cam_001] Thời gian xử lý frame 8.39ms
2026-07-02 10:29:38 | DEBUG    | yolo_service:199 | [cam_002] Thời gian xử lý frame 56.30ms
2026-07-02 10:29:38 | DEBUG    | yolo_service:199 | [cam_002] Thời gian xử lý frame 11.62ms
2026-07-02 10:29:38 | DEBUG    | yolo_service:199 | [cam_001] Thời gian xử lý frame 79.72ms
2026-07-02 10:29:38 | DEBUG    | yolo_service:199 | [cam_002] Thời gian xử lý frame 50.15ms
2026-07-02 10:29:38 | DEBUG    | yolo_service:199 | [cam_002] Thời gian xử lý frame 55.03ms
2026-07-02 10:29:38 | DEBUG    | yolo_service:199 | [cam_001] Thời gian xử lý frame 83.50ms
2026-07-02 10:29:38 | DEBUG    | yolo_service:199 | [cam_002] Thời gian xử lý frame 8.37ms
2026-07-02 10:29:38 | DEBUG    | yolo_service:199 | [cam_002] Thời gian xử lý frame 60.18ms
2026-07-02 10:29:38 | DEBUG    | yolo_service:199 | [cam_001] Thời gian xử lý frame 75.53ms
2026-07-02 10:29:38 | DEBUG    | yolo_service:199 | [cam_002] Thời gian xử lý frame 51.79ms
2026-07-02 10:29:38 | DEBUG    | yolo_service:199 | [cam_002] Thời gian xử lý frame 55.92ms
2026-07-02 10:29:38 | DEBUG    | yolo_service:199 | [cam_001] Thời gian xử lý frame 148.93ms
2026-07-02 10:29:38 | DEBUG    | yolo_service:199 | [cam_002] Thời gian xử lý frame 56.72ms
2026-07-02 10:29:38 | DEBUG    | yolo_service:199 | [cam_001] Thời gian xử lý frame 9.99ms
2026-07-02 10:29:38 | DEBUG    | yolo_service:199 | [cam_002] Thời gian xử lý frame 9.61ms
2026-07-02 10:29:38 | DEBUG    | yolo_service:199 | [cam_002] Thời gian xử lý frame 54.05ms
2026-07-02 10:29:38 | DEBUG    | yolo_service:199 | [cam_001] Thời gian xử lý frame 78.16ms
2026-07-02 10:29:38 | DEBUG    | yolo_service:199 | [cam_002] Thời gian xử lý frame 56.88ms
2026-07-02 10:29:38 | DEBUG    | yolo_service:199 | [cam_002] Thời gian xử lý frame 13.09ms
2026-07-02 10:29:38 | DEBUG    | yolo_service:199 | [cam_001] Thời gian xử lý frame 79.06ms
2026-07-02 10:29:38 | DEBUG    | yolo_service:199 | [cam_002] Thời gian xử lý frame 55.95ms
2026-07-02 10:29:39 | DEBUG    | yolo_service:199 | [cam_001] Thời gian xử lý frame 82.89ms
2026-07-02 10:29:39 | DEBUG    | yolo_service:199 | [cam_002] Thời gian xử lý frame 53.89ms
2026-07-02 10:29:39 | DEBUG    | yolo_service:199 | [cam_001] Thời gian xử lý frame 11.42ms
2026-07-02 10:29:39 | DEBUG    | yolo_service:199 | [cam_002] Thời gian xử lý frame 90.70ms
2026-07-02 10:29:39 | DEBUG    | yolo_service:199 | [cam_002] Thời gian xử lý frame 52.94ms
2026-07-02 10:29:39 | DEBUG    | yolo_service:199 | [cam_001] Thời gian xử lý frame 141.84ms
2026-07-02 10:29:39 | DEBUG    | yolo_service:199 | [cam_002] Thời gian xử lý frame 51.30ms
2026-07-02 10:29:39 | DEBUG    | yolo_service:199 | [cam_001] Thời gian xử lý frame 76.24ms
2026-07-02 10:29:39 | DEBUG    | yolo_service:199 | [cam_002] Thời gian xử lý frame 53.09ms
2026-07-02 10:29:39 | DEBUG    | yolo_service:199 | [cam_002] Thời gian xử lý frame 54.71ms
2026-07-02 10:29:39 | DEBUG    | yolo_service:199 | [cam_001] Thời gian xử lý frame 76.92ms
2026-07-02 10:29:39 | DEBUG    | yolo_service:199 | [cam_002] Thời gian xử lý frame 50.41ms
2026-07-02 10:29:39 | DEBUG    | yolo_service:199 | [cam_001] Thời gian xử lý frame 74.83ms
2026-07-02 10:29:39 | DEBUG    | yolo_service:199 | [cam_002] Thời gian xử lý frame 49.86ms
2026-07-02 10:29:39 | DEBUG    | yolo_service:199 | [cam_002] Thời gian xử lý frame 52.96ms
2026-07-02 10:29:39 | DEBUG    | yolo_service:199 | [cam_001] Thời gian xử lý frame 79.62ms
2026-07-02 10:29:39 | DEBUG    | yolo_service:199 | [cam_001] Thời gian xử lý frame 77.32ms
2026-07-02 10:29:39 | DEBUG    | yolo_service:199 | [cam_001] Thời gian xử lý frame 15.73ms
2026-07-02 10:29:39 | DEBUG    | yolo_service:199 | [cam_002] Thời gian xử lý frame 99.89ms
2026-07-02 10:29:39 | DEBUG    | yolo_service:199 | [cam_002] Thời gian xử lý frame 12.98ms
2026-07-02 10:29:39 | DEBUG    | yolo_service:199 | [cam_002] Thời gian xử lý frame 54.20ms
2026-07-02 10:29:39 | DEBUG    | yolo_service:199 | [cam_001] Thời gian xử lý frame 76.84ms
2026-07-02 10:29:39 | DEBUG    | yolo_service:199 | [cam_002] Thời gian xử lý frame 50.74ms
2026-07-02 10:29:39 | DEBUG    | yolo_service:199 | [cam_001] Thời gian xử lý frame 76.62ms
2026-07-02 10:29:39 | DEBUG    | yolo_service:199 | [cam_002] Thời gian xử lý frame 57.25ms
2026-07-02 10:29:39 | DEBUG    | heartbeat_service:58 | 💓 Nhịp tim gửi Master: {'server_id': 'SV_004', 'cpu_usage': 46.9, 'has_gpu': True, 'gpu_usage': 0, 'vram_free_gb': 3.47, 'max_cam': 2}
2026-07-02 10:29:39 | DEBUG    | connectionpool:241 | Starting new HTTP connection (1): 10.40.91.11:5000
2026-07-02 10:29:39 | DEBUG    | connectionpool:544 | http://10.40.91.11:5000 "POST /api/heartbeat HTTP/1.1" 200 68
2026-07-02 10:29:39 | DEBUG    | yolo_service:199 | [cam_001] Thời gian xử lý frame 85.12ms
2026-07-02 10:29:39 | DEBUG    | yolo_service:199 | [cam_002] Thời gian xử lý frame 60.41ms
2026-07-02 10:29:39 | DEBUG    | yolo_service:199 | [cam_001] Thời gian xử lý frame 8.17ms
2026-07-02 10:29:39 | DEBUG    | yolo_service:199 | [cam_002] Thời gian xử lý frame 51.32ms
2026-07-02 10:29:39 | DEBUG    | yolo_service:199 | [cam_002] Thời gian xử lý frame 55.93ms
2026-07-02 10:29:39 | DEBUG    | yolo_service:199 | [cam_002] Thời gian xử lý frame 15.11ms
2026-07-02 10:29:39 | DEBUG    | yolo_service:199 | [cam_001] Thời gian xử lý frame 147.96ms
2026-07-02 10:29:40 | DEBUG    | yolo_service:199 | [cam_001] Thời gian xử lý frame 15.03ms
2026-07-02 10:29:40 | DEBUG    | yolo_service:199 | [cam_002] Thời gian xử lý frame 61.93ms
2026-07-02 10:29:40 | DEBUG    | yolo_service:199 | [cam_002] Thời gian xử lý frame 16.43ms
2026-07-02 10:29:40 | DEBUG    | yolo_service:199 | [cam_001] Thời gian xử lý frame 87.75ms
2026-07-02 10:29:40 | DEBUG    | yolo_service:199 | [cam_002] Thời gian xử lý frame 67.37ms
2026-07-02 10:29:40 | DEBUG    | yolo_service:199 | [cam_002] Thời gian xử lý frame 20.04ms
2026-07-02 10:29:40 | DEBUG    | yolo_service:199 | [cam_001] Thời gian xử lý frame 84.22ms
2026-07-02 10:29:40 | DEBUG    | yolo_service:199 | [cam_002] Thời gian xử lý frame 60.03ms
2026-07-02 10:29:40 | DEBUG    | yolo_service:199 | [cam_002] Thời gian xử lý frame 53.20ms
2026-07-02 10:29:40 | DEBUG    | yolo_service:199 | [cam_001] Thời gian xử lý frame 78.99ms
2026-07-02 10:29:40 | DEBUG    | yolo_service:199 | [cam_002] Thời gian xử lý frame 55.68ms
2026-07-02 10:29:40 | DEBUG    | yolo_service:199 | [cam_001] Thời gian xử lý frame 82.14ms
2026-07-02 10:29:40 | DEBUG    | yolo_service:199 | [cam_002] Thời gian xử lý frame 55.70ms
2026-07-02 10:29:40 | DEBUG    | yolo_service:199 | [cam_002] Thời gian xử lý frame 14.65ms
2026-07-02 10:29:40 | DEBUG    | yolo_service:199 | [cam_001] Thời gian xử lý frame 100.38ms
2026-07-02 10:29:40 | DEBUG    | yolo_service:199 | [cam_002] Thời gian xử lý frame 94.65ms
2026-07-02 10:29:40 | DEBUG    | yolo_service:199 | [cam_001] Thời gian xử lý frame 37.99ms
2026-07-02 10:29:40 | DEBUG    | yolo_service:199 | [cam_002] Thời gian xử lý frame 24.28ms
2026-07-02 10:29:40 | DEBUG    | yolo_service:199 | [cam_002] Thời gian xử lý frame 20.31ms
2026-07-02 10:29:40 | DEBUG    | yolo_service:199 | [cam_001] Thời gian xử lý frame 109.53ms
2026-07-02 10:29:40 | DEBUG    | yolo_service:199 | [cam_002] Thời gian xử lý frame 85.20ms
2026-07-02 10:29:40 | DEBUG    | yolo_service:199 | [cam_001] Thời gian xử lý frame 28.72ms
2026-07-02 10:29:40 | DEBUG    | yolo_service:199 | [cam_002] Thời gian xử lý frame 29.27ms
2026-07-02 10:29:40 | DEBUG    | yolo_service:199 | [cam_002] Thời gian xử lý frame 26.06ms
2026-07-02 10:29:40 | DEBUG    | yolo_service:199 | [cam_001] Thời gian xử lý frame 88.28ms
2026-07-02 10:29:40 | DEBUG    | yolo_service:199 | [cam_002] Thời gian xử lý frame 65.95ms
2026-07-02 10:29:40 | DEBUG    | yolo_service:199 | [cam_002] Thời gian xử lý frame 25.76ms
2026-07-02 10:29:40 | DEBUG    | yolo_service:199 | [cam_002] Thời gian xử lý frame 24.55ms
2026-07-02 10:29:40 | DEBUG    | yolo_service:199 | [cam_001] Thời gian xử lý frame 78.93ms
2026-07-02 10:29:40 | DEBUG    | yolo_service:199 | [cam_002] Thời gian xử lý frame 53.64ms
2026-07-02 10:29:40 | DEBUG    | yolo_service:199 | [cam_002] Thời gian xử lý frame 16.57ms
2026-07-02 10:29:40 | DEBUG    | yolo_service:199 | [cam_001] Thời gian xử lý frame 79.98ms
2026-07-02 10:29:40 | DEBUG    | yolo_service:199 | [cam_002] Thời gian xử lý frame 53.71ms
2026-07-02 10:29:40 | DEBUG    | yolo_service:199 | [cam_002] Thời gian xử lý frame 86.73ms
2026-07-02 10:29:41 | DEBUG    | yolo_service:199 | [cam_001] Thời gian xử lý frame 232.34ms
2026-07-02 10:29:41 | DEBUG    | yolo_service:199 | [cam_002] Thời gian xử lý frame 127.33ms
2026-07-02 10:29:41 | DEBUG    | yolo_service:199 | [cam_001] Thời gian xử lý frame 10.62ms
2026-07-02 10:29:41 | DEBUG    | yolo_service:199 | [cam_002] Thời gian xử lý frame 19.09ms
2026-07-02 10:29:41 | DEBUG    | yolo_service:199 | [cam_002] Thời gian xử lý frame 57.51ms
2026-07-02 10:29:41 | DEBUG    | yolo_service:199 | [cam_001] Thời gian xử lý frame 79.56ms
2026-07-02 10:29:41 | DEBUG    | yolo_service:199 | [cam_002] Thời gian xử lý frame 17.98ms
2026-07-02 10:29:41 | DEBUG    | yolo_service:199 | [cam_002] Thời gian xử lý frame 56.47ms
2026-07-02 10:29:41 | DEBUG    | yolo_service:199 | [cam_001] Thời gian xử lý frame 86.06ms
2026-07-02 10:29:41 | DEBUG    | yolo_service:199 | [cam_002] Thời gian xử lý frame 57.58ms
2026-07-02 10:29:41 | DEBUG    | yolo_service:199 | [cam_002] Thời gian xử lý frame 16.53ms
2026-07-02 10:29:41 | DEBUG    | yolo_service:199 | [cam_002] Thời gian xử lý frame 12.32ms
2026-07-02 10:29:41 | DEBUG    | yolo_service:199 | [cam_001] Thời gian xử lý frame 79.98ms
2026-07-02 10:29:41 | DEBUG    | yolo_service:199 | [cam_002] Thời gian xử lý frame 56.02ms
2026-07-02 10:29:41 | DEBUG    | yolo_service:199 | [cam_001] Thời gian xử lý frame 88.60ms
2026-07-02 10:29:41 | DEBUG    | yolo_service:199 | [cam_002] Thời gian xử lý frame 55.74ms
2026-07-02 10:29:41 | DEBUG    | yolo_service:199 | [cam_002] Thời gian xử lý frame 61.35ms
2026-07-02 10:29:41 | DEBUG    | yolo_service:199 | [cam_001] Thời gian xử lý frame 83.42ms
2026-07-02 10:29:41 | DEBUG    | yolo_service:199 | [cam_002] Thời gian xử lý frame 79.49ms
2026-07-02 10:29:41 | DEBUG    | yolo_service:199 | [cam_001] Thời gian xử lý frame 84.31ms
2026-07-02 10:29:41 | DEBUG    | yolo_service:199 | [cam_002] Thời gian xử lý frame 17.15ms
2026-07-02 10:29:41 | DEBUG    | yolo_service:199 | [cam_002] Thời gian xử lý frame 18.56ms
2026-07-02 10:29:41 | DEBUG    | yolo_service:199 | [cam_001] Thời gian xử lý frame 84.27ms
2026-07-02 10:29:41 | DEBUG    | yolo_service:199 | [cam_002] Thời gian xử lý frame 56.99ms
2026-07-02 10:29:41 | DEBUG    | yolo_service:199 | [cam_002] Thời gian xử lý frame 55.67ms
2026-07-02 10:29:41 | DEBUG    | yolo_service:199 | [cam_001] Thời gian xử lý frame 74.20ms
2026-07-02 10:29:41 | DEBUG    | yolo_service:199 | [cam_002] Thời gian xử lý frame 57.43ms
2026-07-02 10:29:41 | DEBUG    | yolo_service:199 | [cam_002] Thời gian xử lý frame 15.99ms
2026-07-02 10:29:41 | DEBUG    | yolo_service:199 | [cam_002] Thời gian xử lý frame 50.55ms
2026-07-02 10:29:41 | DEBUG    | yolo_service:199 | [cam_001] Thời gian xử lý frame 141.03ms
2026-07-02 10:29:41 | DEBUG    | yolo_service:199 | [cam_001] Thời gian xử lý frame 10.65ms
2026-07-02 10:29:41 | DEBUG    | yolo_service:199 | [cam_002] Thời gian xử lý frame 50.44ms
2026-07-02 10:29:41 | DEBUG    | yolo_service:199 | [cam_002] Thời gian xử lý frame 10.38ms
2026-07-02 10:29:42 | DEBUG    | yolo_service:199 | [cam_002] Thời gian xử lý frame 50.81ms
2026-07-02 10:29:42 | DEBUG    | yolo_service:199 | [cam_001] Thời gian xử lý frame 80.50ms
2026-07-02 10:29:42 | DEBUG    | yolo_service:199 | [cam_002] Thời gian xử lý frame 56.17ms
2026-07-02 10:29:42 | DEBUG    | yolo_service:199 | [cam_001] Thời gian xử lý frame 86.14ms
2026-07-02 10:29:42 | DEBUG    | yolo_service:199 | [cam_002] Thời gian xử lý frame 59.08ms
2026-07-02 10:29:42 | DEBUG    | yolo_service:199 | [cam_001] Thời gian xử lý frame 78.11ms
2026-07-02 10:29:42 | DEBUG    | yolo_service:199 | [cam_002] Thời gian xử lý frame 68.72ms
2026-07-02 10:29:42 | DEBUG    | yolo_service:199 | [cam_001] Thời gian xử lý frame 14.13ms
2026-07-02 10:29:42 | DEBUG    | yolo_service:199 | [cam_002] Thời gian xử lý frame 13.31ms
2026-07-02 10:29:42 | DEBUG    | yolo_service:199 | [cam_002] Thời gian xử lý frame 58.45ms
2026-07-02 10:29:42 | DEBUG    | yolo_service:199 | [cam_001] Thời gian xử lý frame 80.80ms
2026-07-02 10:29:42 | DEBUG    | yolo_service:199 | [cam_002] Thời gian xử lý frame 16.88ms
2026-07-02 10:29:42 | DEBUG    | yolo_service:199 | [cam_002] Thời gian xử lý frame 59.40ms
2026-07-02 10:29:42 | DEBUG    | yolo_service:199 | [cam_001] Thời gian xử lý frame 75.69ms
2026-07-02 10:29:42 | DEBUG    | yolo_service:199 | [cam_002] Thời gian xử lý frame 13.19ms
2026-07-02 10:29:42 | DEBUG    | yolo_service:199 | [cam_002] Thời gian xử lý frame 51.98ms
2026-07-02 10:29:42 | DEBUG    | yolo_service:199 | [cam_001] Thời gian xử lý frame 74.82ms
2026-07-02 10:29:42 | DEBUG    | yolo_service:199 | [cam_001] Thời gian xử lý frame 10.37ms
2026-07-02 10:29:42 | DEBUG    | yolo_service:199 | [cam_002] Thời gian xử lý frame 56.09ms
2026-07-02 10:29:42 | DEBUG    | yolo_service:199 | [cam_002] Thời gian xử lý frame 49.73ms
2026-07-02 10:29:42 | DEBUG    | yolo_service:199 | [cam_002] Thời gian xử lý frame 51.34ms
2026-07-02 10:29:42 | DEBUG    | yolo_service:199 | [cam_001] Thời gian xử lý frame 145.85ms
2026-07-02 10:29:42 | DEBUG    | yolo_service:199 | [cam_002] Thời gian xử lý frame 56.97ms
2026-07-02 10:29:42 | DEBUG    | yolo_service:199 | [cam_002] Thời gian xử lý frame 13.24ms
2026-07-02 10:29:42 | DEBUG    | yolo_service:199 | [cam_001] Thời gian xử lý frame 75.34ms
2026-07-02 10:29:42 | DEBUG    | yolo_service:199 | [cam_002] Thời gian xử lý frame 54.84ms
2026-07-02 10:29:42 | DEBUG    | yolo_service:199 | [cam_002] Thời gian xử lý frame 12.26ms
2026-07-02 10:29:42 | DEBUG    | yolo_service:199 | [cam_002] Thời gian xử lý frame 54.24ms
2026-07-02 10:29:42 | DEBUG    | yolo_service:199 | [cam_001] Thời gian xử lý frame 140.62ms
2026-07-02 10:29:42 | DEBUG    | yolo_service:199 | [cam_002] Thời gian xử lý frame 63.07ms
2026-07-02 10:29:42 | DEBUG    | yolo_service:199 | [cam_002] Thời gian xử lý frame 10.96ms
2026-07-02 10:29:42 | DEBUG    | yolo_service:199 | [cam_001] Thời gian xử lý frame 74.13ms
2026-07-02 10:29:42 | DEBUG    | yolo_service:199 | [cam_002] Thời gian xử lý frame 49.71ms
2026-07-02 10:29:42 | DEBUG    | yolo_service:199 | [cam_002] Thời gian xử lý frame 13.64ms
2026-07-02 10:29:42 | DEBUG    | yolo_service:199 | [cam_001] Thời gian xử lý frame 96.03ms
2026-07-02 10:29:42 | DEBUG    | yolo_service:199 | [cam_002] Thời gian xử lý frame 80.02ms
2026-07-02 10:29:43 | DEBUG    | yolo_service:199 | [cam_002] Thời gian xử lý frame 55.91ms
2026-07-02 10:29:43 | DEBUG    | yolo_service:199 | [cam_001] Thời gian xử lý frame 83.92ms
2026-07-02 10:29:43 | DEBUG    | yolo_service:199 | [cam_002] Thời gian xử lý frame 68.77ms
2026-07-02 10:29:43 | DEBUG    | yolo_service:199 | [cam_001] Thời gian xử lý frame 82.54ms
2026-07-02 10:29:43 | DEBUG    | yolo_service:199 | [cam_002] Thời gian xử lý frame 55.89ms
2026-07-02 10:29:43 | DEBUG    | yolo_service:199 | [cam_001] Thời gian xử lý frame 100.15ms
2026-07-02 10:29:43 | DEBUG    | yolo_service:199 | [cam_002] Thời gian xử lý frame 97.50ms
2026-07-02 10:29:43 | DEBUG    | yolo_service:199 | [cam_001] Thời gian xử lý frame 30.06ms
2026-07-02 10:29:43 | DEBUG    | yolo_service:199 | [cam_002] Thời gian xử lý frame 16.36ms
2026-07-02 10:29:43 | DEBUG    | yolo_service:199 | [cam_002] Thời gian xử lý frame 54.66ms
2026-07-02 10:29:43 | DEBUG    | yolo_service:199 | [cam_001] Thời gian xử lý frame 235.46ms
2026-07-02 10:29:43 | DEBUG    | yolo_service:199 | [cam_002] Thời gian xử lý frame 172.18ms
2026-07-02 10:29:43 | DEBUG    | yolo_service:199 | [cam_001] Thời gian xử lý frame 6.29ms
2026-07-02 10:29:43 | DEBUG    | yolo_service:199 | [cam_002] Thời gian xử lý frame 14.81ms
2026-07-02 10:29:43 | DEBUG    | yolo_service:199 | [cam_002] Thời gian xử lý frame 55.74ms
2026-07-02 10:29:43 | DEBUG    | yolo_service:199 | [cam_001] Thời gian xử lý frame 73.97ms
2026-07-02 10:29:43 | DEBUG    | yolo_service:199 | [cam_002] Thời gian xử lý frame 15.48ms
2026-07-02 10:29:43 | DEBUG    | yolo_service:199 | [cam_002] Thời gian xử lý frame 52.20ms
2026-07-02 10:29:43 | DEBUG    | yolo_service:199 | [cam_001] Thời gian xử lý frame 77.22ms
2026-07-02 10:29:43 | DEBUG    | yolo_service:199 | [cam_002] Thời gian xử lý frame 16.50ms
2026-07-02 10:29:43 | DEBUG    | yolo_service:199 | [cam_002] Thời gian xử lý frame 56.52ms
2026-07-02 10:29:43 | DEBUG    | yolo_service:199 | [cam_001] Thời gian xử lý frame 74.48ms
2026-07-02 10:29:43 | DEBUG    | yolo_service:199 | [cam_002] Thời gian xử lý frame 51.60ms
2026-07-02 10:29:43 | DEBUG    | yolo_service:199 | [cam_001] Thời gian xử lý frame 73.88ms
2026-07-02 10:29:43 | DEBUG    | yolo_service:199 | [cam_002] Thời gian xử lý frame 50.52ms
2026-07-02 10:29:43 | DEBUG    | yolo_service:199 | [cam_002] Thời gian xử lý frame 48.95ms
2026-07-02 10:29:43 | DEBUG    | yolo_service:199 | [cam_001] Thời gian xử lý frame 77.71ms
2026-07-02 10:29:43 | DEBUG    | yolo_service:199 | [cam_002] Thời gian xử lý frame 56.05ms
2026-07-02 10:29:43 | DEBUG    | yolo_service:199 | [cam_001] Thời gian xử lý frame 94.20ms
2026-07-02 10:29:44 | DEBUG    | yolo_service:199 | [cam_002] Thời gian xử lý frame 62.48ms
2026-07-02 10:29:44 | DEBUG    | yolo_service:199 | [cam_001] Thời gian xử lý frame 13.04ms
2026-07-02 10:29:44 | DEBUG    | yolo_service:199 | [cam_002] Thời gian xử lý frame 15.22ms
2026-07-02 10:29:44 | DEBUG    | yolo_service:199 | [cam_002] Thời gian xử lý frame 49.38ms
2026-07-02 10:29:44 | DEBUG    | yolo_service:199 | [cam_001] Thời gian xử lý frame 78.99ms
2026-07-02 10:29:44 | DEBUG    | yolo_service:199 | [cam_002] Thời gian xử lý frame 52.01ms
2026-07-02 10:29:44 | DEBUG    | yolo_service:199 | [cam_001] Thời gian xử lý frame 73.53ms
2026-07-02 10:29:44 | DEBUG    | yolo_service:199 | [cam_002] Thời gian xử lý frame 52.44ms
2026-07-02 10:29:44 | DEBUG    | yolo_service:199 | [cam_002] Thời gian xử lý frame 8.15ms
2026-07-02 10:29:44 | DEBUG    | yolo_service:199 | [cam_001] Thời gian xử lý frame 76.31ms
2026-07-02 10:29:44 | DEBUG    | yolo_service:199 | [cam_002] Thời gian xử lý frame 55.38ms
2026-07-02 10:29:44 | DEBUG    | yolo_service:199 | [cam_002] Thời gian xử lý frame 52.52ms
2026-07-02 10:29:44 | DEBUG    | yolo_service:199 | [cam_002] Thời gian xử lý frame 17.54ms
2026-07-02 10:29:44 | DEBUG    | yolo_service:199 | [cam_002] Thời gian xử lý frame 52.97ms
2026-07-02 10:29:44 | DEBUG    | yolo_service:199 | [cam_001] Thời gian xử lý frame 158.16ms
2026-07-02 10:29:44 | DEBUG    | yolo_service:199 | [cam_001] Thời gian xử lý frame 5.82ms
2026-07-02 10:29:44 | DEBUG    | yolo_service:199 | [cam_002] Thời gian xử lý frame 52.39ms
2026-07-02 10:29:44 | DEBUG    | yolo_service:199 | [cam_002] Thời gian xử lý frame 8.35ms
2026-07-02 10:29:44 | DEBUG    | yolo_service:199 | [cam_001] Thời gian xử lý frame 76.16ms
2026-07-02 10:29:44 | DEBUG    | yolo_service:199 | [cam_002] Thời gian xử lý frame 91.33ms
2026-07-02 10:29:44 | DEBUG    | yolo_service:199 | [cam_001] Thời gian xử lý frame 74.58ms
2026-07-02 10:29:44 | DEBUG    | yolo_service:199 | [cam_002] Thời gian xử lý frame 47.54ms
2026-07-02 10:29:44 | DEBUG    | yolo_service:199 | [cam_002] Thời gian xử lý frame 50.16ms
2026-07-02 10:29:44 | DEBUG    | yolo_service:199 | [cam_001] Thời gian xử lý frame 75.57ms
2026-07-02 10:29:44 | DEBUG    | yolo_service:199 | [cam_002] Thời gian xử lý frame 14.94ms
2026-07-02 10:29:44 | DEBUG    | yolo_service:199 | [cam_002] Thời gian xử lý frame 47.57ms
2026-07-02 10:29:44 | DEBUG    | yolo_service:199 | [cam_001] Thời gian xử lý frame 76.04ms
2026-07-02 10:29:44 | DEBUG    | yolo_service:199 | [cam_002] Thời gian xử lý frame 51.36ms
2026-07-02 10:29:44 | DEBUG    | yolo_service:199 | [cam_002] Thời gian xử lý frame 14.67ms
2026-07-02 10:29:44 | DEBUG    | yolo_service:199 | [cam_001] Thời gian xử lý frame 78.57ms
2026-07-02 10:29:44 | DEBUG    | yolo_service:199 | [cam_001] Thời gian xử lý frame 11.51ms
2026-07-02 10:29:44 | DEBUG    | yolo_service:199 | [cam_002] Thời gian xử lý frame 51.88ms
2026-07-02 10:29:44 | DEBUG    | yolo_service:199 | [cam_002] Thời gian xử lý frame 63.95ms
2026-07-02 10:29:44 | DEBUG    | yolo_service:199 | [cam_002] Thời gian xử lý frame 12.33ms
2026-07-02 10:29:44 | DEBUG    | yolo_service:199 | [cam_002] Thời gian xử lý frame 58.78ms
2026-07-02 10:29:44 | DEBUG    | yolo_service:199 | [cam_001] Thời gian xử lý frame 143.46ms
2026-07-02 10:29:44 | DEBUG    | yolo_service:199 | [cam_002] Thời gian xử lý frame 48.92ms
2026-07-02 10:29:45 | DEBUG    | yolo_service:199 | [cam_001] Thời gian xử lý frame 73.94ms
2026-07-02 10:29:45 | DEBUG    | yolo_service:199 | [cam_002] Thời gian xử lý frame 53.03ms
2026-07-02 10:29:45 | DEBUG    | yolo_service:199 | [cam_001] Thời gian xử lý frame 80.56ms
2026-07-02 10:29:45 | DEBUG    | yolo_service:199 | [cam_002] Thời gian xử lý frame 55.70ms
2026-07-02 10:29:45 | DEBUG    | yolo_service:199 | [cam_002] Thời gian xử lý frame 47.81ms
2026-07-02 10:29:45 | DEBUG    | yolo_service:199 | [cam_001] Thời gian xử lý frame 78.37ms
2026-07-02 10:29:45 | DEBUG    | yolo_service:199 | [cam_001] Thời gian xử lý frame 8.53ms
2026-07-02 10:29:45 | DEBUG    | yolo_service:199 | [cam_002] Thời gian xử lý frame 48.12ms
2026-07-02 10:29:45 | DEBUG    | yolo_service:199 | [cam_002] Thời gian xử lý frame 53.49ms
2026-07-02 10:29:45 | DEBUG    | yolo_service:199 | [cam_002] Thời gian xử lý frame 62.16ms
2026-07-02 10:29:45 | DEBUG    | yolo_service:199 | [cam_002] Thời gian xử lý frame 23.85ms
2026-07-02 10:29:45 | DEBUG    | yolo_service:199 | [cam_001] Thời gian xử lý frame 168.98ms
2026-07-02 10:29:45 | DEBUG    | yolo_service:199 | [cam_002] Thời gian xử lý frame 86.96ms
2026-07-02 10:29:45 | DEBUG    | yolo_service:199 | [cam_001] Thời gian xử lý frame 71.07ms
2026-07-02 10:29:45 | DEBUG    | yolo_service:199 | [cam_002] Thời gian xử lý frame 34.50ms
2026-07-02 10:29:45 | DEBUG    | yolo_service:199 | [cam_001] Thời gian xử lý frame 39.72ms
2026-07-02 10:29:45 | DEBUG    | yolo_service:199 | [cam_001] Thời gian xử lý frame 11.53ms
2026-07-02 10:29:45 | DEBUG    | yolo_service:199 | [cam_002] Thời gian xử lý frame 54.33ms
2026-07-02 10:29:45 | DEBUG    | yolo_service:199 | [cam_001] Thời gian xử lý frame 73.65ms
2026-07-02 10:29:45 | DEBUG    | yolo_service:199 | [cam_002] Thời gian xử lý frame 52.35ms
2026-07-02 10:29:45 | DEBUG    | yolo_service:199 | [cam_002] Thời gian xử lý frame 48.71ms
2026-07-02 10:29:45 | DEBUG    | yolo_service:199 | [cam_002] Thời gian xử lý frame 9.12ms
2026-07-02 10:29:45 | DEBUG    | yolo_service:199 | [cam_001] Thời gian xử lý frame 74.72ms
2026-07-02 10:29:45 | DEBUG    | yolo_service:199 | [cam_002] Thời gian xử lý frame 49.83ms
2026-07-02 10:29:45 | DEBUG    | yolo_service:199 | [cam_001] Thời gian xử lý frame 87.97ms
2026-07-02 10:29:45 | DEBUG    | yolo_service:199 | [cam_002] Thời gian xử lý frame 57.52ms
2026-07-02 10:29:45 | DEBUG    | yolo_service:199 | [cam_002] Thời gian xử lý frame 48.01ms
2026-07-02 10:29:45 | DEBUG    | yolo_service:199 | [cam_001] Thời gian xử lý frame 73.64ms
2026-07-02 10:29:45 | DEBUG    | yolo_service:199 | [cam_002] Thời gian xử lý frame 49.90ms
2026-07-02 10:29:45 | DEBUG    | yolo_service:199 | [cam_002] Thời gian xử lý frame 60.95ms
2026-07-02 10:29:45 | DEBUG    | yolo_service:199 | [cam_002] Thời gian xử lý frame 8.94ms
2026-07-02 10:29:45 | DEBUG    | heartbeat_service:58 | 💓 Nhịp tim gửi Master: {'server_id': 'SV_004', 'cpu_usage': 38.0, 'has_gpu': True, 'gpu_usage': 0, 'vram_free_gb': 3.47, 'max_cam': 2}
2026-07-02 10:29:45 | DEBUG    | connectionpool:241 | Starting new HTTP connection (1): 10.40.91.11:5000
2026-07-02 10:29:45 | DEBUG    | yolo_service:199 | [cam_001] Thời gian xử lý frame 144.82ms
2026-07-02 10:29:45 | DEBUG    | connectionpool:544 | http://10.40.91.11:5000 "POST /api/heartbeat HTTP/1.1" 200 68
2026-07-02 10:29:45 | DEBUG    | yolo_service:199 | [cam_002] Thời gian xử lý frame 53.13ms
2026-07-02 10:29:46 | DEBUG    | yolo_service:199 | [cam_002] Thời gian xử lý frame 53.04ms
2026-07-02 10:29:46 | DEBUG    | yolo_service:199 | [cam_001] Thời gian xử lý frame 76.83ms
2026-07-02 10:29:46 | DEBUG    | yolo_service:199 | [cam_002] Thời gian xử lý frame 8.33ms
2026-07-02 10:29:46 | DEBUG    | yolo_service:199 | [cam_002] Thời gian xử lý frame 47.99ms
2026-07-02 10:29:46 | DEBUG    | yolo_service:199 | [cam_001] Thời gian xử lý frame 77.50ms
2026-07-02 10:29:46 | DEBUG    | yolo_service:199 | [cam_002] Thời gian xử lý frame 52.77ms
2026-07-02 10:29:46 | DEBUG    | yolo_service:199 | [cam_001] Thời gian xử lý frame 80.48ms
2026-07-02 10:29:46 | DEBUG    | yolo_service:199 | [cam_002] Thời gian xử lý frame 55.21ms
2026-07-02 10:29:46 | DEBUG    | yolo_service:199 | [cam_001] Thời gian xử lý frame 8.74ms
2026-07-02 10:29:46 | DEBUG    | yolo_service:199 | [cam_002] Thời gian xử lý frame 10.67ms
2026-07-02 10:29:46 | DEBUG    | yolo_service:199 | [cam_002] Thời gian xử lý frame 54.22ms
2026-07-02 10:29:46 | DEBUG    | yolo_service:199 | [cam_002] Thời gian xử lý frame 58.54ms
2026-07-02 10:29:46 | DEBUG    | yolo_service:199 | [cam_002] Thời gian xử lý frame 13.56ms
2026-07-02 10:29:46 | DEBUG    | yolo_service:199 | [cam_001] Thời gian xử lý frame 146.36ms
2026-07-02 10:29:46 | DEBUG    | yolo_service:199 | [cam_002] Thời gian xử lý frame 59.60ms
2026-07-02 10:29:46 | DEBUG    | yolo_service:199 | [cam_002] Thời gian xử lý frame 9.69ms
2026-07-02 10:29:46 | DEBUG    | yolo_service:199 | [cam_001] Thời gian xử lý frame 73.81ms
2026-07-02 10:29:46 | DEBUG    | yolo_service:199 | [cam_002] Thời gian xử lý frame 54.62ms
2026-07-02 10:29:46 | DEBUG    | yolo_service:199 | [cam_001] Thời gian xử lý frame 78.25ms
2026-07-02 10:29:46 | DEBUG    | yolo_service:199 | [cam_002] Thời gian xử lý frame 49.23ms
2026-07-02 10:29:46 | DEBUG    | yolo_service:199 | [cam_001] Thời gian xử lý frame 78.58ms
2026-07-02 10:29:46 | DEBUG    | yolo_service:199 | [cam_002] Thời gian xử lý frame 91.78ms
2026-07-02 10:29:46 | DEBUG    | yolo_service:199 | [cam_002] Thời gian xử lý frame 10.89ms
2026-07-02 10:29:46 | DEBUG    | yolo_service:199 | [cam_001] Thời gian xử lý frame 80.03ms
2026-07-02 10:29:46 | DEBUG    | yolo_service:199 | [cam_002] Thời gian xử lý frame 54.86ms
2026-07-02 10:29:46 | DEBUG    | yolo_service:199 | [cam_002] Thời gian xử lý frame 48.97ms
2026-07-02 10:29:46 | DEBUG    | yolo_service:199 | [cam_001] Thời gian xử lý frame 79.01ms
2026-07-02 10:29:46 | DEBUG    | yolo_service:199 | [cam_002] Thời gian xử lý frame 90.99ms
2026-07-02 10:29:46 | DEBUG    | yolo_service:199 | [cam_001] Thời gian xử lý frame 83.51ms
2026-07-02 10:29:46 | DEBUG    | yolo_service:199 | [cam_002] Thời gian xử lý frame 50.35ms
2026-07-02 10:29:46 | DEBUG    | yolo_service:199 | [cam_001] Thời gian xử lý frame 74.18ms
2026-07-02 10:29:46 | DEBUG    | yolo_service:199 | [cam_002] Thời gian xử lý frame 54.65ms
2026-07-02 10:29:46 | DEBUG    | yolo_service:199 | [cam_002] Thời gian xử lý frame 11.61ms
2026-07-02 10:29:46 | DEBUG    | yolo_service:199 | [cam_001] Thời gian xử lý frame 81.55ms
2026-07-02 10:29:46 | DEBUG    | yolo_service:199 | [cam_002] Thời gian xử lý frame 63.32ms
2026-07-02 10:29:47 | DEBUG    | yolo_service:199 | [cam_002] Thời gian xử lý frame 12.28ms
2026-07-02 10:29:47 | DEBUG    | yolo_service:199 | [cam_002] Thời gian xử lý frame 47.97ms
2026-07-02 10:29:47 | DEBUG    | yolo_service:199 | [cam_001] Thời gian xử lý frame 74.18ms
2026-07-02 10:29:47 | DEBUG    | yolo_service:199 | [cam_002] Thời gian xử lý frame 51.68ms
2026-07-02 10:29:47 | DEBUG    | yolo_service:199 | [cam_001] Thời gian xử lý frame 73.63ms
2026-07-02 10:29:47 | DEBUG    | yolo_service:199 | [cam_002] Thời gian xử lý frame 57.86ms
2026-07-02 10:29:47 | DEBUG    | yolo_service:199 | [cam_002] Thời gian xử lý frame 10.52ms
2026-07-02 10:29:47 | DEBUG    | yolo_service:199 | [cam_001] Thời gian xử lý frame 73.49ms
2026-07-02 10:29:47 | DEBUG    | yolo_service:199 | [cam_002] Thời gian xử lý frame 57.20ms
2026-07-02 10:29:47 | DEBUG    | yolo_service:199 | [cam_002] Thời gian xử lý frame 10.23ms
2026-07-02 10:29:47 | DEBUG    | yolo_service:199 | [cam_002] Thời gian xử lý frame 49.30ms
2026-07-02 10:29:47 | DEBUG    | yolo_service:199 | [cam_002] Thời gian xử lý frame 57.44ms
2026-07-02 10:29:47 | DEBUG    | yolo_service:199 | [cam_001] Thời gian xử lý frame 157.09ms
2026-07-02 10:29:47 | DEBUG    | yolo_service:199 | [cam_002] Thời gian xử lý frame 15.97ms
2026-07-02 10:29:47 | DEBUG    | yolo_service:199 | [cam_002] Thời gian xử lý frame 69.69ms
2026-07-02 10:29:47 | DEBUG    | yolo_service:199 | [cam_001] Thời gian xử lý frame 85.93ms
2026-07-02 10:29:47 | DEBUG    | yolo_service:199 | [cam_002] Thời gian xử lý frame 51.11ms
2026-07-02 10:29:47 | DEBUG    | yolo_service:199 | [cam_002] Thời gian xử lý frame 12.93ms
2026-07-02 10:29:47 | DEBUG    | yolo_service:199 | [cam_001] Thời gian xử lý frame 76.07ms
2026-07-02 10:29:47 | DEBUG    | yolo_service:199 | [cam_002] Thời gian xử lý frame 52.78ms
2026-07-02 10:29:47 | DEBUG    | yolo_service:199 | [cam_002] Thời gian xử lý frame 10.29ms
2026-07-02 10:29:47 | DEBUG    | yolo_service:199 | [cam_001] Thời gian xử lý frame 75.53ms
2026-07-02 10:29:47 | DEBUG    | yolo_service:199 | [cam_002] Thời gian xử lý frame 51.97ms
2026-07-02 10:29:47 | DEBUG    | yolo_service:199 | [cam_002] Thời gian xử lý frame 15.19ms
2026-07-02 10:29:47 | DEBUG    | yolo_service:199 | [cam_002] Thời gian xử lý frame 51.60ms
2026-07-02 10:29:47 | DEBUG    | yolo_service:199 | [cam_002] Thời gian xử lý frame 67.01ms
2026-07-02 10:29:47 | DEBUG    | yolo_service:199 | [cam_001] Thời gian xử lý frame 163.74ms
2026-07-02 10:29:47 | DEBUG    | yolo_service:199 | [cam_002] Thời gian xử lý frame 22.60ms
2026-07-02 10:29:47 | DEBUG    | yolo_service:199 | [cam_002] Thời gian xử lý frame 57.70ms
2026-07-02 10:29:47 | DEBUG    | yolo_service:199 | [cam_001] Thời gian xử lý frame 90.40ms
2026-07-02 10:29:47 | DEBUG    | yolo_service:199 | [cam_002] Thời gian xử lý frame 25.05ms
2026-07-02 10:29:47 | DEBUG    | yolo_service:199 | [cam_002] Thời gian xử lý frame 50.49ms
2026-07-02 10:29:47 | DEBUG    | yolo_service:199 | [cam_001] Thời gian xử lý frame 76.37ms
2026-07-02 10:29:47 | DEBUG    | yolo_service:199 | [cam_002] Thời gian xử lý frame 49.90ms
2026-07-02 10:29:48 | DEBUG    | yolo_service:199 | [cam_001] Thời gian xử lý frame 77.02ms
2026-07-02 10:29:48 | DEBUG    | yolo_service:199 | [cam_002] Thời gian xử lý frame 57.10ms
2026-07-02 10:29:48 | DEBUG    | yolo_service:199 | [cam_002] Thời gian xử lý frame 51.67ms
2026-07-02 10:29:48 | DEBUG    | yolo_service:199 | [cam_001] Thời gian xử lý frame 76.23ms
2026-07-02 10:29:48 | DEBUG    | yolo_service:199 | [cam_002] Thời gian xử lý frame 63.61ms
2026-07-02 10:29:48 | DEBUG    | yolo_service:199 | [cam_001] Thời gian xử lý frame 81.45ms
2026-07-02 10:29:48 | DEBUG    | yolo_service:199 | [cam_002] Thời gian xử lý frame 54.50ms
2026-07-02 10:29:48 | DEBUG    | yolo_service:199 | [cam_002] Thời gian xử lý frame 61.82ms
2026-07-02 10:29:48 | DEBUG    | yolo_service:199 | [cam_001] Thời gian xử lý frame 90.38ms
2026-07-02 10:29:48 | DEBUG    | yolo_service:199 | [cam_002] Thời gian xử lý frame 58.54ms
2026-07-02 10:29:48 | DEBUG    | yolo_service:199 | [cam_001] Thời gian xử lý frame 85.80ms
2026-07-02 10:29:48 | DEBUG    | yolo_service:199 | [cam_001] Thời gian xử lý frame 24.28ms
2026-07-02 10:29:48 | DEBUG    | yolo_service:199 | [cam_002] Thời gian xử lý frame 66.44ms
2026-07-02 10:29:48 | DEBUG    | yolo_service:199 | [cam_002] Thời gian xử lý frame 54.15ms
2026-07-02 10:29:48 | DEBUG    | yolo_service:199 | [cam_001] Thời gian xử lý frame 80.26ms
2026-07-02 10:29:48 | DEBUG    | yolo_service:199 | [cam_001] Thời gian xử lý frame 264.42ms
2026-07-02 10:29:48 | DEBUG    | yolo_service:199 | [cam_002] Thời gian xử lý frame 277.62ms
2026-07-02 10:29:48 | DEBUG    | yolo_service:199 | [cam_001] Thời gian xử lý frame 10.97ms
2026-07-02 10:29:48 | DEBUG    | yolo_service:199 | [cam_002] Thời gian xử lý frame 13.90ms
2026-07-02 10:29:48 | DEBUG    | yolo_service:199 | [cam_002] Thời gian xử lý frame 58.53ms
2026-07-02 10:29:48 | DEBUG    | yolo_service:199 | [cam_002] Thời gian xử lý frame 16.12ms
2026-07-02 10:29:48 | DEBUG    | yolo_service:199 | [cam_001] Thời gian xử lý frame 83.04ms
2026-07-02 10:29:48 | DEBUG    | yolo_service:199 | [cam_002] Thời gian xử lý frame 51.24ms
2026-07-02 10:29:48 | DEBUG    | yolo_service:199 | [cam_002] Thời gian xử lý frame 9.68ms
2026-07-02 10:29:48 | DEBUG    | yolo_service:199 | [cam_002] Thời gian xử lý frame 56.26ms
2026-07-02 10:29:48 | DEBUG    | yolo_service:199 | [cam_001] Thời gian xử lý frame 146.21ms
2026-07-02 10:29:48 | DEBUG    | yolo_service:199 | [cam_002] Thời gian xử lý frame 57.33ms
2026-07-02 10:29:48 | DEBUG    | yolo_service:199 | [cam_002] Thời gian xử lý frame 9.67ms
2026-07-02 10:29:49 | DEBUG    | yolo_service:199 | [cam_001] Thời gian xử lý frame 75.88ms
2026-07-02 10:29:49 | DEBUG    | yolo_service:199 | [cam_002] Thời gian xử lý frame 48.94ms
2026-07-02 10:29:49 | DEBUG    | yolo_service:199 | [cam_002] Thời gian xử lý frame 57.55ms
2026-07-02 10:29:49 | DEBUG    | yolo_service:199 | [cam_001] Thời gian xử lý frame 86.77ms
2026-07-02 10:29:49 | DEBUG    | yolo_service:199 | [cam_002] Thời gian xử lý frame 52.71ms
2026-07-02 10:29:49 | DEBUG    | yolo_service:199 | [cam_001] Thời gian xử lý frame 77.51ms
2026-07-02 10:29:49 | DEBUG    | yolo_service:199 | [cam_002] Thời gian xử lý frame 53.67ms
2026-07-02 10:29:49 | DEBUG    | yolo_service:199 | [cam_002] Thời gian xử lý frame 62.73ms
2026-07-02 10:29:49 | DEBUG    | yolo_service:199 | [cam_002] Thời gian xử lý frame 11.34ms
2026-07-02 10:29:49 | DEBUG    | yolo_service:199 | [cam_001] Thời gian xử lý frame 142.53ms
2026-07-02 10:29:49 | DEBUG    | yolo_service:199 | [cam_002] Thời gian xử lý frame 63.64ms
2026-07-02 10:29:49 | DEBUG    | yolo_service:199 | [cam_002] Thời gian xử lý frame 11.12ms
2026-07-02 10:29:49 | DEBUG    | yolo_service:199 | [cam_002] Thời gian xử lý frame 49.99ms
2026-07-02 10:29:49 | DEBUG    | yolo_service:199 | [cam_001] Thời gian xử lý frame 81.16ms
2026-07-02 10:29:49 | DEBUG    | yolo_service:199 | [cam_002] Thời gian xử lý frame 55.88ms
2026-07-02 10:29:49 | DEBUG    | yolo_service:199 | [cam_001] Thời gian xử lý frame 76.30ms
2026-07-02 10:29:49 | DEBUG    | yolo_service:199 | [cam_002] Thời gian xử lý frame 50.66ms
2026-07-02 10:29:49 | DEBUG    | yolo_service:199 | [cam_001] Thời gian xử lý frame 80.26ms
2026-07-02 10:29:49 | DEBUG    | yolo_service:199 | [cam_002] Thời gian xử lý frame 67.68ms
2026-07-02 10:29:49 | DEBUG    | yolo_service:199 | [cam_001] Thời gian xử lý frame 9.88ms
2026-07-02 10:29:49 | DEBUG    | yolo_service:199 | [cam_002] Thời gian xử lý frame 9.74ms
2026-07-02 10:29:49 | DEBUG    | yolo_service:199 | [cam_002] Thời gian xử lý frame 56.76ms
2026-07-02 10:29:49 | DEBUG    | yolo_service:199 | [cam_002] Thời gian xử lý frame 55.14ms
2026-07-02 10:29:49 | DEBUG    | yolo_service:199 | [cam_001] Thời gian xử lý frame 151.61ms
2026-07-02 10:29:49 | DEBUG    | yolo_service:199 | [cam_002] Thời gian xử lý frame 54.97ms
2026-07-02 10:29:49 | DEBUG    | yolo_service:199 | [cam_001] Thời gian xử lý frame 80.87ms
2026-07-02 10:29:49 | DEBUG    | yolo_service:199 | [cam_002] Thời gian xử lý frame 57.60ms
2026-07-02 10:29:49 | DEBUG    | yolo_service:199 | [cam_002] Thời gian xử lý frame 12.75ms
2026-07-02 10:29:49 | DEBUG    | yolo_service:199 | [cam_001] Thời gian xử lý frame 80.47ms
2026-07-02 10:29:49 | DEBUG    | yolo_service:199 | [cam_002] Thời gian xử lý frame 101.82ms
2026-07-02 10:29:49 | DEBUG    | yolo_service:199 | [cam_002] Thời gian xử lý frame 11.90ms
2026-07-02 10:29:49 | DEBUG    | yolo_service:199 | [cam_001] Thời gian xử lý frame 77.20ms
2026-07-02 10:29:50 | DEBUG    | yolo_service:199 | [cam_002] Thời gian xử lý frame 54.63ms
2026-07-02 10:29:50 | DEBUG    | yolo_service:199 | [cam_002] Thời gian xử lý frame 55.98ms
2026-07-02 10:29:50 | DEBUG    | yolo_service:199 | [cam_002] Thời gian xử lý frame 12.93ms
2026-07-02 10:29:50 | DEBUG    | yolo_service:199 | [cam_001] Thời gian xử lý frame 149.51ms
2026-07-02 10:29:50 | DEBUG    | yolo_service:199 | [cam_002] Thời gian xử lý frame 56.35ms
2026-07-02 10:29:50 | DEBUG    | yolo_service:199 | [cam_001] Thời gian xử lý frame 13.97ms
2026-07-02 10:29:50 | DEBUG    | yolo_service:199 | [cam_002] Thời gian xử lý frame 18.12ms
2026-07-02 10:29:50 | DEBUG    | yolo_service:199 | [cam_002] Thời gian xử lý frame 69.49ms
2026-07-02 10:29:50 | DEBUG    | yolo_service:199 | [cam_001] Thời gian xử lý frame 113.06ms
2026-07-02 10:29:50 | DEBUG    | yolo_service:199 | [cam_002] Thời gian xử lý frame 38.48ms
2026-07-02 10:29:50 | DEBUG    | yolo_service:199 | [cam_002] Thời gian xử lý frame 51.07ms
2026-07-02 10:29:50 | DEBUG    | yolo_service:199 | [cam_001] Thời gian xử lý frame 78.26ms
2026-07-02 10:29:50 | DEBUG    | yolo_service:199 | [cam_002] Thời gian xử lý frame 50.80ms
2026-07-02 10:29:50 | DEBUG    | yolo_service:199 | [cam_001] Thời gian xử lý frame 79.42ms
2026-07-02 10:29:50 | DEBUG    | yolo_service:199 | [cam_002] Thời gian xử lý frame 56.66ms
2026-07-02 10:29:50 | DEBUG    | yolo_service:199 | [cam_002] Thời gian xử lý frame 55.71ms
2026-07-02 10:29:50 | DEBUG    | yolo_service:199 | [cam_001] Thời gian xử lý frame 78.20ms
2026-07-02 10:29:50 | DEBUG    | yolo_service:199 | [cam_002] Thời gian xử lý frame 53.65ms
2026-07-02 10:29:50 | DEBUG    | yolo_service:199 | [cam_001] Thời gian xử lý frame 79.12ms
2026-07-02 10:29:50 | DEBUG    | yolo_service:199 | [cam_001] Thời gian xử lý frame 14.44ms
2026-07-02 10:29:50 | DEBUG    | yolo_service:199 | [cam_002] Thời gian xử lý frame 58.80ms
2026-07-02 10:29:50 | DEBUG    | yolo_service:199 | [cam_002] Thời gian xử lý frame 54.66ms
2026-07-02 10:29:50 | DEBUG    | yolo_service:199 | [cam_002] Thời gian xử lý frame 52.87ms
2026-07-02 10:29:50 | DEBUG    | yolo_service:199 | [cam_002] Thời gian xử lý frame 10.53ms
2026-07-02 10:29:50 | DEBUG    | yolo_service:199 | [cam_001] Thời gian xử lý frame 145.47ms
2026-07-02 10:29:50 | DEBUG    | yolo_service:199 | [cam_001] Thời gian xử lý frame 14.34ms
2026-07-02 10:29:50 | DEBUG    | yolo_service:199 | [cam_002] Thời gian xử lý frame 57.38ms
2026-07-02 10:29:50 | DEBUG    | yolo_service:199 | [cam_002] Thời gian xử lý frame 50.88ms
2026-07-02 10:29:50 | DEBUG    | yolo_service:199 | [cam_001] Thời gian xử lý frame 79.35ms
2026-07-02 10:29:50 | DEBUG    | yolo_service:199 | [cam_001] Thời gian xử lý frame 82.09ms
2026-07-02 10:29:50 | DEBUG    | yolo_service:199 | [cam_002] Thời gian xử lý frame 98.47ms
2026-07-02 10:29:50 | DEBUG    | yolo_service:199 | [cam_002] Thời gian xử lý frame 52.56ms
2026-07-02 10:29:50 | DEBUG    | yolo_service:199 | [cam_002] Thời gian xử lý frame 13.56ms
2026-07-02 10:29:51 | DEBUG    | yolo_service:199 | [cam_001] Thời gian xử lý frame 77.58ms
2026-07-02 10:29:51 | DEBUG    | yolo_service:199 | [cam_002] Thời gian xử lý frame 51.04ms
2026-07-02 10:29:51 | DEBUG    | yolo_service:199 | [cam_002] Thời gian xử lý frame 50.61ms
2026-07-02 10:29:51 | DEBUG    | yolo_service:199 | [cam_001] Thời gian xử lý frame 153.32ms
2026-07-02 10:29:51 | DEBUG    | yolo_service:199 | [cam_002] Thời gian xử lý frame 60.63ms
2026-07-02 10:29:51 | DEBUG    | yolo_service:199 | [cam_002] Thời gian xử lý frame 10.77ms
2026-07-02 10:29:51 | DEBUG    | yolo_service:199 | [cam_002] Thời gian xử lý frame 51.15ms
2026-07-02 10:29:51 | DEBUG    | yolo_service:199 | [cam_001] Thời gian xử lý frame 85.89ms
2026-07-02 10:29:51 | DEBUG    | yolo_service:199 | [cam_002] Thời gian xử lý frame 21.90ms
2026-07-02 10:29:51 | DEBUG    | yolo_service:199 | [cam_002] Thời gian xử lý frame 55.45ms
2026-07-02 10:29:51 | DEBUG    | yolo_service:199 | [cam_001] Thời gian xử lý frame 78.00ms
2026-07-02 10:29:51 | DEBUG    | yolo_service:199 | [cam_002] Thời gian xử lý frame 52.58ms
2026-07-02 10:29:51 | DEBUG    | yolo_service:199 | [cam_001] Thời gian xử lý frame 93.95ms
2026-07-02 10:29:51 | DEBUG    | yolo_service:199 | [cam_002] Thời gian xử lý frame 72.64ms
2026-07-02 10:29:51 | DEBUG    | yolo_service:199 | [cam_002] Thời gian xử lý frame 13.06ms
2026-07-02 10:29:51 | DEBUG    | yolo_service:199 | [cam_002] Thời gian xử lý frame 99.00ms
2026-07-02 10:29:51 | DEBUG    | yolo_service:199 | [cam_001] Thời gian xử lý frame 156.94ms
2026-07-02 10:29:51 | DEBUG    | yolo_service:199 | [cam_002] Thời gian xử lý frame 60.08ms
2026-07-02 10:29:51 | DEBUG    | yolo_service:199 | [cam_002] Thời gian xử lý frame 14.03ms
2026-07-02 10:29:51 | DEBUG    | yolo_service:199 | [cam_001] Thời gian xử lý frame 85.61ms
2026-07-02 10:29:51 | DEBUG    | yolo_service:199 | [cam_002] Thời gian xử lý frame 55.21ms
2026-07-02 10:29:51 | DEBUG    | yolo_service:199 | [cam_002] Thời gian xử lý frame 64.65ms
2026-07-02 10:29:51 | DEBUG    | yolo_service:199 | [cam_001] Thời gian xử lý frame 83.94ms
2026-07-02 10:29:51 | DEBUG    | yolo_service:199 | [cam_001] Thời gian xử lý frame 12.83ms
2026-07-02 10:29:51 | DEBUG    | yolo_service:199 | [cam_002] Thời gian xử lý frame 58.15ms
2026-07-02 10:29:51 | DEBUG    | yolo_service:199 | [cam_001] Thời gian xử lý frame 79.86ms
2026-07-02 10:29:51 | DEBUG    | yolo_service:199 | [cam_002] Thời gian xử lý frame 53.55ms
2026-07-02 10:29:51 | DEBUG    | yolo_service:199 | [cam_002] Thời gian xử lý frame 56.34ms
2026-07-02 10:29:52 | DEBUG    | heartbeat_service:58 | 💓 Nhịp tim gửi Master: {'server_id': 'SV_004', 'cpu_usage': 48.6, 'has_gpu': True, 'gpu_usage': 0, 'vram_free_gb': 3.47, 'max_cam': 2}
2026-07-02 10:29:52 | DEBUG    | connectionpool:241 | Starting new HTTP connection (1): 10.40.91.11:5000
2026-07-02 10:29:52 | DEBUG    | connectionpool:544 | http://10.40.91.11:5000 "POST /api/heartbeat HTTP/1.1" 200 68
2026-07-02 10:29:52 | DEBUG    | yolo_service:199 | [cam_001] Thời gian xử lý frame 270.18ms
2026-07-02 10:29:52 | DEBUG    | yolo_service:199 | [cam_002] Thời gian xử lý frame 204.63ms
2026-07-02 10:29:52 | DEBUG    | yolo_service:199 | [cam_001] Thời gian xử lý frame 11.10ms
2026-07-02 10:29:52 | DEBUG    | yolo_service:199 | [cam_002] Thời gian xử lý frame 13.50ms
2026-07-02 10:29:52 | DEBUG    | yolo_service:199 | [cam_002] Thời gian xử lý frame 50.07ms
2026-07-02 10:29:52 | DEBUG    | yolo_service:199 | [cam_002] Thời gian xử lý frame 9.27ms
2026-07-02 10:29:52 | DEBUG    | yolo_service:199 | [cam_001] Thời gian xử lý frame 74.24ms
2026-07-02 10:29:52 | DEBUG    | yolo_service:199 | [cam_002] Thời gian xử lý frame 65.26ms
2026-07-02 10:29:52 | DEBUG    | yolo_service:199 | [cam_002] Thời gian xử lý frame 57.46ms
2026-07-02 10:29:52 | DEBUG    | yolo_service:199 | [cam_002] Thời gian xử lý frame 15.51ms
2026-07-02 10:29:52 | DEBUG    | yolo_service:199 | [cam_001] Thời gian xử lý frame 150.31ms
2026-07-02 10:29:52 | DEBUG    | yolo_service:199 | [cam_001] Thời gian xử lý frame 9.19ms
2026-07-02 10:29:52 | DEBUG    | yolo_service:199 | [cam_002] Thời gian xử lý frame 58.42ms
2026-07-02 10:29:52 | DEBUG    | yolo_service:199 | [cam_002] Thời gian xử lý frame 16.33ms
2026-07-02 10:29:52 | DEBUG    | yolo_service:199 | [cam_001] Thời gian xử lý frame 76.13ms
2026-07-02 10:29:52 | DEBUG    | yolo_service:199 | [cam_002] Thời gian xử lý frame 48.91ms
2026-07-02 10:29:52 | DEBUG    | yolo_service:199 | [cam_001] Thời gian xử lý frame 76.30ms
2026-07-02 10:29:52 | DEBUG    | yolo_service:199 | [cam_002] Thời gian xử lý frame 101.72ms
2026-07-02 10:29:52 | DEBUG    | yolo_service:199 | [cam_002] Thời gian xử lý frame 19.53ms
2026-07-02 10:29:52 | DEBUG    | yolo_service:199 | [cam_001] Thời gian xử lý frame 79.04ms
2026-07-02 10:29:52 | DEBUG    | yolo_service:199 | [cam_002] Thời gian xử lý frame 13.55ms
2026-07-02 10:29:52 | DEBUG    | yolo_service:199 | [cam_001] Thời gian xử lý frame 14.70ms
2026-07-02 10:29:52 | DEBUG    | yolo_service:199 | [cam_002] Thời gian xử lý frame 10.71ms
2026-07-02 10:29:52 | DEBUG    | yolo_service:199 | [cam_002] Thời gian xử lý frame 59.10ms
2026-07-02 10:29:52 | DEBUG    | yolo_service:199 | [cam_002] Thời gian xử lý frame 16.16ms
2026-07-02 10:29:52 | DEBUG    | yolo_service:199 | [cam_002] Thời gian xử lý frame 58.24ms
2026-07-02 10:29:52 | DEBUG    | yolo_service:199 | [cam_001] Thời gian xử lý frame 145.58ms
2026-07-02 10:29:52 | DEBUG    | yolo_service:199 | [cam_002] Thời gian xử lý frame 48.94ms
2026-07-02 10:29:52 | DEBUG    | yolo_service:199 | [cam_002] Thời gian xử lý frame 9.76ms
2026-07-02 10:29:52 | DEBUG    | yolo_service:199 | [cam_001] Thời gian xử lý frame 73.85ms
2026-07-02 10:29:52 | DEBUG    | yolo_service:199 | [cam_002] Thời gian xử lý frame 52.00ms
2026-07-02 10:29:52 | DEBUG    | yolo_service:199 | [cam_002] Thời gian xử lý frame 53.60ms
2026-07-02 10:29:52 | DEBUG    | yolo_service:199 | [cam_001] Thời gian xử lý frame 82.65ms
2026-07-02 10:29:52 | DEBUG    | yolo_service:199 | [cam_002] Thời gian xử lý frame 11.02ms
2026-07-02 10:29:52 | DEBUG    | yolo_service:199 | [cam_002] Thời gian xử lý frame 55.00ms
2026-07-02 10:29:52 | DEBUG    | yolo_service:199 | [cam_001] Thời gian xử lý frame 78.62ms
2026-07-02 10:29:53 | DEBUG    | yolo_service:199 | [cam_002] Thời gian xử lý frame 57.79ms
2026-07-02 10:29:53 | DEBUG    | yolo_service:199 | [cam_002] Thời gian xử lý frame 12.50ms
2026-07-02 10:29:53 | DEBUG    | yolo_service:199 | [cam_001] Thời gian xử lý frame 77.31ms
2026-07-02 10:29:53 | DEBUG    | yolo_service:199 | [cam_002] Thời gian xử lý frame 61.62ms
2026-07-02 10:29:53 | DEBUG    | yolo_service:199 | [cam_002] Thời gian xử lý frame 15.14ms
2026-07-02 10:29:53 | DEBUG    | yolo_service:199 | [cam_001] Thời gian xử lý frame 80.04ms
2026-07-02 10:29:53 | DEBUG    | yolo_service:199 | [cam_002] Thời gian xử lý frame 52.29ms
2026-07-02 10:29:53 | DEBUG    | yolo_service:199 | [cam_001] Thời gian xử lý frame 76.33ms
2026-07-02 10:29:53 | DEBUG    | yolo_service:199 | [cam_002] Thời gian xử lý frame 49.23ms
2026-07-02 10:29:53 | DEBUG    | yolo_service:199 | [cam_002] Thời gian xử lý frame 53.10ms
2026-07-02 10:29:53 | DEBUG    | yolo_service:199 | [cam_001] Thời gian xử lý frame 77.46ms
2026-07-02 10:29:53 | DEBUG    | yolo_service:199 | [cam_002] Thời gian xử lý frame 54.29ms
2026-07-02 10:29:53 | DEBUG    | yolo_service:199 | [cam_001] Thời gian xử lý frame 80.19ms
2026-07-02 10:29:53 | DEBUG    | yolo_service:199 | [cam_001] Thời gian xử lý frame 12.19ms
2026-07-02 10:29:53 | DEBUG    | yolo_service:199 | [cam_002] Thời gian xử lý frame 58.15ms
2026-07-02 10:29:53 | DEBUG    | yolo_service:199 | [cam_002] Thời gian xử lý frame 51.11ms
2026-07-02 10:29:53 | DEBUG    | yolo_service:199 | [cam_002] Thời gian xử lý frame 53.48ms
2026-07-02 10:29:53 | DEBUG    | yolo_service:199 | [cam_001] Thời gian xử lý frame 149.64ms
2026-07-02 10:29:53 | DEBUG    | yolo_service:199 | [cam_002] Thời gian xử lý frame 51.48ms
2026-07-02 10:29:53 | DEBUG    | yolo_service:199 | [cam_002] Thời gian xử lý frame 56.25ms
2026-07-02 10:29:53 | DEBUG    | yolo_service:199 | [cam_001] Thời gian xử lý frame 83.82ms
2026-07-02 10:29:53 | DEBUG    | yolo_service:199 | [cam_002] Thời gian xử lý frame 54.99ms
2026-07-02 10:29:53 | DEBUG    | yolo_service:199 | [cam_002] Thời gian xử lý frame 9.81ms
2026-07-02 10:29:53 | DEBUG    | yolo_service:199 | [cam_001] Thời gian xử lý frame 74.23ms
2026-07-02 10:29:53 | DEBUG    | yolo_service:199 | [cam_002] Thời gian xử lý frame 51.30ms
2026-07-02 10:29:53 | DEBUG    | yolo_service:199 | [cam_002] Thời gian xử lý frame 49.73ms
2026-07-02 10:29:53 | DEBUG    | yolo_service:199 | [cam_001] Thời gian xử lý frame 81.87ms
2026-07-02 10:29:53 | DEBUG    | yolo_service:199 | [cam_001] Thời gian xử lý frame 17.98ms
2026-07-02 10:29:53 | DEBUG    | yolo_service:199 | [cam_002] Thời gian xử lý frame 49.31ms
2026-07-02 10:29:53 | DEBUG    | yolo_service:199 | [cam_002] Thời gian xử lý frame 48.77ms
2026-07-02 10:29:53 | DEBUG    | yolo_service:199 | [cam_002] Thời gian xử lý frame 50.96ms
2026-07-02 10:29:53 | DEBUG    | yolo_service:199 | [cam_001] Thời gian xử lý frame 147.80ms
2026-07-02 10:29:53 | DEBUG    | yolo_service:199 | [cam_002] Thời gian xử lý frame 53.89ms
2026-07-02 10:29:53 | DEBUG    | yolo_service:199 | [cam_002] Thời gian xử lý frame 9.80ms
2026-07-02 10:29:54 | DEBUG    | yolo_service:199 | [cam_001] Thời gian xử lý frame 77.94ms
2026-07-02 10:29:54 | DEBUG    | yolo_service:199 | [cam_002] Thời gian xử lý frame 60.90ms
2026-07-02 10:29:54 | DEBUG    | yolo_service:199 | [cam_001] Thời gian xử lý frame 85.94ms
2026-07-02 10:29:54 | DEBUG    | yolo_service:199 | [cam_002] Thời gian xử lý frame 67.45ms
2026-07-02 10:29:54 | DEBUG    | yolo_service:199 | [cam_002] Thời gian xử lý frame 51.90ms
2026-07-02 10:29:54 | DEBUG    | yolo_service:199 | [cam_001] Thời gian xử lý frame 78.89ms
2026-07-02 10:29:54 | DEBUG    | yolo_service:199 | [cam_001] Thời gian xử lý frame 9.61ms
2026-07-02 10:29:54 | DEBUG    | yolo_service:199 | [cam_002] Thời gian xử lý frame 56.94ms
2026-07-02 10:29:54 | DEBUG    | yolo_service:199 | [cam_002] Thời gian xử lý frame 17.15ms
2026-07-02 10:29:54 | DEBUG    | yolo_service:199 | [cam_002] Thời gian xử lý frame 52.43ms
2026-07-02 10:29:54 | DEBUG    | yolo_service:199 | [cam_002] Thời gian xử lý frame 11.97ms
2026-07-02 10:29:54 | DEBUG    | yolo_service:199 | [cam_001] Thời gian xử lý frame 142.30ms
2026-07-02 10:29:54 | DEBUG    | yolo_service:199 | [cam_002] Thời gian xử lý frame 55.84ms
2026-07-02 10:29:54 | DEBUG    | yolo_service:199 | [cam_002] Thời gian xử lý frame 16.23ms
2026-07-02 10:29:54 | DEBUG    | yolo_service:199 | [cam_001] Thời gian xử lý frame 82.58ms
2026-07-02 10:29:54 | DEBUG    | yolo_service:199 | [cam_002] Thời gian xử lý frame 54.51ms
2026-07-02 10:29:54 | DEBUG    | yolo_service:199 | [cam_002] Thời gian xử lý frame 51.44ms
2026-07-02 10:29:54 | DEBUG    | yolo_service:199 | [cam_001] Thời gian xử lý frame 78.06ms
2026-07-02 10:29:54 | DEBUG    | yolo_service:199 | [cam_002] Thời gian xử lý frame 51.34ms
2026-07-02 10:29:54 | DEBUG    | yolo_service:199 | [cam_002] Thời gian xử lý frame 12.12ms
2026-07-02 10:29:54 | DEBUG    | yolo_service:199 | [cam_001] Thời gian xử lý frame 76.79ms
2026-07-02 10:29:54 | DEBUG    | yolo_service:199 | [cam_002] Thời gian xử lý frame 54.02ms
2026-07-02 10:29:54 | DEBUG    | yolo_service:199 | [cam_002] Thời gian xử lý frame 56.82ms
2026-07-02 10:29:54 | DEBUG    | yolo_service:199 | [cam_002] Thời gian xử lý frame 66.29ms
2026-07-02 10:29:54 | DEBUG    | yolo_service:199 | [cam_001] Thời gian xử lý frame 156.41ms
2026-07-02 10:29:54 | DEBUG    | yolo_service:199 | [cam_001] Thời gian xử lý frame 20.12ms
2026-07-02 10:29:54 | DEBUG    | yolo_service:199 | [cam_002] Thời gian xử lý frame 26.06ms
2026-07-02 10:29:54 | DEBUG    | yolo_service:199 | [cam_002] Thời gian xử lý frame 59.84ms
2026-07-02 10:29:54 | DEBUG    | yolo_service:199 | [cam_002] Thời gian xử lý frame 20.52ms
2026-07-02 10:29:54 | DEBUG    | yolo_service:199 | [cam_001] Thời gian xử lý frame 85.40ms
2026-07-02 10:29:54 | DEBUG    | yolo_service:199 | [cam_002] Thời gian xử lý frame 56.72ms
2026-07-02 10:29:54 | DEBUG    | yolo_service:199 | [cam_002] Thời gian xử lý frame 17.42ms
2026-07-02 10:29:54 | DEBUG    | yolo_service:199 | [cam_001] Thời gian xử lý frame 83.48ms
2026-07-02 10:29:54 | DEBUG    | yolo_service:199 | [cam_001] Thời gian xử lý frame 10.91ms
2026-07-02 10:29:54 | DEBUG    | yolo_service:199 | [cam_002] Thời gian xử lý frame 57.72ms
2026-07-02 10:29:55 | DEBUG    | yolo_service:199 | [cam_001] Thời gian xử lý frame 77.54ms
2026-07-02 10:29:55 | DEBUG    | yolo_service:199 | [cam_002] Thời gian xử lý frame 56.65ms
2026-07-02 10:29:55 | DEBUG    | yolo_service:199 | [cam_002] Thời gian xử lý frame 57.45ms
2026-07-02 10:29:55 | DEBUG    | yolo_service:199 | [cam_002] Thời gian xử lý frame 52.88ms
2026-07-02 10:29:55 | DEBUG    | yolo_service:199 | [cam_001] Thời gian xử lý frame 144.58ms
2026-07-02 10:29:55 | DEBUG    | yolo_service:199 | [cam_001] Thời gian xử lý frame 14.38ms
2026-07-02 10:29:55 | DEBUG    | yolo_service:199 | [cam_002] Thời gian xử lý frame 51.52ms
2026-07-02 10:29:55 | DEBUG    | yolo_service:199 | [cam_002] Thời gian xử lý frame 58.43ms
2026-07-02 10:29:55 | DEBUG    | yolo_service:199 | [cam_002] Thời gian xử lý frame 13.13ms
2026-07-02 10:29:55 | DEBUG    | yolo_service:199 | [cam_001] Thời gian xử lý frame 157.82ms
2026-07-02 10:29:55 | DEBUG    | yolo_service:199 | [cam_002] Thời gian xử lý frame 65.04ms
2026-07-02 10:29:55 | DEBUG    | yolo_service:199 | [cam_001] Thời gian xử lý frame 21.09ms
2026-07-02 10:29:55 | DEBUG    | yolo_service:199 | [cam_002] Thời gian xử lý frame 20.77ms
2026-07-02 10:29:55 | DEBUG    | yolo_service:199 | [cam_002] Thời gian xử lý frame 53.07ms
2026-07-02 10:29:55 | DEBUG    | yolo_service:199 | [cam_001] Thời gian xử lý frame 81.82ms
2026-07-02 10:29:55 | DEBUG    | yolo_service:199 | [cam_002] Thời gian xử lý frame 53.79ms
2026-07-02 10:29:55 | DEBUG    | yolo_service:199 | [cam_001] Thời gian xử lý frame 95.76ms
2026-07-02 10:29:55 | DEBUG    | yolo_service:199 | [cam_002] Thời gian xử lý frame 71.75ms
2026-07-02 10:29:55 | DEBUG    | yolo_service:199 | [cam_002] Thời gian xử lý frame 18.40ms
2026-07-02 10:29:55 | DEBUG    | yolo_service:199 | [cam_002] Thời gian xử lý frame 17.30ms
2026-07-02 10:29:55 | DEBUG    | yolo_service:199 | [cam_002] Thời gian xử lý frame 12.95ms
2026-07-02 10:29:55 | DEBUG    | yolo_service:199 | [cam_001] Thời gian xử lý frame 78.40ms
2026-07-02 10:29:55 | DEBUG    | yolo_service:199 | [cam_002] Thời gian xử lý frame 57.91ms
2026-07-02 10:29:55 | DEBUG    | yolo_service:199 | [cam_001] Thời gian xử lý frame 78.67ms
2026-07-02 10:29:55 | DEBUG    | yolo_service:199 | [cam_002] Thời gian xử lý frame 62.33ms
2026-07-02 10:29:55 | DEBUG    | yolo_service:199 | [cam_002] Thời gian xử lý frame 17.09ms
2026-07-02 10:29:55 | DEBUG    | yolo_service:199 | [cam_001] Thời gian xử lý frame 80.02ms
2026-07-02 10:29:55 | DEBUG    | yolo_service:199 | [cam_002] Thời gian xử lý frame 64.45ms
2026-07-02 10:29:55 | DEBUG    | yolo_service:199 | [cam_001] Thời gian xử lý frame 20.81ms
2026-07-02 10:29:55 | DEBUG    | yolo_service:199 | [cam_002] Thời gian xử lý frame 16.26ms
2026-07-02 10:29:55 | DEBUG    | yolo_service:199 | [cam_002] Thời gian xử lý frame 12.16ms
2026-07-02 10:29:55 | DEBUG    | yolo_service:199 | [cam_001] Thời gian xử lý frame 87.83ms
2026-07-02 10:29:55 | DEBUG    | yolo_service:199 | [cam_002] Thời gian xử lý frame 64.93ms
2026-07-02 10:29:55 | DEBUG    | yolo_service:199 | [cam_002] Thời gian xử lý frame 63.75ms
2026-07-02 10:29:56 | DEBUG    | yolo_service:199 | [cam_001] Thời gian xử lý frame 99.18ms
2026-07-02 10:29:56 | DEBUG    | yolo_service:199 | [cam_002] Thời gian xử lý frame 36.45ms
2026-07-02 10:29:56 | DEBUG    | yolo_service:199 | [cam_001] Thời gian xử lý frame 17.76ms
2026-07-02 10:29:56 | DEBUG    | yolo_service:199 | [cam_002] Thời gian xử lý frame 19.68ms
2026-07-02 10:29:56 | DEBUG    | yolo_service:199 | [cam_002] Thời gian xử lý frame 14.02ms
2026-07-02 10:29:56 | DEBUG    | yolo_service:199 | [cam_001] Thời gian xử lý frame 108.12ms
2026-07-02 10:29:56 | DEBUG    | yolo_service:199 | [cam_002] Thời gian xử lý frame 89.95ms
2026-07-02 10:29:56 | DEBUG    | yolo_service:199 | [cam_002] Thời gian xử lý frame 21.49ms
2026-07-02 10:29:56 | DEBUG    | yolo_service:199 | [cam_001] Thời gian xử lý frame 385.62ms
2026-07-02 10:29:56 | DEBUG    | yolo_service:199 | [cam_002] Thời gian xử lý frame 363.48ms
2026-07-02 10:29:56 | DEBUG    | yolo_service:199 | [cam_001] Thời gian xử lý frame 21.21ms
2026-07-02 10:29:56 | DEBUG    | yolo_service:199 | [cam_002] Thời gian xử lý frame 23.42ms
2026-07-02 10:29:56 | DEBUG    | yolo_service:199 | [cam_002] Thời gian xử lý frame 68.13ms
2026-07-02 10:29:56 | DEBUG    | yolo_service:199 | [cam_001] Thời gian xử lý frame 93.98ms
2026-07-02 10:29:56 | DEBUG    | yolo_service:199 | [cam_002] Thời gian xử lý frame 24.51ms
2026-07-02 10:29:56 | DEBUG    | yolo_service:199 | [cam_002] Thời gian xử lý frame 20.17ms
2026-07-02 10:29:56 | DEBUG    | yolo_service:199 | [cam_001] Thời gian xử lý frame 84.31ms
2026-07-02 10:29:56 | DEBUG    | yolo_service:199 | [cam_002] Thời gian xử lý frame 56.14ms
2026-07-02 10:29:56 | DEBUG    | yolo_service:199 | [cam_002] Thời gian xử lý frame 13.32ms
2026-07-02 10:29:56 | DEBUG    | yolo_service:199 | [cam_001] Thời gian xử lý frame 82.04ms
2026-07-02 10:29:56 | DEBUG    | yolo_service:199 | [cam_002] Thời gian xử lý frame 70.93ms
2026-07-02 10:29:56 | DEBUG    | yolo_service:199 | [cam_002] Thời gian xử lý frame 11.49ms
2026-07-02 10:29:56 | DEBUG    | yolo_service:199 | [cam_002] Thời gian xử lý frame 57.43ms
2026-07-02 10:29:56 | DEBUG    | yolo_service:199 | [cam_002] Thời gian xử lý frame 28.01ms
2026-07-02 10:29:56 | DEBUG    | yolo_service:199 | [cam_001] Thời gian xử lý frame 149.81ms
2026-07-02 10:29:56 | DEBUG    | yolo_service:199 | [cam_002] Thời gian xử lý frame 55.24ms
2026-07-02 10:29:56 | DEBUG    | yolo_service:199 | [cam_002] Thời gian xử lý frame 14.23ms
2026-07-02 10:29:57 | DEBUG    | yolo_service:199 | [cam_001] Thời gian xử lý frame 93.24ms
2026-07-02 10:29:57 | DEBUG    | yolo_service:199 | [cam_002] Thời gian xử lý frame 104.69ms
2026-07-02 10:29:57 | DEBUG    | yolo_service:199 | [cam_002] Thời gian xử lý frame 19.06ms
2026-07-02 10:29:57 | DEBUG    | yolo_service:199 | [cam_001] Thời gian xử lý frame 84.38ms
2026-07-02 10:29:57 | DEBUG    | yolo_service:199 | [cam_002] Thời gian xử lý frame 79.70ms
2026-07-02 10:29:57 | DEBUG    | yolo_service:199 | [cam_002] Thời gian xử lý frame 20.94ms
2026-07-02 10:29:57 | DEBUG    | yolo_service:199 | [cam_001] Thời gian xử lý frame 87.63ms
2026-07-02 10:29:57 | DEBUG    | yolo_service:199 | [cam_002] Thời gian xử lý frame 18.13ms
2026-07-02 10:29:57 | DEBUG    | yolo_service:199 | [cam_002] Thời gian xử lý frame 13.86ms
2026-07-02 10:29:57 | DEBUG    | yolo_service:199 | [cam_002] Thời gian xử lý frame 59.18ms
2026-07-02 10:29:57 | DEBUG    | yolo_service:199 | [cam_002] Thời gian xử lý frame 54.55ms
2026-07-02 10:29:57 | DEBUG    | yolo_service:199 | [cam_001] Thời gian xử lý frame 147.14ms
2026-07-02 10:29:57 | DEBUG    | yolo_service:199 | [cam_002] Thời gian xử lý frame 16.13ms
2026-07-02 10:29:57 | DEBUG    | yolo_service:199 | [cam_002] Thời gian xử lý frame 55.90ms
2026-07-02 10:29:57 | DEBUG    | yolo_service:199 | [cam_002] Thời gian xử lý frame 16.52ms
2026-07-02 10:29:57 | DEBUG    | yolo_service:199 | [cam_001] Thời gian xử lý frame 76.13ms
2026-07-02 10:29:57 | DEBUG    | yolo_service:199 | [cam_002] Thời gian xử lý frame 51.84ms
2026-07-02 10:29:57 | DEBUG    | yolo_service:199 | [cam_001] Thời gian xử lý frame 87.60ms
2026-07-02 10:29:57 | DEBUG    | yolo_service:199 | [cam_002] Thời gian xử lý frame 104.74ms
2026-07-02 10:29:57 | DEBUG    | yolo_service:199 | [cam_001] Thời gian xử lý frame 79.95ms
2026-07-02 10:29:57 | DEBUG    | yolo_service:199 | [cam_002] Thời gian xử lý frame 17.16ms
2026-07-02 10:29:57 | DEBUG    | yolo_service:199 | [cam_002] Thời gian xử lý frame 50.42ms
2026-07-02 10:29:57 | DEBUG    | yolo_service:199 | [cam_002] Thời gian xử lý frame 9.70ms
2026-07-02 10:29:57 | DEBUG    | yolo_service:199 | [cam_001] Thời gian xử lý frame 78.62ms
2026-07-02 10:29:57 | DEBUG    | yolo_service:199 | [cam_002] Thời gian xử lý frame 60.31ms
2026-07-02 10:29:57 | DEBUG    | yolo_service:199 | [cam_001] Thời gian xử lý frame 74.47ms
2026-07-02 10:29:57 | DEBUG    | yolo_service:199 | [cam_002] Thời gian xử lý frame 52.25ms
2026-07-02 10:29:57 | DEBUG    | yolo_service:199 | [cam_001] Thời gian xử lý frame 76.47ms
2026-07-02 10:29:57 | DEBUG    | yolo_service:199 | [cam_002] Thời gian xử lý frame 93.31ms
2026-07-02 10:29:57 | DEBUG    | yolo_service:199 | [cam_001] Thời gian xử lý frame 83.17ms
2026-07-02 10:29:57 | DEBUG    | yolo_service:199 | [cam_002] Thời gian xử lý frame 51.47ms
2026-07-02 10:29:57 | DEBUG    | yolo_service:199 | [cam_001] Thời gian xử lý frame 19.80ms
2026-07-02 10:29:57 | DEBUG    | yolo_service:199 | [cam_002] Thời gian xử lý frame 51.92ms
2026-07-02 10:29:58 | DEBUG    | yolo_service:199 | [cam_002] Thời gian xử lý frame 12.13ms
2026-07-02 10:29:58 | DEBUG    | yolo_service:199 | [cam_001] Thời gian xử lý frame 77.71ms
2026-07-02 10:29:58 | DEBUG    | yolo_service:199 | [cam_002] Thời gian xử lý frame 55.99ms
2026-07-02 10:29:58 | DEBUG    | yolo_service:199 | [cam_001] Thời gian xử lý frame 82.71ms
2026-07-02 10:29:58 | DEBUG    | yolo_service:199 | [cam_002] Thời gian xử lý frame 54.49ms
2026-07-02 10:29:58 | DEBUG    | yolo_service:199 | [cam_002] Thời gian xử lý frame 11.93ms
2026-07-02 10:29:58 | DEBUG    | heartbeat_service:58 | 💓 Nhịp tim gửi Master: {'server_id': 'SV_004', 'cpu_usage': 54.1, 'has_gpu': True, 'gpu_usage': 0, 'vram_free_gb': 3.47, 'max_cam': 2}
2026-07-02 10:29:58 | DEBUG    | connectionpool:241 | Starting new HTTP connection (1): 10.40.91.11:5000
2026-07-02 10:29:58 | DEBUG    | connectionpool:544 | http://10.40.91.11:5000 "POST /api/heartbeat HTTP/1.1" 200 68
2026-07-02 10:29:58 | DEBUG    | yolo_service:199 | [cam_002] Thời gian xử lý frame 50.54ms
2026-07-02 10:29:58 | DEBUG    | yolo_service:199 | [cam_001] Thời gian xử lý frame 78.36ms
2026-07-02 10:29:58 | DEBUG    | yolo_service:199 | [cam_002] Thời gian xử lý frame 52.05ms
2026-07-02 10:29:58 | DEBUG    | yolo_service:199 | [cam_002] Thời gian xử lý frame 59.68ms
2026-07-02 10:29:58 | DEBUG    | yolo_service:199 | [cam_001] Thời gian xử lý frame 164.12ms
2026-07-02 10:29:58 | DEBUG    | yolo_service:199 | [cam_002] Thời gian xử lý frame 67.77ms
2026-07-02 10:29:58 | DEBUG    | yolo_service:199 | [cam_002] Thời gian xử lý frame 19.33ms
2026-07-02 10:29:58 | DEBUG    | yolo_service:199 | [cam_002] Thời gian xử lý frame 14.62ms
2026-07-02 10:29:58 | DEBUG    | yolo_service:199 | [cam_001] Thời gian xử lý frame 78.92ms
2026-07-02 10:29:58 | DEBUG    | yolo_service:199 | [cam_002] Thời gian xử lý frame 53.12ms
2026-07-02 10:29:58 | DEBUG    | yolo_service:199 | [cam_001] Thời gian xử lý frame 79.17ms
2026-07-02 10:29:58 | DEBUG    | yolo_service:199 | [cam_002] Thời gian xử lý frame 108.09ms
2026-07-02 10:29:58 | DEBUG    | yolo_service:199 | [cam_002] Thời gian xử lý frame 30.42ms
2026-07-02 10:29:58 | DEBUG    | yolo_service:199 | [cam_001] Thời gian xử lý frame 86.18ms
2026-07-02 10:29:58 | DEBUG    | yolo_service:199 | [cam_002] Thời gian xử lý frame 18.06ms
2026-07-02 10:29:58 | DEBUG    | yolo_service:199 | [cam_002] Thời gian xử lý frame 19.30ms
2026-07-02 10:29:58 | DEBUG    | yolo_service:199 | [cam_002] Thời gian xử lý frame 49.92ms
2026-07-02 10:29:58 | DEBUG    | yolo_service:199 | [cam_002] Thời gian xử lý frame 50.46ms
2026-07-02 10:29:58 | DEBUG    | yolo_service:199 | [cam_001] Thời gian xử lý frame 146.29ms
2026-07-02 10:29:58 | DEBUG    | yolo_service:199 | [cam_002] Thời gian xử lý frame 65.07ms
2026-07-02 10:29:58 | DEBUG    | yolo_service:199 | [cam_002] Thời gian xử lý frame 10.60ms
2026-07-02 10:29:58 | DEBUG    | yolo_service:199 | [cam_001] Thời gian xử lý frame 90.11ms
2026-07-02 10:29:58 | DEBUG    | yolo_service:199 | [cam_002] Thời gian xử lý frame 52.83ms
2026-07-02 10:29:58 | DEBUG    | yolo_service:199 | [cam_002] Thời gian xử lý frame 66.38ms
2026-07-02 10:29:58 | DEBUG    | yolo_service:199 | [cam_001] Thời gian xử lý frame 89.25ms
2026-07-02 10:29:58 | DEBUG    | yolo_service:199 | [cam_002] Thời gian xử lý frame 18.03ms
2026-07-02 10:29:59 | DEBUG    | yolo_service:199 | [cam_002] Thời gian xử lý frame 54.28ms
2026-07-02 10:29:59 | DEBUG    | yolo_service:199 | [cam_001] Thời gian xử lý frame 85.21ms
2026-07-02 10:29:59 | DEBUG    | yolo_service:199 | [cam_002] Thời gian xử lý frame 18.75ms
2026-07-02 10:29:59 | DEBUG    | yolo_service:199 | [cam_002] Thời gian xử lý frame 53.99ms
2026-07-02 10:29:59 | DEBUG    | yolo_service:199 | [cam_002] Thời gian xử lý frame 17.18ms
2026-07-02 10:29:59 | DEBUG    | yolo_service:199 | [cam_001] Thời gian xử lý frame 80.20ms
2026-07-02 10:29:59 | DEBUG    | yolo_service:199 | [cam_002] Thời gian xử lý frame 55.06ms
2026-07-02 10:29:59 | DEBUG    | yolo_service:199 | [cam_001] Thời gian xử lý frame 75.72ms
2026-07-02 10:29:59 | DEBUG    | yolo_service:199 | [cam_002] Thời gian xử lý frame 51.33ms
2026-07-02 10:29:59 | DEBUG    | yolo_service:199 | [cam_002] Thời gian xử lý frame 12.65ms
2026-07-02 10:29:59 | DEBUG    | yolo_service:199 | [cam_001] Thời gian xử lý frame 80.60ms
2026-07-02 10:29:59 | DEBUG    | yolo_service:199 | [cam_002] Thời gian xử lý frame 67.26ms
2026-07-02 10:29:59 | DEBUG    | yolo_service:199 | [cam_002] Thời gian xử lý frame 30.40ms
2026-07-02 10:29:59 | DEBUG    | yolo_service:199 | [cam_002] Thời gian xử lý frame 15.08ms
2026-07-02 10:29:59 | DEBUG    | yolo_service:199 | [cam_001] Thời gian xử lý frame 84.10ms
2026-07-02 10:29:59 | DEBUG    | yolo_service:199 | [cam_001] Thời gian xử lý frame 10.97ms
2026-07-02 10:29:59 | DEBUG    | yolo_service:199 | [cam_002] Thời gian xử lý frame 55.45ms
2026-07-02 10:29:59 | DEBUG    | yolo_service:199 | [cam_002] Thời gian xử lý frame 14.38ms
2026-07-02 10:29:59 | DEBUG    | yolo_service:199 | [cam_001] Thời gian xử lý frame 84.05ms
2026-07-02 10:29:59 | DEBUG    | yolo_service:199 | [cam_002] Thời gian xử lý frame 50.53ms
2026-07-02 10:29:59 | DEBUG    | yolo_service:199 | [cam_001] Thời gian xử lý frame 80.32ms
2026-07-02 10:29:59 | DEBUG    | yolo_service:199 | [cam_002] Thời gian xử lý frame 96.18ms
2026-07-02 10:29:59 | DEBUG    | yolo_service:199 | [cam_002] Thời gian xử lý frame 12.33ms
2026-07-02 10:29:59 | DEBUG    | yolo_service:199 | [cam_002] Thời gian xử lý frame 17.66ms
2026-07-02 10:29:59 | DEBUG    | yolo_service:199 | [cam_002] Thời gian xử lý frame 21.83ms
2026-07-02 10:29:59 | DEBUG    | yolo_service:199 | [cam_001] Thời gian xử lý frame 88.67ms
2026-07-02 10:29:59 | DEBUG    | yolo_service:199 | [cam_002] Thời gian xử lý frame 52.52ms
2026-07-02 10:29:59 | DEBUG    | yolo_service:199 | [cam_001] Thời gian xử lý frame 90.54ms
2026-07-02 10:29:59 | DEBUG    | yolo_service:199 | [cam_002] Thời gian xử lý frame 83.04ms
2026-07-02 10:29:59 | DEBUG    | yolo_service:199 | [cam_002] Thời gian xử lý frame 21.05ms
2026-07-02 10:30:00 | DEBUG    | yolo_service:199 | [cam_002] Thời gian xử lý frame 349.55ms
2026-07-02 10:30:00 | DEBUG    | yolo_service:199 | [cam_001] Thời gian xử lý frame 430.04ms
2026-07-02 10:30:00 | DEBUG    | yolo_service:199 | [cam_002] Thời gian xử lý frame 13.57ms
2026-07-02 10:30:00 | DEBUG    | yolo_service:199 | [cam_001] Thời gian xử lý frame 21.94ms
2026-07-02 10:30:00 | DEBUG    | yolo_service:199 | [cam_001] Thời gian xử lý frame 17.65ms
2026-07-02 10:30:00 | DEBUG    | yolo_service:199 | [cam_002] Thời gian xử lý frame 55.07ms
2026-07-02 10:30:00 | DEBUG    | yolo_service:199 | [cam_002] Thời gian xử lý frame 52.44ms
2026-07-02 10:30:00 | DEBUG    | yolo_service:199 | [cam_001] Thời gian xử lý frame 94.65ms
2026-07-02 10:30:00 | DEBUG    | yolo_service:199 | [cam_002] Thời gian xử lý frame 50.95ms
2026-07-02 10:30:00 | DEBUG    | yolo_service:199 | [cam_002] Thời gian xử lý frame 53.07ms
2026-07-02 10:30:00 | DEBUG    | yolo_service:199 | [cam_002] Thời gian xử lý frame 9.53ms
2026-07-02 10:30:00 | DEBUG    | yolo_service:199 | [cam_001] Thời gian xử lý frame 113.54ms
2026-07-02 10:30:00 | DEBUG    | yolo_service:199 | [cam_001] Thời gian xử lý frame 8.80ms
2026-07-02 10:30:00 | DEBUG    | yolo_service:199 | [cam_002] Thời gian xử lý frame 49.98ms
2026-07-02 10:30:00 | DEBUG    | yolo_service:199 | [cam_002] Thời gian xử lý frame 61.43ms
2026-07-02 10:30:00 | DEBUG    | yolo_service:199 | [cam_002] Thời gian xử lý frame 57.30ms
2026-07-02 10:30:00 | DEBUG    | yolo_service:199 | [cam_001] Thời gian xử lý frame 149.53ms
2026-07-02 10:30:00 | INFO     | gallery:233 | REID: thêm dáng vẻ mới cho global_id=0 (2/3 slot)
2026-07-02 10:30:00 | DEBUG    | yolo_service:199 | [cam_001] Thời gian xử lý frame 31.97ms
2026-07-02 10:30:00 | DEBUG    | yolo_service:199 | [cam_002] Thời gian xử lý frame 66.60ms
2026-07-02 10:30:00 | DEBUG    | yolo_service:199 | [cam_002] Thời gian xử lý frame 16.89ms
2026-07-02 10:30:00 | DEBUG    | yolo_service:199 | [cam_002] Thời gian xử lý frame 20.30ms
2026-07-02 10:30:00 | DEBUG    | yolo_service:199 | [cam_002] Thời gian xử lý frame 22.31ms
2026-07-02 10:30:00 | DEBUG    | yolo_service:199 | [cam_001] Thời gian xử lý frame 108.08ms
2026-07-02 10:30:00 | DEBUG    | yolo_service:199 | [cam_002] Thời gian xử lý frame 66.13ms
2026-07-02 10:30:00 | DEBUG    | yolo_service:199 | [cam_001] Thời gian xử lý frame 60.07ms
2026-07-02 10:30:00 | DEBUG    | yolo_service:199 | [cam_002] Thời gian xử lý frame 23.70ms
2026-07-02 10:30:00 | DEBUG    | yolo_service:199 | [cam_001] Thời gian xử lý frame 9.20ms
2026-07-02 10:30:00 | DEBUG    | yolo_service:199 | [cam_002] Thời gian xử lý frame 11.29ms
2026-07-02 10:30:00 | DEBUG    | yolo_service:199 | [cam_002] Thời gian xử lý frame 53.88ms
2026-07-02 10:30:00 | DEBUG    | yolo_service:199 | [cam_001] Thời gian xử lý frame 79.95ms
2026-07-02 10:30:00 | DEBUG    | yolo_service:199 | [cam_002] Thời gian xử lý frame 54.21ms
2026-07-02 10:30:00 | DEBUG    | yolo_service:199 | [cam_002] Thời gian xử lý frame 19.78ms
2026-07-02 10:30:00 | DEBUG    | yolo_service:199 | [cam_001] Thời gian xử lý frame 75.89ms
2026-07-02 10:30:00 | DEBUG    | yolo_service:199 | [cam_002] Thời gian xử lý frame 53.69ms
2026-07-02 10:30:01 | DEBUG    | yolo_service:199 | [cam_001] Thời gian xử lý frame 86.41ms
2026-07-02 10:30:01 | DEBUG    | yolo_service:199 | [cam_002] Thời gian xử lý frame 56.83ms
2026-07-02 10:30:01 | DEBUG    | yolo_service:199 | [cam_001] Thời gian xử lý frame 13.99ms
2026-07-02 10:30:01 | DEBUG    | yolo_service:199 | [cam_002] Thời gian xử lý frame 17.14ms
2026-07-02 10:30:01 | DEBUG    | yolo_service:199 | [cam_002] Thời gian xử lý frame 10.19ms
2026-07-02 10:30:01 | DEBUG    | yolo_service:199 | [cam_002] Thời gian xử lý frame 51.23ms
2026-07-02 10:30:01 | DEBUG    | yolo_service:199 | [cam_002] Thời gian xử lý frame 53.49ms
2026-07-02 10:30:01 | DEBUG    | yolo_service:199 | [cam_001] Thời gian xử lý frame 145.09ms
2026-07-02 10:30:01 | DEBUG    | yolo_service:199 | [cam_002] Thời gian xử lý frame 52.29ms
2026-07-02 10:30:01 | DEBUG    | yolo_service:199 | [cam_001] Thời gian xử lý frame 76.57ms
2026-07-02 10:30:01 | DEBUG    | yolo_service:199 | [cam_002] Thời gian xử lý frame 53.00ms
2026-07-02 10:30:01 | DEBUG    | yolo_service:199 | [cam_002] Thời gian xử lý frame 49.59ms
2026-07-02 10:30:01 | DEBUG    | yolo_service:199 | [cam_002] Thời gian xử lý frame 11.59ms
2026-07-02 10:30:01 | DEBUG    | yolo_service:199 | [cam_001] Thời gian xử lý frame 76.41ms
2026-07-02 10:30:01 | DEBUG    | yolo_service:199 | [cam_002] Thời gian xử lý frame 49.57ms
2026-07-02 10:30:01 | DEBUG    | yolo_service:199 | [cam_001] Thời gian xử lý frame 86.60ms
2026-07-02 10:30:01 | DEBUG    | yolo_service:199 | [cam_001] Thời gian xử lý frame 12.48ms
2026-07-02 10:30:01 | DEBUG    | yolo_service:199 | [cam_002] Thời gian xử lý frame 92.54ms
2026-07-02 10:30:01 | DEBUG    | yolo_service:199 | [cam_002] Thời gian xử lý frame 49.22ms
2026-07-02 10:30:01 | DEBUG    | yolo_service:199 | [cam_001] Thời gian xử lý frame 154.87ms
2026-07-02 10:30:01 | DEBUG    | yolo_service:199 | [cam_002] Thời gian xử lý frame 101.85ms
2026-07-02 10:30:01 | DEBUG    | yolo_service:199 | [cam_002] Thời gian xử lý frame 51.51ms
2026-07-02 10:30:01 | DEBUG    | yolo_service:199 | [cam_001] Thời gian xử lý frame 87.45ms
2026-07-02 10:30:01 | DEBUG    | yolo_service:199 | [cam_002] Thời gian xử lý frame 53.07ms
2026-07-02 10:30:01 | DEBUG    | yolo_service:199 | [cam_001] Thời gian xử lý frame 79.71ms
2026-07-02 10:30:01 | DEBUG    | yolo_service:199 | [cam_001] Thời gian xử lý frame 10.29ms
2026-07-02 10:30:01 | DEBUG    | yolo_service:199 | [cam_002] Thời gian xử lý frame 54.35ms
2026-07-02 10:30:01 | DEBUG    | yolo_service:199 | [cam_002] Thời gian xử lý frame 47.28ms
2026-07-02 10:30:01 | DEBUG    | yolo_service:199 | [cam_001] Thời gian xử lý frame 77.33ms
2026-07-02 10:30:01 | DEBUG    | yolo_service:199 | [cam_002] Thời gian xử lý frame 56.89ms
2026-07-02 10:30:01 | DEBUG    | yolo_service:199 | [cam_001] Thời gian xử lý frame 80.94ms
2026-07-02 10:30:01 | DEBUG    | yolo_service:199 | [cam_002] Thời gian xử lý frame 49.41ms
2026-07-02 10:30:01 | DEBUG    | yolo_service:199 | [cam_002] Thời gian xử lý frame 52.85ms
2026-07-02 10:30:01 | DEBUG    | yolo_service:199 | [cam_001] Thời gian xử lý frame 78.10ms
2026-07-02 10:30:02 | DEBUG    | yolo_service:199 | [cam_002] Thời gian xử lý frame 53.16ms
2026-07-02 10:30:02 | DEBUG    | yolo_service:199 | [cam_002] Thời gian xử lý frame 10.53ms
2026-07-02 10:30:02 | DEBUG    | yolo_service:199 | [cam_002] Thời gian xử lý frame 49.64ms
2026-07-02 10:30:02 | DEBUG    | yolo_service:199 | [cam_001] Thời gian xử lý frame 154.44ms
2026-07-02 10:30:02 | DEBUG    | yolo_service:199 | [cam_001] Thời gian xử lý frame 12.96ms
2026-07-02 10:30:02 | DEBUG    | yolo_service:199 | [cam_002] Thời gian xử lý frame 67.93ms
2026-07-02 10:30:02 | DEBUG    | yolo_service:199 | [cam_002] Thời gian xử lý frame 12.03ms
2026-07-02 10:30:02 | DEBUG    | yolo_service:199 | [cam_002] Thời gian xử lý frame 50.96ms
2026-07-02 10:30:02 | DEBUG    | yolo_service:199 | [cam_001] Thời gian xử lý frame 81.44ms
2026-07-02 10:30:02 | DEBUG    | yolo_service:199 | [cam_002] Thời gian xử lý frame 17.81ms
2026-07-02 10:30:02 | DEBUG    | yolo_service:199 | [cam_002] Thời gian xử lý frame 48.02ms
2026-07-02 10:30:02 | DEBUG    | yolo_service:199 | [cam_001] Thời gian xử lý frame 78.28ms
2026-07-02 10:30:02 | DEBUG    | yolo_service:199 | [cam_002] Thời gian xử lý frame 53.20ms
2026-07-02 10:30:02 | DEBUG    | yolo_service:199 | [cam_002] Thời gian xử lý frame 9.66ms
2026-07-02 10:30:02 | DEBUG    | yolo_service:199 | [cam_001] Thời gian xử lý frame 74.70ms
2026-07-02 10:30:02 | DEBUG    | yolo_service:199 | [cam_002] Thời gian xử lý frame 50.18ms
2026-07-02 10:30:02 | DEBUG    | yolo_service:199 | [cam_002] Thời gian xử lý frame 55.23ms
2026-07-02 10:30:02 | DEBUG    | yolo_service:199 | [cam_002] Thời gian xử lý frame 49.86ms
2026-07-02 10:30:02 | DEBUG    | yolo_service:199 | [cam_001] Thời gian xử lý frame 157.28ms
2026-07-02 10:30:02 | DEBUG    | yolo_service:199 | [cam_001] Thời gian xử lý frame 21.27ms
2026-07-02 10:30:02 | DEBUG    | yolo_service:199 | [cam_002] Thời gian xử lý frame 63.27ms
2026-07-02 10:30:02 | DEBUG    | yolo_service:199 | [cam_002] Thời gian xử lý frame 12.93ms
2026-07-02 10:30:02 | DEBUG    | yolo_service:199 | [cam_002] Thời gian xử lý frame 14.09ms
2026-07-02 10:30:02 | DEBUG    | yolo_service:199 | [cam_002] Thời gian xử lý frame 58.62ms
2026-07-02 10:30:02 | DEBUG    | yolo_service:199 | [cam_001] Thời gian xử lý frame 86.17ms
2026-07-02 10:30:02 | DEBUG    | yolo_service:199 | [cam_002] Thời gian xử lý frame 9.89ms
2026-07-02 10:30:02 | DEBUG    | yolo_service:199 | [cam_002] Thời gian xử lý frame 50.35ms
2026-07-02 10:30:02 | DEBUG    | yolo_service:199 | [cam_001] Thời gian xử lý frame 77.40ms
2026-07-02 10:30:02 | DEBUG    | yolo_service:199 | [cam_001] Thời gian xử lý frame 9.72ms
2026-07-02 10:30:02 | DEBUG    | yolo_service:199 | [cam_002] Thời gian xử lý frame 55.79ms
2026-07-02 10:30:02 | DEBUG    | yolo_service:199 | [cam_001] Thời gian xử lý frame 80.66ms
2026-07-02 10:30:02 | DEBUG    | yolo_service:199 | [cam_002] Thời gian xử lý frame 54.67ms
2026-07-02 10:30:02 | DEBUG    | yolo_service:199 | [cam_002] Thời gian xử lý frame 54.69ms
2026-07-02 10:30:02 | DEBUG    | yolo_service:199 | [cam_001] Thời gian xử lý frame 80.06ms
2026-07-02 10:30:02 | DEBUG    | yolo_service:199 | [cam_002] Thời gian xử lý frame 60.57ms
2026-07-02 10:30:02 | DEBUG    | yolo_service:199 | [cam_002] Thời gian xử lý frame 9.74ms
2026-07-02 10:30:02 | DEBUG    | yolo_service:199 | [cam_001] Thời gian xử lý frame 79.09ms
2026-07-02 10:30:03 | DEBUG    | yolo_service:199 | [cam_001] Thời gian xử lý frame 10.24ms
2026-07-02 10:30:03 | DEBUG    | yolo_service:199 | [cam_002] Thời gian xử lý frame 54.26ms
2026-07-02 10:30:03 | DEBUG    | yolo_service:199 | [cam_002] Thời gian xử lý frame 54.60ms
2026-07-02 10:30:03 | DEBUG    | yolo_service:199 | [cam_002] Thời gian xử lý frame 14.92ms
2026-07-02 10:30:03 | DEBUG    | yolo_service:199 | [cam_002] Thời gian xử lý frame 59.47ms
2026-07-02 10:30:03 | DEBUG    | yolo_service:199 | [cam_001] Thời gian xử lý frame 147.40ms
2026-07-02 10:30:03 | DEBUG    | yolo_service:199 | [cam_002] Thời gian xử lý frame 9.67ms
2026-07-02 10:30:03 | DEBUG    | yolo_service:199 | [cam_002] Thời gian xử lý frame 49.62ms
2026-07-02 10:30:03 | DEBUG    | yolo_service:199 | [cam_001] Thời gian xử lý frame 82.09ms
2026-07-02 10:30:03 | DEBUG    | yolo_service:199 | [cam_002] Thời gian xử lý frame 49.36ms
2026-07-02 10:30:03 | DEBUG    | yolo_service:199 | [cam_002] Thời gian xử lý frame 61.30ms
2026-07-02 10:30:03 | DEBUG    | yolo_service:199 | [cam_001] Thời gian xử lý frame 87.10ms
2026-07-02 10:30:03 | DEBUG    | yolo_service:199 | [cam_002] Thời gian xử lý frame 15.44ms
2026-07-02 10:30:03 | DEBUG    | yolo_service:199 | [cam_002] Thời gian xử lý frame 52.08ms
2026-07-02 10:30:03 | DEBUG    | yolo_service:199 | [cam_001] Thời gian xử lý frame 74.57ms
2026-07-02 10:30:03 | DEBUG    | yolo_service:199 | [cam_002] Thời gian xử lý frame 17.30ms
2026-07-02 10:30:03 | DEBUG    | yolo_service:199 | [cam_002] Thời gian xử lý frame 57.02ms
2026-07-02 10:30:03 | DEBUG    | yolo_service:199 | [cam_002] Thời gian xử lý frame 56.69ms
2026-07-02 10:30:03 | DEBUG    | yolo_service:199 | [cam_001] Thời gian xử lý frame 144.72ms
2026-07-02 10:30:03 | DEBUG    | yolo_service:199 | [cam_002] Thời gian xử lý frame 58.40ms
2026-07-02 10:30:03 | DEBUG    | yolo_service:199 | [cam_001] Thời gian xử lý frame 82.91ms
2026-07-02 10:30:03 | DEBUG    | yolo_service:199 | [cam_002] Thời gian xử lý frame 50.29ms
2026-07-02 10:30:03 | DEBUG    | yolo_service:199 | [cam_002] Thời gian xử lý frame 52.62ms
2026-07-02 10:30:03 | DEBUG    | yolo_service:199 | [cam_001] Thời gian xử lý frame 76.59ms
2026-07-02 10:30:03 | DEBUG    | yolo_service:199 | [cam_002] Thời gian xử lý frame 55.81ms
2026-07-02 10:30:03 | DEBUG    | yolo_service:199 | [cam_001] Thời gian xử lý frame 80.64ms
2026-07-02 10:30:03 | DEBUG    | yolo_service:199 | [cam_002] Thời gian xử lý frame 55.87ms
2026-07-02 10:30:03 | DEBUG    | yolo_service:199 | [cam_002] Thời gian xử lý frame 12.43ms
2026-07-02 10:30:03 | DEBUG    | yolo_service:199 | [cam_001] Thời gian xử lý frame 91.89ms
2026-07-02 10:30:03 | DEBUG    | yolo_service:199 | [cam_002] Thời gian xử lý frame 68.31ms
2026-07-02 10:30:03 | DEBUG    | yolo_service:199 | [cam_002] Thời gian xử lý frame 16.80ms
2026-07-02 10:30:04 | DEBUG    | yolo_service:199 | [cam_002] Thời gian xử lý frame 215.97ms
2026-07-02 10:30:04 | DEBUG    | yolo_service:199 | [cam_001] Thời gian xử lý frame 237.41ms
2026-07-02 10:30:04 | DEBUG    | yolo_service:199 | [cam_002] Thời gian xử lý frame 11.85ms
2026-07-02 10:30:04 | DEBUG    | yolo_service:199 | [cam_001] Thời gian xử lý frame 10.84ms
2026-07-02 10:30:04 | DEBUG    | yolo_service:199 | [cam_002] Thời gian xử lý frame 52.82ms
2026-07-02 10:30:04 | DEBUG    | yolo_service:199 | [cam_002] Thời gian xử lý frame 8.67ms
2026-07-02 10:30:04 | DEBUG    | yolo_service:199 | [cam_001] Thời gian xử lý frame 77.66ms
2026-07-02 10:30:04 | DEBUG    | heartbeat_service:58 | 💓 Nhịp tim gửi Master: {'server_id': 'SV_004', 'cpu_usage': 43.5, 'has_gpu': True, 'gpu_usage': 0, 'vram_free_gb': 3.47, 'max_cam': 2}
2026-07-02 10:30:04 | DEBUG    | connectionpool:241 | Starting new HTTP connection (1): 10.40.91.11:5000
2026-07-02 10:30:04 | DEBUG    | yolo_service:199 | [cam_002] Thời gian xử lý frame 52.23ms
2026-07-02 10:30:04 | DEBUG    | connectionpool:544 | http://10.40.91.11:5000 "POST /api/heartbeat HTTP/1.1" 200 68
2026-07-02 10:30:04 | DEBUG    | yolo_service:199 | [cam_002] Thời gian xử lý frame 59.56ms
2026-07-02 10:30:04 | DEBUG    | yolo_service:199 | [cam_001] Thời gian xử lý frame 147.87ms
2026-07-02 10:30:04 | DEBUG    | yolo_service:199 | [cam_002] Thời gian xử lý frame 51.62ms
2026-07-02 10:30:04 | DEBUG    | yolo_service:199 | [cam_001] Thời gian xử lý frame 5.85ms
2026-07-02 10:30:04 | DEBUG    | yolo_service:199 | [cam_002] Thời gian xử lý frame 51.29ms
2026-07-02 10:30:04 | DEBUG    | yolo_service:199 | [cam_001] Thời gian xử lý frame 76.19ms
2026-07-02 10:30:04 | DEBUG    | yolo_service:199 | [cam_002] Thời gian xử lý frame 56.10ms
2026-07-02 10:30:04 | DEBUG    | yolo_service:199 | [cam_001] Thời gian xử lý frame 80.42ms
2026-07-02 10:30:04 | DEBUG    | yolo_service:199 | [cam_002] Thời gian xử lý frame 56.59ms
2026-07-02 10:30:04 | DEBUG    | yolo_service:199 | [cam_002] Thời gian xử lý frame 51.86ms
2026-07-02 10:30:04 | DEBUG    | yolo_service:199 | [cam_001] Thời gian xử lý frame 74.04ms
2026-07-02 10:30:04 | DEBUG    | yolo_service:199 | [cam_002] Thời gian xử lý frame 64.39ms
2026-07-02 10:30:04 | DEBUG    | yolo_service:199 | [cam_002] Thời gian xử lý frame 11.20ms
2026-07-02 10:30:04 | DEBUG    | yolo_service:199 | [cam_002] Thời gian xử lý frame 59.26ms
2026-07-02 10:30:04 | DEBUG    | yolo_service:199 | [cam_002] Thời gian xử lý frame 10.13ms
2026-07-02 10:30:04 | DEBUG    | yolo_service:199 | [cam_001] Thời gian xử lý frame 140.25ms
2026-07-02 10:30:04 | DEBUG    | yolo_service:199 | [cam_002] Thời gian xử lý frame 50.97ms
2026-07-02 10:30:04 | DEBUG    | yolo_service:199 | [cam_001] Thời gian xử lý frame 73.34ms
2026-07-02 10:30:04 | DEBUG    | yolo_service:199 | [cam_002] Thời gian xử lý frame 49.12ms
2026-07-02 10:30:04 | DEBUG    | yolo_service:199 | [cam_002] Thời gian xử lý frame 50.43ms
2026-07-02 10:30:04 | DEBUG    | yolo_service:199 | [cam_002] Thời gian xử lý frame 10.28ms
2026-07-02 10:30:04 | DEBUG    | yolo_service:199 | [cam_002] Thời gian xử lý frame 57.88ms
2026-07-02 10:30:04 | DEBUG    | yolo_service:199 | [cam_001] Thời gian xử lý frame 146.80ms
2026-07-02 10:30:04 | DEBUG    | yolo_service:199 | [cam_002] Thời gian xử lý frame 51.42ms
2026-07-02 10:30:05 | DEBUG    | yolo_service:199 | [cam_001] Thời gian xử lý frame 76.14ms
2026-07-02 10:30:05 | DEBUG    | yolo_service:199 | [cam_002] Thời gian xử lý frame 56.22ms
2026-07-02 10:30:05 | DEBUG    | yolo_service:199 | [cam_002] Thời gian xử lý frame 56.18ms
2026-07-02 10:30:05 | DEBUG    | yolo_service:199 | [cam_001] Thời gian xử lý frame 76.73ms
2026-07-02 10:30:05 | DEBUG    | yolo_service:199 | [cam_002] Thời gian xử lý frame 10.02ms
2026-07-02 10:30:05 | DEBUG    | yolo_service:199 | [cam_002] Thời gian xử lý frame 55.42ms
2026-07-02 10:30:05 | DEBUG    | yolo_service:199 | [cam_002] Thời gian xử lý frame 54.04ms
2026-07-02 10:30:05 | DEBUG    | yolo_service:199 | [cam_002] Thời gian xử lý frame 8.34ms
2026-07-02 10:30:05 | DEBUG    | yolo_service:199 | [cam_001] Thời gian xử lý frame 145.95ms
2026-07-02 10:30:05 | DEBUG    | yolo_service:199 | [cam_002] Thời gian xử lý frame 50.11ms
2026-07-02 10:30:05 | DEBUG    | yolo_service:199 | [cam_001] Thời gian xử lý frame 85.78ms
2026-07-02 10:30:05 | DEBUG    | yolo_service:199 | [cam_002] Thời gian xử lý frame 53.90ms
2026-07-02 10:30:05 | DEBUG    | yolo_service:199 | [cam_001] Thời gian xử lý frame 9.94ms
2026-07-02 10:30:05 | DEBUG    | yolo_service:199 | [cam_002] Thời gian xử lý frame 15.01ms
2026-07-02 10:30:05 | DEBUG    | yolo_service:199 | [cam_002] Thời gian xử lý frame 56.05ms
2026-07-02 10:30:05 | DEBUG    | yolo_service:199 | [cam_001] Thời gian xử lý frame 76.46ms
2026-07-02 10:30:05 | DEBUG    | yolo_service:199 | [cam_002] Thời gian xử lý frame 51.83ms
2026-07-02 10:30:05 | DEBUG    | yolo_service:199 | [cam_001] Thời gian xử lý frame 75.97ms
2026-07-02 10:30:05 | DEBUG    | yolo_service:199 | [cam_002] Thời gian xử lý frame 52.19ms
2026-07-02 10:30:05 | DEBUG    | yolo_service:199 | [cam_002] Thời gian xử lý frame 57.43ms
2026-07-02 10:30:05 | DEBUG    | yolo_service:199 | [cam_001] Thời gian xử lý frame 82.68ms
2026-07-02 10:30:05 | DEBUG    | yolo_service:199 | [cam_001] Thời gian xử lý frame 12.45ms
2026-07-02 10:30:05 | DEBUG    | yolo_service:199 | [cam_002] Thời gian xử lý frame 53.27ms
2026-07-02 10:30:05 | DEBUG    | yolo_service:199 | [cam_002] Thời gian xử lý frame 50.27ms
2026-07-02 10:30:05 | DEBUG    | yolo_service:199 | [cam_002] Thời gian xử lý frame 66.20ms
2026-07-02 10:30:05 | DEBUG    | yolo_service:199 | [cam_001] Thời gian xử lý frame 155.32ms
2026-07-02 10:30:05 | DEBUG    | yolo_service:199 | [cam_002] Thời gian xử lý frame 18.46ms
2026-07-02 10:30:05 | DEBUG    | yolo_service:199 | [cam_002] Thời gian xử lý frame 54.28ms
2026-07-02 10:30:05 | DEBUG    | yolo_service:199 | [cam_002] Thời gian xử lý frame 10.37ms
2026-07-02 10:30:05 | DEBUG    | yolo_service:199 | [cam_001] Thời gian xử lý frame 81.40ms
2026-07-02 10:30:05 | DEBUG    | yolo_service:199 | [cam_002] Thời gian xử lý frame 51.78ms
2026-07-02 10:30:05 | DEBUG    | yolo_service:199 | [cam_001] Thời gian xử lý frame 76.13ms
2026-07-02 10:30:05 | DEBUG    | yolo_service:199 | [cam_002] Thời gian xử lý frame 52.39ms
2026-07-02 10:30:06 | DEBUG    | yolo_service:199 | [cam_001] Thời gian xử lý frame 84.81ms
2026-07-02 10:30:06 | DEBUG    | yolo_service:199 | [cam_002] Thời gian xử lý frame 59.30ms
2026-07-02 10:30:06 | DEBUG    | yolo_service:199 | [cam_002] Thời gian xử lý frame 49.59ms
2026-07-02 10:30:06 | DEBUG    | yolo_service:199 | [cam_001] Thời gian xử lý frame 82.89ms
2026-07-02 10:30:06 | DEBUG    | yolo_service:199 | [cam_002] Thời gian xử lý frame 56.85ms
2026-07-02 10:30:06 | DEBUG    | yolo_service:199 | [cam_002] Thời gian xử lý frame 15.46ms
2026-07-02 10:30:06 | DEBUG    | yolo_service:199 | [cam_001] Thời gian xử lý frame 77.07ms
2026-07-02 10:30:06 | DEBUG    | yolo_service:199 | [cam_002] Thời gian xử lý frame 54.60ms
2026-07-02 10:30:06 | DEBUG    | yolo_service:199 | [cam_002] Thời gian xử lý frame 50.08ms
2026-07-02 10:30:06 | DEBUG    | yolo_service:199 | [cam_001] Thời gian xử lý frame 80.49ms
2026-07-02 10:30:06 | DEBUG    | yolo_service:199 | [cam_002] Thời gian xử lý frame 49.54ms
2026-07-02 10:30:06 | DEBUG    | yolo_service:199 | [cam_001] Thời gian xử lý frame 77.43ms
2026-07-02 10:30:06 | DEBUG    | yolo_service:199 | [cam_002] Thời gian xử lý frame 59.50ms
2026-07-02 10:30:06 | DEBUG    | yolo_service:199 | [cam_002] Thời gian xử lý frame 14.55ms
2026-07-02 10:30:06 | DEBUG    | yolo_service:199 | [cam_001] Thời gian xử lý frame 76.74ms
2026-07-02 10:30:06 | DEBUG    | yolo_service:199 | [cam_002] Thời gian xử lý frame 55.72ms
2026-07-02 10:30:06 | DEBUG    | yolo_service:199 | [cam_002] Thời gian xử lý frame 51.96ms
2026-07-02 10:30:06 | DEBUG    | yolo_service:199 | [cam_002] Thời gian xử lý frame 52.93ms
2026-07-02 10:30:06 | DEBUG    | yolo_service:199 | [cam_001] Thời gian xử lý frame 144.52ms
2026-07-02 10:30:06 | DEBUG    | yolo_service:199 | [cam_002] Thời gian xử lý frame 54.22ms
2026-07-02 10:30:06 | DEBUG    | yolo_service:199 | [cam_001] Thời gian xử lý frame 84.75ms
2026-07-02 10:30:06 | DEBUG    | yolo_service:199 | [cam_002] Thời gian xử lý frame 59.16ms
2026-07-02 10:30:06 | DEBUG    | yolo_service:199 | [cam_002] Thời gian xử lý frame 12.79ms
2026-07-02 10:30:06 | DEBUG    | yolo_service:199 | [cam_002] Thời gian xử lý frame 59.41ms
2026-07-02 10:30:06 | DEBUG    | yolo_service:199 | [cam_001] Thời gian xử lý frame 80.48ms
2026-07-02 10:30:06 | DEBUG    | yolo_service:199 | [cam_002] Thời gian xử lý frame 14.82ms
2026-07-02 10:30:06 | DEBUG    | yolo_service:199 | [cam_002] Thời gian xử lý frame 57.20ms
2026-07-02 10:30:06 | DEBUG    | yolo_service:199 | [cam_001] Thời gian xử lý frame 78.71ms
2026-07-02 10:30:06 | DEBUG    | yolo_service:199 | [cam_002] Thời gian xử lý frame 13.20ms
2026-07-02 10:30:06 | DEBUG    | yolo_service:199 | [cam_002] Thời gian xử lý frame 61.43ms
2026-07-02 10:30:06 | DEBUG    | yolo_service:199 | [cam_002] Thời gian xử lý frame 52.95ms
2026-07-02 10:30:06 | DEBUG    | yolo_service:199 | [cam_002] Thời gian xử lý frame 11.97ms
2026-07-02 10:30:06 | DEBUG    | yolo_service:199 | [cam_001] Thời gian xử lý frame 146.37ms
2026-07-02 10:30:06 | DEBUG    | yolo_service:199 | [cam_001] Thời gian xử lý frame 8.75ms
2026-07-02 10:30:06 | DEBUG    | yolo_service:199 | [cam_002] Thời gian xử lý frame 52.84ms
2026-07-02 10:30:07 | DEBUG    | yolo_service:199 | [cam_001] Thời gian xử lý frame 76.90ms
2026-07-02 10:30:07 | DEBUG    | yolo_service:199 | [cam_002] Thời gian xử lý frame 51.15ms
2026-07-02 10:30:07 | DEBUG    | yolo_service:199 | [cam_002] Thời gian xử lý frame 52.09ms
2026-07-02 10:30:07 | DEBUG    | yolo_service:199 | [cam_002] Thời gian xử lý frame 55.09ms
2026-07-02 10:30:07 | DEBUG    | yolo_service:199 | [cam_001] Thời gian xử lý frame 151.92ms
2026-07-02 10:30:07 | DEBUG    | yolo_service:199 | [cam_002] Thời gian xử lý frame 63.79ms
2026-07-02 10:30:07 | DEBUG    | yolo_service:199 | [cam_002] Thời gian xử lý frame 14.24ms
2026-07-02 10:30:07 | DEBUG    | yolo_service:199 | [cam_002] Thời gian xử lý frame 11.60ms
2026-07-02 10:30:07 | DEBUG    | yolo_service:199 | [cam_002] Thời gian xử lý frame 51.58ms
2026-07-02 10:30:07 | DEBUG    | yolo_service:199 | [cam_002] Thời gian xử lý frame 54.41ms
2026-07-02 10:30:07 | DEBUG    | yolo_service:199 | [cam_001] Thời gian xử lý frame 158.46ms
2026-07-02 10:30:07 | DEBUG    | yolo_service:199 | [cam_002] Thời gian xử lý frame 26.29ms
2026-07-02 10:30:07 | DEBUG    | yolo_service:199 | [cam_002] Thời gian xử lý frame 60.59ms
2026-07-02 10:30:07 | DEBUG    | yolo_service:199 | [cam_001] Thời gian xử lý frame 77.18ms
2026-07-02 10:30:07 | DEBUG    | yolo_service:199 | [cam_002] Thời gian xử lý frame 53.02ms
2026-07-02 10:30:07 | DEBUG    | yolo_service:199 | [cam_002] Thời gian xử lý frame 11.56ms
2026-07-02 10:30:07 | DEBUG    | yolo_service:199 | [cam_001] Thời gian xử lý frame 78.96ms
2026-07-02 10:30:07 | DEBUG    | yolo_service:199 | [cam_002] Thời gian xử lý frame 94.85ms
2026-07-02 10:30:07 | DEBUG    | yolo_service:199 | [cam_002] Thời gian xử lý frame 45.93ms
2026-07-02 10:30:07 | DEBUG    | yolo_service:199 | [cam_001] Thời gian xử lý frame 139.68ms
2026-07-02 10:30:07 | DEBUG    | yolo_service:199 | [cam_002] Thời gian xử lý frame 37.03ms
2026-07-02 10:30:07 | DEBUG    | yolo_service:199 | [cam_002] Thời gian xử lý frame 15.00ms
2026-07-02 10:30:07 | DEBUG    | yolo_service:199 | [cam_002] Thời gian xử lý frame 86.78ms
2026-07-02 10:30:07 | DEBUG    | yolo_service:199 | [cam_001] Thời gian xử lý frame 117.65ms
2026-07-02 10:30:07 | DEBUG    | yolo_service:199 | [cam_002] Thời gian xử lý frame 37.28ms
2026-07-02 10:30:07 | DEBUG    | yolo_service:199 | [cam_001] Thời gian xử lý frame 46.45ms
2026-07-02 10:30:07 | DEBUG    | yolo_service:199 | [cam_002] Thời gian xử lý frame 27.61ms
2026-07-02 10:30:07 | DEBUG    | yolo_service:199 | [cam_002] Thời gian xử lý frame 17.20ms
2026-07-02 10:30:08 | DEBUG    | yolo_service:199 | [cam_001] Thời gian xử lý frame 289.76ms
2026-07-02 10:30:08 | DEBUG    | yolo_service:199 | [cam_002] Thời gian xử lý frame 262.46ms
2026-07-02 10:30:08 | DEBUG    | yolo_service:199 | [cam_001] Thời gian xử lý frame 14.84ms
2026-07-02 10:30:08 | DEBUG    | yolo_service:199 | [cam_002] Thời gian xử lý frame 19.42ms
